id,category,category_slug,difficulty,question,option_a,option_b,option_c,option_d,correct_answer,points,time_limit,explanation,tags
cmr-0001,Cameroun,cameroun,moyen,Quelle personnalite camerounaise est connue pour avoir cree une startup camerounaise de drones civils ?,Ernest Ouandie,William Elong,Le sultan Njoya,Churchill Mambe,B,200,25,Il s'agit de William Elong.,"cameroun,personnalites"
cmr-0002,Cameroun,cameroun,moyen,Le departement du Mvila appartient a quelle region ?,Centre,Nord-Ouest,Sud,Sud-Ouest,C,200,25,Le Mvila se situe dans la region : Sud.,"cameroun,geographie,departements"
cmr-0003,Cameroun,cameroun,moyen,Dans quel secteur d'activite intervient Kiro'o Games ?,Les eaux minerales,La telephonie mobile,Les telecommunications,Le jeu video,D,200,25,Kiro'o Games est le studio camerounais createur d'Aurion.,"cameroun,economie,entreprises"
cmr-0004,Cameroun,cameroun,challenge,Quel est le chef-lieu du departement du Djerem ?,Tchollire,Tibati,Bafia,Garoua,B,300,30,"Tibati est le chef-lieu du Djerem, dans la region : Adamaoua.","cameroun,geographie,departements"
cmr-0005,Cameroun,cameroun,moyen,Dans quel secteur d'activite intervient Nexttel ?,Les telecommunications,La telephonie mobile,Le raffinage petrolier,L'agroalimentaire,B,200,25,Nexttel est le troisieme operateur mobile du pays.,"cameroun,economie,entreprises"
cmr-0006,Cameroun,cameroun,moyen,Dans quel secteur d'activite intervient Express Union ?,L'agro-industrie,Le transfert d'argent,La distribution de carburants,Les eaux minerales,B,200,25,Express Union est un reseau camerounais de transfert d'argent.,"cameroun,economie,entreprises"
cmr-0007,Cameroun,cameroun,facile,Quel animal emblematique peut-on observer au parc de Waza ?,Le pingouin,L'ours polaire,Le kangourou,L'elephant,D,100,20,"Waza abrite elephants, lions et antilopes.","cameroun,divers"
cmr-0008,Cameroun,cameroun,facile,Quel est le chef-lieu de la region de l'Extreme-Nord ?,Ebolowa,Yaounde,Ngaoundere,Maroua,D,100,20,Maroua est le chef-lieu de la region de l'Extreme-Nord.,"cameroun,geographie,regions"
cmr-0009,Cameroun,cameroun,challenge,Quel est le chef-lieu du departement du Moungo ?,Ambam,Akonolinga,Banyo,Nkongsamba,D,300,30,"Nkongsamba est le chef-lieu du Moungo, dans la region : Littoral.","cameroun,geographie,departements"
cmr-0010,Cameroun,cameroun,challenge,Quel age avait Roger Milla lorsqu'il a marque a la Coupe du monde 1994 ?,48 ans,32 ans,36 ans,42 ans,D,300,30,Il reste le plus vieux buteur de l'histoire de la Coupe du monde.,"cameroun,personnalites,sport,culture"
cmr-0011,Cameroun,cameroun,moyen,Dans quel domaine Vincent Aboubakar s'est-il ou s'est-elle illustre(e) ?,Le cinema,Le football,La politique,L'athletisme,B,200,25,Vincent Aboubakar est connu(e) pour avoir inscrit le but victorieux de la CAN 2017.,"cameroun,personnalites"
cmr-0012,Cameroun,cameroun,moyen,Le departement du Faro-et-Deo appartient a quelle region ?,Littoral,Nord,Sud,Adamaoua,D,200,25,Le Faro-et-Deo se situe dans la region : Adamaoua.,"cameroun,geographie,departements"
cmr-0013,Cameroun,cameroun,moyen,Dans quelle region du Cameroun les Toupouri sont-ils principalement etablis ?,Le Littoral,Le Sud-Ouest,L'Extreme-Nord,Le Centre,C,200,25,Les Toupouri vivent principalement dans cette region.,"cameroun,peuples,langues"
cmr-0014,Cameroun,cameroun,moyen,Le departement du Mayo-Danay appartient a quelle region ?,Littoral,Extreme-Nord,Adamaoua,Sud-Ouest,B,200,25,Le Mayo-Danay se situe dans la region : Extreme-Nord.,"cameroun,geographie,departements"
cmr-0015,Cameroun,cameroun,moyen,Dans quelle region du Cameroun se trouve la ville de Monatele ?,Nord-Ouest,Centre,Sud-Ouest,Ouest,B,200,25,Monatele est situee dans la region : Centre.,"cameroun,geographie,villes"
cmr-0016,Cameroun,cameroun,moyen,Dans quel secteur d'activite intervient la SOSUCAM ?,Les telecommunications,Les hydrocarbures,Le sucre,Le transfert d'argent,C,200,25,La SOSUCAM est la societe sucriere implantee a Mbandjock et Nkoteng.,"cameroun,economie,entreprises"
cmr-0017,Cameroun,cameroun,challenge,Quel est le chef-lieu du departement du Faro ?,Banyo,Mokolo,Poli,Tchollire,C,300,30,"Poli est le chef-lieu du Faro, dans la region : Nord.","cameroun,geographie,departements"
cmr-0018,Cameroun,cameroun,challenge,Dans quelle ville se trouve le siege de la BEAC ?,Douala,Libreville,Bangui,Yaounde,D,300,30,Le siege de la BEAC est a Yaounde.,"cameroun,institutions,symboles"
cmr-0019,Cameroun,cameroun,moyen,Le departement du Wouri appartient a quelle region ?,Centre,Littoral,Adamaoua,Extreme-Nord,B,200,25,Le Wouri se situe dans la region : Littoral.,"cameroun,geographie,departements"
cmr-0020,Cameroun,cameroun,challenge,Quel est le chef-lieu du departement du Logone-et-Chari ?,Menji,Maroua,Kousseri,Poli,C,300,30,"Kousseri est le chef-lieu du Logone-et-Chari, dans la region : Extreme-Nord.","cameroun,geographie,departements"
cmr-0021,Cameroun,cameroun,moyen,Quelle industrie d'Edea transforme l'alumine importee en aluminium ?,CAMRAIL,SOSUCAM,CICAM,ALUCAM,D,200,25,ALUCAM profite de l'energie du barrage de Song Loulou.,"cameroun,economie"
cmr-0022,Cameroun,cameroun,moyen,Quel surnom porte l'equipe nationale feminine de football du Cameroun ?,Les Etoiles,Les Lionnes Indomptables,Les Panthers,Les Gazelles,B,200,25,Les Lionnes Indomptables ont dispute plusieurs Coupes du monde.,"cameroun,personnalites,sport,culture"
cmr-0023,Cameroun,cameroun,facile,Quelle entreprise camerounaise correspond a cette description : un operateur mobile et de mobile money ?,la BICEC,Orange Cameroun,Afriland First Bank,Chococam,B,100,20,Il s'agit de Orange Cameroun.,"cameroun,economie,entreprises"
cmr-0024,Cameroun,cameroun,challenge,Que designe la marque camerounaise Camtel Blue ?,Un service de telecommunication,Une biere,Une pate a tartiner,Une boisson maltee sans alcool,A,300,30,Camtel Blue : il est propose par l'operateur historique CAMTEL.,"cameroun,marques"
cmr-0025,Cameroun,cameroun,facile,Le mont Cameroun est un volcan situe dans quelle region ?,Le Sud-Ouest,L'Ouest,Le Nord-Ouest,Le Littoral,A,100,20,"Il domine la ville de Buea, dans le departement du Fako.","cameroun,geographie"
cmr-0026,Cameroun,cameroun,challenge,Quelle personnalite camerounaise est connue pour avoir conduit le Southern Cameroons vers la reunification de 1961 ?,Eric Maxim Choupo-Moting,John Ngu Foncha,Locko,Jean-Marie Teno,B,300,30,Il s'agit de John Ngu Foncha.,"cameroun,personnalites"
cmr-0027,Cameroun,cameroun,facile,Dans quel secteur d'activite intervient ENEO ?,La protection sociale,Le raffinage petrolier,La telephonie mobile,L'electricite,D,100,20,ENEO est le principal distributeur d'electricite du pays.,"cameroun,economie,entreprises"
cmr-0028,Cameroun,cameroun,challenge,Dans quelle partie du Cameroun l'igname est-il ou est-elle principalement cultive(e) ?,L'Adamaoua,Le Grand Nord,Le Littoral et le Sud-Ouest,Le Centre,B,300,30,Pour l'igname : elle est notamment cultivee autour de Tibati et du Mbam.,"cameroun,economie,agriculture"
cmr-0029,Cameroun,cameroun,moyen,Combien de departements compte la region : Nord ?,4,3,7,5,A,200,25,La region : Nord compte 4 departements.,"cameroun,geographie,regions"
cmr-0030,Cameroun,cameroun,moyen,Quel stade de Yaounde a accueilli des matchs de la CAN 2021 ?,Le stade Reunification de Douala,Le stade de Limbe uniquement,Le stade de Bafoussam uniquement,Le stade Olembe,D,200,25,"Le stade Olembe, aussi appele stade Paul Biya.","cameroun,personnalites,sport,culture"
cmr-0031,Cameroun,cameroun,challenge,Dans quel domaine James Onobiono s'est-il ou s'est-elle illustre(e) ?,La mode,Le football,Les affaires et l'entrepreneuriat,La politique,C,300,30,James Onobiono est connu(e) pour avoir dirige un grand groupe industriel camerounais.,"cameroun,personnalites"
cmr-0032,Cameroun,cameroun,challenge,Quel est le chef-lieu du departement du Ngo-Ketunjia ?,Wum,Bangangte,Kribi,Ndop,D,300,30,"Ndop est le chef-lieu du Ngo-Ketunjia, dans la region : Nord-Ouest.","cameroun,geographie,departements"
cmr-0033,Cameroun,cameroun,moyen,Dans quel domaine Ben Decca s'est-il ou s'est-elle illustre(e) ?,La musique,Le football,La politique,L'athletisme,A,200,25,Ben Decca est connu(e) pour etre une grande voix du makossa.,"cameroun,personnalites"
cmr-0034,Cameroun,cameroun,challenge,Quelle personnalite camerounaise est connue pour avoir represente le Cameroun en saut ?,Hortense Bewouda,Werewere Liking,Roger Milla,Daphne,A,300,30,Il s'agit de Hortense Bewouda.,"cameroun,personnalites"
cmr-0035,Cameroun,cameroun,moyen,Ou se situe la Republique centrafricaine par rapport au Cameroun ?,au sud-est,a l'est,au sud,au nord-est,B,200,25,La Republique centrafricaine borde le Cameroun a l'est.,"cameroun,geographie,frontieres"
cmr-0036,Cameroun,cameroun,facile,Que signifie l'expression portugaise Rio dos Camaroes a l'origine du nom Cameroun ?,La baie des palmiers,La riviere des crevettes,Le fleuve des lions,Le port des epices,B,100,20,Les Portugais avaient trouve le Wouri rempli de crevettes.,"cameroun,histoire"
cmr-0037,Cameroun,cameroun,moyen,De quelle ville camerounaise le club de football Tonnerre Kalara Club est-il originaire ?,Yaounde,Ngoumou,Limbe,Baham,A,200,25,"Tonnerre Kalara Club est base a Yaounde, dans la region : Le Centre.","cameroun,sport"
cmr-0038,Cameroun,cameroun,moyen,De quelle region du Cameroun l'achu est-il originaire ou le plus consomme ?,L'Est,Le Nord-Ouest,L'Ouest,Le Nord,B,200,25,L'achu est surtout associe a cette region.,"cameroun,gastronomie"
cmr-0039,Cameroun,cameroun,moyen,Quelle est la premiere universite creee au Cameroun ?,L'Universite de Buea,L'Universite de Douala,L'Universite de Yaounde,L'Universite de Dschang,C,200,25,L'Universite federale de Yaounde a ete creee en 1962.,"cameroun,culture"
cmr-0040,Cameroun,cameroun,challenge,Quel est le chef-lieu du departement du Hauts-Plateaux ?,Poli,Yokadouma,Baham,Kumba,C,300,30,"Baham est le chef-lieu du Hauts-Plateaux, dans la region : Ouest.","cameroun,geographie,departements"
cmr-0041,Cameroun,cameroun,moyen,Dans quelle region du Cameroun les Ewondo sont-ils principalement etablis ?,L'Ouest,L'Adamaoua,Le Centre,L'Est,C,200,25,Les Ewondo vivent principalement dans cette region.,"cameroun,peuples,langues"
cmr-0042,Cameroun,cameroun,challenge,Dans quel domaine Werewere Liking s'est-il ou s'est-elle illustre(e) ?,La technologie,La lutte contre la colonisation,Le cinema,La litterature,D,300,30,"Werewere Liking est connu(e) pour etre ecrivaine, dramaturge et fondatrice du village Ki-Yi.","cameroun,personnalites"
cmr-0043,Cameroun,cameroun,facile,Quelle affirmation est exacte a propos du plantain au Cameroun ?,"En resume, il beneficie d'une indication geographique protegee","En resume, elle est notamment cultivee autour de Tibati et du Mbam","En resume, il est encadre par la SODECOTON","En resume, il accompagne de nombreux plats camerounais",D,100,20,Pour le plantain : il accompagne de nombreux plats camerounais.,"cameroun,economie,agriculture"
cmr-0044,Cameroun,cameroun,facile,Quel grand lac borde l'extreme nord du Cameroun ?,Le lac Victoria,Le lac Tanganyika,Le lac Kivu,Le lac Tchad,D,100,20,Le Cameroun est l'un des quatre pays riverains du lac Tchad.,"cameroun,geographie"
cmr-0045,Cameroun,cameroun,moyen,Quelle organisation patronale regroupe les grandes entreprises camerounaises ?,L'ARMP,Le GICAM,Le SYNDUSTRICAM uniquement,La CONAC,B,200,25,Le Groupement inter-patronal du Cameroun.,"cameroun,institutions,symboles"
cmr-0046,Cameroun,cameroun,moyen,Quelles sont les trois regions septentrionales du Cameroun ?,"Est, Nord et Littoral","Adamaoua, Nord et Extreme-Nord","Adamaoua, Est et Sud","Nord, Ouest et Centre",B,200,25,"Le Grand Nord regroupe l'Adamaoua, le Nord et l'Extreme-Nord.","cameroun,geographie"
cmr-0047,Cameroun,cameroun,moyen,Dans quelle region du Cameroun les Mafa sont-ils principalement etablis ?,L'Est,L'Extreme-Nord,Le Centre,Le Sud-Ouest,B,200,25,Les Mafa vivent principalement dans cette region.,"cameroun,peuples,langues"
cmr-0048,Cameroun,cameroun,challenge,Combien d'universites d'Etat le Cameroun compte-t-il aujourd'hui ?,Onze,Vingt,Trois,Six,A,300,30,"Aux huit universites historiques se sont ajoutees Bertoua, Ebolowa et Garoua.","cameroun,culture"
cmr-0049,Cameroun,cameroun,moyen,"Quelle personnalite camerounaise est connue pour avoir ete un gardien legendaire, double Ballon d'or africain ?",Ruben Um Nyobe,Arthur Zang,Salatiel,Thomas N'Kono,D,200,25,Il s'agit de Thomas N'Kono.,"cameroun,personnalites"
cmr-0050,Cameroun,cameroun,facile,Quelle langue officielle est la plus parlee dans la region du Centre ?,L'arabe,L'espagnol,Le francais,Le portugais,C,100,20,Le Centre est une region francophone.,"cameroun,culture-generale"
cmr-0051,Cameroun,cameroun,moyen,Dans quelle region du Cameroun se trouve la ville de Idenau ?,Adamaoua,Sud-Ouest,Littoral,Ouest,B,200,25,Idenau est situee dans la region : Sud-Ouest.,"cameroun,geographie,villes"
cmr-0052,Cameroun,cameroun,moyen,Quel est l'ingredient principal utilise pour preparer le miondo ?,"la morelle noire, un legume-feuille",le manioc fermente en petits batons,la seve du palmier,les feuilles de gnetum,B,200,25,Le miondo se prepare avec le manioc fermente en petits batons.,"cameroun,gastronomie"
cmr-0053,Cameroun,cameroun,challenge,De quelle region du Cameroun le bongo chobi est-il originaire ou le plus consomme ?,Le Nord,L'Ouest,Le Littoral,Le Centre,C,300,30,Le bongo chobi est surtout associe a cette region.,"cameroun,gastronomie"
cmr-0054,Cameroun,cameroun,moyen,Le departement du Boumba-et-Ngoko appartient a quelle region ?,Nord,Est,Ouest,Littoral,B,200,25,Le Boumba-et-Ngoko se situe dans la region : Est.,"cameroun,geographie,departements"
cmr-0055,Cameroun,cameroun,facile,La ville de Maroua est le chef-lieu de quelle region du Cameroun ?,Littoral,Extreme-Nord,Adamaoua,Sud,B,100,20,Maroua est le chef-lieu de la region : Extreme-Nord.,"cameroun,geographie,regions"
cmr-0056,Cameroun,cameroun,moyen,Comment s'appelait le Cameroun a l'epoque de la colonisation allemande ?,Neu-Afrika,Kamerun,Deutsch-Guinea,Kamerland,B,200,25,Le territoire etait nomme Kamerun.,"cameroun,histoire"
cmr-0057,Cameroun,cameroun,challenge,Quel primate rare vit dans les forets du Sud-Ouest camerounais ?,Le panda,Le gorille de la Cross River,L'orang-outan,Le lemurien,B,300,30,Le gorille de la Cross River est menace d'extinction.,"cameroun,divers"
cmr-0058,Cameroun,cameroun,moyen,De quelle region du Cameroun le mbongo tchobi est-il originaire ou le plus consomme ?,Le Sud,Le Littoral,L'Extreme-Nord,Le Nord,B,200,25,Le mbongo tchobi est surtout associe a cette region.,"cameroun,gastronomie"
cmr-0059,Cameroun,cameroun,moyen,Dans quelle region du Cameroun se trouve la ville de Banyo ?,Sud,Extreme-Nord,Adamaoua,Sud-Ouest,C,200,25,Banyo est situee dans la region : Adamaoua.,"cameroun,geographie,villes"
cmr-0060,Cameroun,cameroun,challenge,Quel est le chef-lieu du departement du Bui ?,Mokolo,Kumbo,Kaele,Douala,B,300,30,"Kumbo est le chef-lieu du Bui, dans la region : Nord-Ouest.","cameroun,geographie,departements"
cmr-0061,Cameroun,cameroun,moyen,Dans quelle region du Cameroun se trouve la ville de Dschang ?,Ouest,Est,Nord-Ouest,Nord,A,200,25,Dschang est situee dans la region : Ouest.,"cameroun,geographie,villes"
cmr-0062,Cameroun,cameroun,moyen,Dans quelle region du Cameroun se trouve la ville de Tignere ?,Ouest,Sud,Centre,Adamaoua,D,200,25,Tignere est situee dans la region : Adamaoua.,"cameroun,geographie,villes"
cmr-0063,Cameroun,cameroun,moyen,Quelle affirmation est exacte a propos du poivre de Penja au Cameroun ?,"En resume, il pousse sur les hautes terres","En resume, il sert a preparer bobolo, gari et miondo","En resume, il pousse en zone chaude et humide","En resume, il beneficie d'une indication geographique protegee",D,200,25,Pour le poivre de Penja : il beneficie d'une indication geographique protegee.,"cameroun,economie,agriculture"
cmr-0064,Cameroun,cameroun,challenge,Quel est le chef-lieu du departement du Mfoundi ?,Mfou,Dschang,Wum,Yaounde,D,300,30,"Yaounde est le chef-lieu du Mfoundi, dans la region : Centre.","cameroun,geographie,departements"
cmr-0065,Cameroun,cameroun,facile,Quelle ville du Nord-Ouest est la plus grande de sa region ?,Ndop,Kumbo,Bamenda,Wum,C,100,20,Bamenda est le chef-lieu du Nord-Ouest.,"cameroun,culture-generale"
cmr-0066,Cameroun,cameroun,challenge,Quels deux produits camerounais beneficient d'une indication geographique protegee reconnue ?,Le poivre de Penja et le miel blanc d'Oku,Le cacao de Kribi et le the de Buea,Le safou de Bafia et l'ananas de Loum,Le riz de Yagoua et le mais de Ndop,A,300,30,Ces deux produits ont obtenu une IGP reconnue a l'international.,"cameroun,economie"
cmr-0067,Cameroun,cameroun,moyen,Quel service national assure la distribution du courrier au Cameroun ?,CAMRAIL,CAMWATER,CAMPOST,CAMTEL,C,200,25,La Cameroon Postal Services gere le courrier.,"cameroun,divers"
cmr-0068,Cameroun,cameroun,facile,Quelle entreprise fournit l'eau potable dans les villes camerounaises ?,CAMPOST,ENEO,CAMWATER,CAMTEL,C,100,20,CAMWATER assure la production et la distribution d'eau.,"cameroun,culture-generale"
cmr-0069,Cameroun,cameroun,facile,Dans quel secteur d'activite intervient MTN Cameroon ?,La distribution et la quincaillerie,Le transport ferroviaire,Les telecommunications,La telephonie mobile,D,100,20,MTN Cameroon est un operateur mobile et de mobile money.,"cameroun,economie,entreprises"
cmr-0070,Cameroun,cameroun,challenge,Quelle personnalite camerounaise est connue pour avoir fonde Afriland First Bank ?,Paul Kammogne Fokam,Vincent Aboubakar,William Elong,Martin-Paul Samba,A,300,30,Il s'agit de Paul Kammogne Fokam.,"cameroun,personnalites"
cmr-0071,Cameroun,cameroun,facile,Quelle ville est consideree comme la capitale economique du Cameroun ?,Bamenda,Kribi,Yaounde,Douala,D,100,20,"Douala concentre le port, les industries et les sieges d'entreprises.","cameroun,economie"
cmr-0072,Cameroun,cameroun,challenge,Quel est le chef-lieu du departement du Mefou-et-Akono ?,Bamenda,Kribi,Ngoumou,Kaele,C,300,30,"Ngoumou est le chef-lieu du Mefou-et-Akono, dans la region : Centre.","cameroun,geographie,departements"
cmr-0073,Cameroun,cameroun,challenge,Quelle chefferie traditionnelle de l'Ouest est celebre pour son musee et sa case a poteaux sculptes ?,La chefferie de Bafut,La chefferie de Rey Bouba,La chefferie de Bandjoun,Le palais de Foumban,C,300,30,La chefferie Bandjoun est un joyau du patrimoine Bamileke.,"cameroun,culture"
cmr-0074,Cameroun,cameroun,challenge,Quel est le chef-lieu du departement du Nyong-et-So'o ?,Fundong,Mbalmayo,Sangmelima,Bafang,B,300,30,"Mbalmayo est le chef-lieu du Nyong-et-So'o, dans la region : Centre.","cameroun,geographie,departements"
cmr-0075,Cameroun,cameroun,moyen,Quelle personnalite camerounaise est connue pour etre un bassiste et chanteur de jazz reconnu mondialement ?,Richard Bona,Djaili Amadou Amal,Patrick Mboma,Nicolas Nkoulou,A,200,25,Il s'agit de Richard Bona.,"cameroun,personnalites"
cmr-0076,Cameroun,cameroun,facile,Sur quel ocean le Cameroun possede-t-il une facade maritime ?,L'ocean Atlantique,L'ocean Indien,La mer Rouge,L'ocean Pacifique,A,100,20,Le golfe de Guinee ouvre sur l'Atlantique.,"cameroun,geographie"
cmr-0077,Cameroun,cameroun,moyen,Dans quelle partie du Cameroun le mil et le sorgho est-il ou est-elle principalement cultive(e) ?,Le Grand Nord,Le Sud et l'Est,L'Ouest et le Nord-Ouest,Le Centre,A,200,25,Pour le mil et le sorgho : ce sont les cereales de base en zone sahelienne.,"cameroun,economie,agriculture"
cmr-0078,Cameroun,cameroun,challenge,En quelle annee le Cameroun a-t-il rejoint le Commonwealth ?,2000,1990,1995,1985,C,300,30,Le Cameroun est membre du Commonwealth depuis 1995.,"cameroun,histoire"
cmr-0079,Cameroun,cameroun,moyen,"Qui etait le secretaire general historique de l'UPC, tue en 1958 ?",Ruben Um Nyobe,Ahmadou Ahidjo,Ernest Ouandie,Felix-Roland Moumie,A,200,25,Ruben Um Nyobe est tombe le 13 septembre 1958.,"cameroun,histoire"
cmr-0080,Cameroun,cameroun,moyen,"Quel taux de TVA s'applique generalement au Cameroun, centimes additionnels compris ?",15 %,20 %,18 %,"19,25 %",D,200,25,"La TVA est de 17,5 % plus 10 % de centimes additionnels.","cameroun,economie"
cmr-0081,Cameroun,cameroun,moyen,Dans quelle region du Cameroun se trouve la ville de Djoum ?,Adamaoua,Sud,Est,Littoral,B,200,25,Djoum est situee dans la region : Sud.,"cameroun,geographie,villes"
cmr-0082,Cameroun,cameroun,facile,Quelle grande religion est majoritaire dans le Grand Nord du Cameroun ?,Le bouddhisme,L'hindouisme,Le shintoisme,L'islam,D,100,20,Le Nord est majoritairement musulman.,"cameroun,divers"
cmr-0083,Cameroun,cameroun,facile,Comment appelle-t-on le chef de l'Etat camerounais ?,Le president de la Republique,Le roi,Le chancelier,L'empereur,A,100,20,Le Cameroun est une republique.,"cameroun,culture-generale"
cmr-0084,Cameroun,cameroun,moyen,Dans quelle region du Cameroun se trouve la ville de Nkambe ?,Nord-Ouest,Centre,Adamaoua,Est,A,200,25,Nkambe est situee dans la region : Nord-Ouest.,"cameroun,geographie,villes"
cmr-0085,Cameroun,cameroun,facile,Quel jour de la semaine se tiennent traditionnellement les grands marches ruraux au Cameroun ?,"Cela varie selon les villages, souvent un jour fixe par semaine","Jamais, il n'y a pas de marches",Uniquement le 1er janvier,Uniquement le dimanche partout,A,100,20,Chaque localite a son jour de marche.,"cameroun,culture-generale"
cmr-0086,Cameroun,cameroun,challenge,Quel est le chef-lieu du departement du Nde ?,Bangangte,Bafia,Yokadouma,Baham,A,300,30,"Bangangte est le chef-lieu du Nde, dans la region : Ouest.","cameroun,geographie,departements"
cmr-0087,Cameroun,cameroun,moyen,Dans quel secteur d'activite intervient la SNH ?,Les hydrocarbures,Le commerce en ligne,La logistique portuaire,L'investissement public,A,200,25,La SNH est la societe nationale qui gere les interets petroliers de l'Etat.,"cameroun,economie,entreprises"
cmr-0088,Cameroun,cameroun,facile,Quelle est la fete du Travail celebree au Cameroun ?,Le 20 mai,Le 1er octobre,Le 11 fevrier,Le 1er mai,D,100,20,Le 1er mai est ferie au Cameroun.,"cameroun,institutions,symboles"
cmr-0089,Cameroun,cameroun,facile,"Dans le langage populaire camerounais, que designe un kombi ?","Un ami proche, un complice","S'etonner, etre surpris","Un revendeur, souvent une commercante de vivres",Une formule de compassion ou d'encouragement,A,100,20,"Un kombi : un ami proche, un complice.","cameroun,culture,expressions"
cmr-0090,Cameroun,cameroun,moyen,Quelle est la part approximative de l'emploi informel dans l'economie camerounaise ?,Plus de 80 %,Environ 30 %,Environ 50 %,Environ 10 %,A,200,25,L'essentiel des emplois se situe dans l'informel.,"cameroun,economie"
cmr-0091,Cameroun,cameroun,moyen,Dans quelle region du Cameroun se trouve la ville de Soa ?,Nord-Ouest,Ouest,Centre,Sud,C,200,25,Soa est situee dans la region : Centre.,"cameroun,geographie,villes"
cmr-0092,Cameroun,cameroun,moyen,Dans quel domaine Longue Longue s'est-il ou s'est-elle illustre(e) ?,La lutte contre la colonisation,La musique,L'athletisme,Le football,B,200,25,Longue Longue est connu(e) pour chanter un makossa engage et populaire.,"cameroun,personnalites"
cmr-0093,Cameroun,cameroun,moyen,Quelle personnalite camerounaise est connue pour etre un rappeur pionnier du mouvement Mboko ?,Jovi,Martin-Paul Samba,Andre Onana,Christine Manie,A,200,25,Il s'agit de Jovi.,"cameroun,personnalites"
cmr-0094,Cameroun,cameroun,moyen,De quelle region du Cameroun le mbanga soup est-il originaire ou le plus consomme ?,Le Littoral,Le Sud,L'Adamaoua,Le Sud-Ouest,A,200,25,Le mbanga soup est surtout associe a cette region.,"cameroun,gastronomie"
cmr-0095,Cameroun,cameroun,challenge,Dans quel domaine Marie-Jose Ta Lou s'est-il ou s'est-elle illustre(e) ?,La mode,L'athletisme,La politique,Le football,B,300,30,"Marie-Jose Ta Lou est connu(e) pour etre une sprinteuse ivoirienne, et non camerounaise.","cameroun,personnalites"
cmr-0096,Cameroun,cameroun,challenge,Quelle personnalite camerounaise est connue pour avoir brille au Toulouse FC et au Betis Seville ?,Achille Emana,Manu Dibango,Paul Kammogne Fokam,Rene Philombe,A,300,30,Il s'agit de Achille Emana.,"cameroun,personnalites"
cmr-0097,Cameroun,cameroun,facile,Le Cameroun partage-t-il une frontiere terrestre avec la Guinee equatoriale ?,Oui,"Non, il en est separe par un autre pays","Non, il en est separe par un ocean","Non, ce pays n'existe pas en Afrique",A,100,20,La Guinee equatoriale est bien un voisin du Cameroun (au sud-ouest).,"cameroun,geographie,frontieres"
cmr-0098,Cameroun,cameroun,moyen,Quel numero appelle-t-on pour joindre la police au Cameroun ?,Le 117,Le 100,Le 15,Le 911,A,200,25,Le 117 est le numero de la police.,"cameroun,divers"
cmr-0099,Cameroun,cameroun,moyen,Dans quelle partie du Cameroun le poivre de Penja est-il ou est-elle principalement cultive(e) ?,L'Ouest et le Nord-Ouest,Le Grand Nord,Le Sud et l'Est,Le Littoral et le Sud-Ouest,D,200,25,Pour le poivre de Penja : il beneficie d'une indication geographique protegee.,"cameroun,economie,agriculture"
cmr-0100,Cameroun,cameroun,facile,Quel est l'ingredient principal utilise pour preparer les beignets haricots bouillie ?,les feuilles d'eru et le waterleaf,"la farine de ble, les haricots et le mais",le pain garni de spaghetti et d'omelette,le poulet grille a l'huile de palme,B,100,20,"Les beignets haricots bouillie se prepare avec la farine de ble, les haricots et le mais.","cameroun,gastronomie"
cmr-0101,Cameroun,cameroun,challenge,En quelle annee la presqu'ile de Bakassi a-t-elle ete officiellement retrocedee au Cameroun ?,1998,2012,2008,2002,C,300,30,La retrocession effective a eu lieu le 14 aout 2008.,"cameroun,geographie"
cmr-0102,Cameroun,cameroun,challenge,Quelle est la duree du mandat presidentiel au Cameroun depuis la revision de 2008 ?,Cinq ans non renouvelable,Quatre ans,Six ans,Sept ans renouvelable,D,300,30,Le mandat de sept ans est renouvelable depuis 2008.,"cameroun,institutions,symboles"
cmr-0103,Cameroun,cameroun,challenge,Quel est le chef-lieu du departement du Mefou-et-Afamba ?,Tibati,Guider,Mfou,Bafang,C,300,30,"Mfou est le chef-lieu du Mefou-et-Afamba, dans la region : Centre.","cameroun,geographie,departements"
cmr-0104,Cameroun,cameroun,moyen,Quelle est l'altitude approximative du mont Cameroun ?,Environ 4 095 metres,Environ 2 100 metres,Environ 5 800 metres,Environ 3 000 metres,A,200,25,C'est le plus haut sommet d'Afrique de l'Ouest et centrale.,"cameroun,geographie"
cmr-0105,Cameroun,cameroun,moyen,Le departement du Dja-et-Lobo appartient a quelle region ?,Sud-Ouest,Littoral,Sud,Nord-Ouest,C,200,25,Le Dja-et-Lobo se situe dans la region : Sud.,"cameroun,geographie,departements"
cmr-0106,Cameroun,cameroun,moyen,De quoi parle principalement le roman Les Impatientes de Djaili Amadou Amal ?,De la condition des femmes dans le Nord du Cameroun,De la vie des pecheurs de Kribi,De la colonisation allemande,De l'histoire du football camerounais,A,200,25,Le roman denonce les mariages forces et la patience imposee aux femmes.,"cameroun,personnalites,sport,culture"
cmr-0107,Cameroun,cameroun,moyen,Combien de pays partagent une frontiere terrestre avec le Cameroun ?,5,6,4,8,B,200,25,"Nigeria, Tchad, Republique centrafricaine, Congo, Gabon et Guinee equatoriale.","cameroun,geographie"
cmr-0108,Cameroun,cameroun,challenge,Quelle affirmation est exacte a propos de l'oignon au Cameroun ?,"En resume, la SEMRY exploite les perimetres de Yagoua et Maga","En resume, elle est notamment cultivee autour de Tibati et du Mbam","En resume, elle est cultivee autour du Moungo et du Fako","En resume, la region de Maroua en est un bassin reconnu",D,300,30,Pour l'oignon : la region de Maroua en est un bassin reconnu.,"cameroun,economie,agriculture"
cmr-0109,Cameroun,cameroun,moyen,Dans quelle partie du Cameroun le palmier a huile est-il ou est-elle principalement cultive(e) ?,Le Littoral et le Sud-Ouest,Le Sud et l'Est,Le Centre,L'Adamaoua,A,200,25,Pour le palmier a huile : il alimente l'industrie de l'huile de palme.,"cameroun,economie,agriculture"
cmr-0110,Cameroun,cameroun,moyen,Dans quel domaine Ni John Fru Ndi s'est-il ou s'est-elle illustre(e) ?,Le football,L'athletisme,La musique,La politique,D,200,25,Ni John Fru Ndi est connu(e) pour avoir fonde le Social Democratic Front a Bamenda en 1990.,"cameroun,personnalites"
cmr-0111,Cameroun,cameroun,facile,Quelle organisation reunit les pays d'Afrique ?,L'OTAN,L'Union africaine,L'ASEAN,L'Union europeenne,B,100,20,Le Cameroun est membre de l'Union africaine.,"cameroun,culture-generale"
cmr-0112,Cameroun,cameroun,challenge,Quel produit forestier non ligneux est tres commercialise dans le Sud du Cameroun ?,L'okok (gnetum),Le ble,Le coton,Le riz,A,300,30,L'okok est recolte et exporte dans la sous-region.,"cameroun,divers"
cmr-0113,Cameroun,cameroun,moyen,Quel festival de cinema se tient chaque annee a Yaounde ?,Le Ngondo,Le FEMUA,Ecrans Noirs,Le FESPACO,C,200,25,Ecrans Noirs valorise le cinema africain.,"cameroun,divers"
cmr-0114,Cameroun,cameroun,facile,"Dans le langage populaire camerounais, que designe un bendskin ?",De l'argent,"L'intimidation, le fait de faire peur",Un moto-taxi,"Un ami, un frere (langage de la rue)",C,100,20,Un bendskin : un moto-taxi.,"cameroun,culture,expressions"
cmr-0115,Cameroun,cameroun,challenge,Quel est le chef-lieu du departement du Mayo-Danay ?,Yagoua,Bangangte,Bafia,Sangmelima,A,300,30,"Yagoua est le chef-lieu du Mayo-Danay, dans la region : Extreme-Nord.","cameroun,geographie,departements"
cmr-0116,Cameroun,cameroun,challenge,Quelle ile camerounaise est situee face a Douala ?,L'ile de Manoka,L'ile de Goree,L'ile de Sao Tome,L'ile de Bioko,A,300,30,Manoka appartient a la region du Littoral.,"cameroun,geographie"
cmr-0117,Cameroun,cameroun,challenge,Quelle personnalite camerounaise est connue pour avoir ecrit Temps de chien ?,Francoise Ellong,Patrice Nganang,Salatiel,Lady Ponce,B,300,30,Il s'agit de Patrice Nganang.,"cameroun,personnalites"
cmr-0118,Cameroun,cameroun,challenge,Combien de senateurs compte le Senat camerounais ?,60,120,180,100,D,300,30,70 senateurs sont elus et 30 nommes par le president.,"cameroun,institutions,symboles"
cmr-0119,Cameroun,cameroun,facile,Le Cameroun partage-t-il une frontiere terrestre avec le Congo ?,Oui,"Non, il en est separe par un autre pays","Non, ce pays n'existe pas en Afrique","Non, il en est separe par un ocean",A,100,20,Le Congo est bien un voisin du Cameroun (au sud-est).,"cameroun,geographie,frontieres"
cmr-0120,Cameroun,cameroun,moyen,Dans quelle region du Cameroun les Bamoun sont-ils principalement etablis ?,L'Est,L'Extreme-Nord,Le Sud,L'Ouest,D,200,25,Les Bamoun vivent principalement dans cette region.,"cameroun,peuples,langues"
cmr-0121,Cameroun,cameroun,moyen,Quelle entreprise camerounaise correspond a cette description : la societe nationale qui gere les interets petroliers de l'Etat ?,la SNH,la SEMC,le PAD,MTN Cameroon,A,200,25,Il s'agit de la SNH.,"cameroun,economie,entreprises"
cmr-0122,Cameroun,cameroun,challenge,Dans quel domaine Charles Atangana s'est-il ou s'est-elle illustre(e) ?,La politique,La lutte contre la colonisation,La litterature,La mode,A,300,30,Charles Atangana est connu(e) pour avoir ete un chef superieur ewondo influent a l'epoque coloniale.,"cameroun,personnalites"
cmr-0123,Cameroun,cameroun,moyen,Dans quel secteur d'activite intervient Guinness Cameroun ?,Les boissons,La banque,L'electricite,Le transport aerien,A,200,25,Guinness Cameroun est un brasseur installe a Douala.,"cameroun,economie,entreprises"
cmr-0124,Cameroun,cameroun,facile,Quel type d'entreprise est une boutique de quartier au Cameroun ?,Une tres petite entreprise,Une compagnie aerienne,Une multinationale,Une banque centrale,A,100,20,Les boutiques de quartier sont des TPE.,"cameroun,culture-generale"
cmr-0125,Cameroun,cameroun,challenge,Quel est l'ingredient principal utilise pour preparer le nkondre de chevre ?,le poulet et la banane plantain,les feuilles d'eru et le waterleaf,le pain garni de spaghetti et d'omelette,la chevre et la banane plantain,D,300,30,Le nkondre de chevre se prepare avec la chevre et la banane plantain.,"cameroun,gastronomie"
cmr-0126,Cameroun,cameroun,challenge,Quel projet gazier a permis au Cameroun d'exporter du gaz naturel liquefie ?,Le projet solaire de Maroua,Le projet de GNL flottant de Kribi,Le pipeline Tchad-Cameroun uniquement,Le barrage de Memve'ele,B,300,30,Une unite flottante de liquefaction opere au large de Kribi.,"cameroun,economie"
cmr-0127,Cameroun,cameroun,moyen,"Dans le langage populaire camerounais, que designe la sissia ?","L'intimidation, le fait de faire peur",Ce qui est de mauvaise qualite ou bricole,Un petit contrat ou un revenu d'appoint,"Un ami proche, un complice",A,200,25,"La sissia : l'intimidation, le fait de faire peur.","cameroun,culture,expressions"
cmr-0128,Cameroun,cameroun,facile,Quelle entreprise camerounaise transforme le cacao en chocolat et confiseries ?,CAMRAIL,ENEO,CAMPOST,Chococam,D,100,20,Chococam produit notamment le chocolat Mambo.,"cameroun,culture-generale"
cmr-0129,Cameroun,cameroun,moyen,Dans quelle region du Cameroun se trouve la ville de Muyuka ?,Ouest,Centre,Sud,Sud-Ouest,D,200,25,Muyuka est situee dans la region : Sud-Ouest.,"cameroun,geographie,villes"
cmr-0130,Cameroun,cameroun,moyen,Quelle entreprise camerounaise correspond a cette description : la raffinerie nationale installee a Limbe ?,Afriland First Bank,MTN Cameroon,les Brasseries du Cameroun,la SONARA,D,200,25,Il s'agit de la SONARA.,"cameroun,economie,entreprises"
cmr-0131,Cameroun,cameroun,moyen,Dans quelle region du Cameroun se trouve la ville de Bertoua ?,Sud-Ouest,Sud,Nord-Ouest,Est,D,200,25,Bertoua est situee dans la region : Est.,"cameroun,geographie,villes"
cmr-0132,Cameroun,cameroun,facile,Quelle ville est le chef-lieu de la region du Sud ?,Ebolowa,Ambam,Kribi,Sangmelima,A,100,20,Ebolowa est le chef-lieu de la region du Sud.,"cameroun,culture-generale"
cmr-0133,Cameroun,cameroun,moyen,Quelle ville du Sud-Ouest est connue pour ses plages de sable noir volcanique ?,Kribi,Douala,Campo,Limbe,D,200,25,Le sable noir de Limbe vient des coulees du mont Cameroun.,"cameroun,geographie"
cmr-0134,Cameroun,cameroun,facile,Quel est le plus haut sommet visible depuis Buea ?,L'Everest,Le mont Cameroun,Le Kilimandjaro,Le mont Blanc,B,100,20,Buea est situee au pied du mont Cameroun.,"cameroun,culture-generale"
cmr-0135,Cameroun,cameroun,challenge,Quel festival culturel camerounais est dedie aux arts et cultures du Grand Nord a Maroua ?,Le Ngondo,Le FEMUA,Le FESTAM,Le Nguon,C,300,30,Le Festival des Arts de Maroua valorise les cultures septentrionales.,"cameroun,culture"
cmr-0136,Cameroun,cameroun,moyen,Dans quelle region du Cameroun se trouve la ville de Limbe ?,Centre,Littoral,Sud-Ouest,Adamaoua,C,200,25,Limbe est situee dans la region : Sud-Ouest.,"cameroun,geographie,villes"
cmr-0137,Cameroun,cameroun,moyen,Dans quel domaine Charlotte Dipanda s'est-il ou s'est-elle illustre(e) ?,La mode,La musique,Le cinema,La technologie,B,200,25,Charlotte Dipanda est connu(e) pour chanter en douala et melanger sonorites traditionnelles et modernes.,"cameroun,personnalites"
cmr-0138,Cameroun,cameroun,facile,Quelle personnalite camerounaise est connue pour avoir ete le premier president de la Republique du Cameroun ?,Rene Philombe,Vincent Aboubakar,Ahmadou Ahidjo,Roger Milla,C,100,20,Il s'agit de Ahmadou Ahidjo.,"cameroun,personnalites"
cmr-0139,Cameroun,cameroun,facile,Quelle saison correspond aux fortes pluies dans le sud du Cameroun ?,L'hiver enneige,L'ete sec mediterraneen,La saison des pluies,La periode de mousson asiatique,C,100,20,Le sud connait deux saisons de pluies.,"cameroun,culture-generale"
cmr-0140,Cameroun,cameroun,moyen,Quelle affirmation est exacte a propos du mais au Cameroun ?,"En resume, il pousse sur les hautes terres","En resume, il est une cereale de base des hautes terres","En resume, la region de Maroua en est un bassin reconnu","En resume, ce sont les cereales de base en zone sahelienne",B,200,25,Pour le mais : il est une cereale de base des hautes terres.,"cameroun,economie,agriculture"
cmr-0141,Cameroun,cameroun,challenge,Quel fleuve marque une partie de la frontiere entre le Cameroun et la Guinee equatoriale ?,La Benoue,Le Ntem,Le Logone,Le Nyong,B,300,30,Le Ntem borde le sud du pays.,"cameroun,geographie"
cmr-0142,Cameroun,cameroun,challenge,Sous quel pseudonyme Mongo Beti a-t-il publie Ville cruelle ?,Eza Boto,Nganang,Philombe,Oyono Mbia,A,300,30,Mongo Beti a signe Ville cruelle sous le nom d'Eza Boto.,"cameroun,personnalites,sport,culture"
cmr-0143,Cameroun,cameroun,moyen,Quelle personnalite camerounaise est connue pour etre un groupe camerounais connu pour Elle est belle ?,Rudolf Douala Manga Bell,Jean-Marie Teno,Ben Decca,X-Maleya,D,200,25,Il s'agit de X-Maleya.,"cameroun,personnalites"
cmr-0144,Cameroun,cameroun,moyen,Combien de departements compte le Cameroun ?,47,58,62,72,B,200,25,Les 10 regions du Cameroun regroupent 58 departements.,"cameroun,geographie,regions"
cmr-0145,Cameroun,cameroun,moyen,Le departement du Nyong-et-Kelle appartient a quelle region ?,Sud-Ouest,Centre,Ouest,Nord-Ouest,B,200,25,Le Nyong-et-Kelle se situe dans la region : Centre.,"cameroun,geographie,departements"
cmr-0146,Cameroun,cameroun,challenge,Quel est l'ingredient principal utilise pour preparer le sanga ?,les graines de courge (pistaches),le mais frais et les feuilles de manioc,le mais et les haricots,la seve du palmier,B,300,30,Le sanga se prepare avec le mais frais et les feuilles de manioc.,"cameroun,gastronomie"
cmr-0147,Cameroun,cameroun,moyen,Quelle personnalite camerounaise est connue pour avoir ecrit Une vie de boy et Le Vieux Negre et la medaille ?,Jean-Marie Teno,Ferdinand Oyono,Ernest Ouandie,Rigobert Song,B,200,25,Il s'agit de Ferdinand Oyono.,"cameroun,personnalites"
cmr-0148,Cameroun,cameroun,moyen,Dans quel secteur d'activite intervient la SODECOTON ?,La distribution et la quincaillerie,Le ciment,Les boissons,Le coton,D,200,25,La SODECOTON est la societe de developpement du coton dans le Nord.,"cameroun,economie,entreprises"
cmr-0149,Cameroun,cameroun,moyen,Dans quelle region du Cameroun les Fang sont-ils principalement etablis ?,Le Sud,L'Est,Le Littoral,Le Sud-Ouest,A,200,25,Les Fang vivent principalement dans cette region.,"cameroun,peuples,langues"
cmr-0150,Cameroun,cameroun,moyen,Quelle grande ecole camerounaise forme les ingenieurs a Yaounde ?,L'Ecole Nationale Superieure Polytechnique,L'ENAM,L'IRIC,L'ESSEC,A,200,25,L'ENSP forme les ingenieurs a Yaounde.,"cameroun,culture"
cmr-0151,Cameroun,cameroun,facile,De quelle region du Cameroun les beignets haricots bouillie est-il originaire ou le plus consomme ?,L'Extreme-Nord,Le Littoral,Le Centre,L'Ouest,C,100,20,Les beignets haricots bouillie est surtout associe a cette region.,"cameroun,gastronomie"
cmr-0152,Cameroun,cameroun,moyen,Quelle personnalite camerounaise est connue pour avoir joue a Arsenal et au FC Barcelone ?,K-Tino,Alexandre Song,Leonora Miano,Mongo Beti,B,200,25,Il s'agit de Alexandre Song.,"cameroun,personnalites"
cmr-0153,Cameroun,cameroun,moyen,Le departement du Koupe-Manengouba appartient a quelle region ?,Sud-Ouest,Ouest,Extreme-Nord,Littoral,A,200,25,Le Koupe-Manengouba se situe dans la region : Sud-Ouest.,"cameroun,geographie,departements"
cmr-0154,Cameroun,cameroun,moyen,A quels Jeux olympiques les Lions Indomptables ont-ils remporte la medaille d'or ?,Sydney 2000,Atlanta 1996,Pekin 2008,Athenes 2004,A,200,25,Le Cameroun a battu l'Espagne en finale a Sydney.,"cameroun,personnalites,sport,culture"
cmr-0155,Cameroun,cameroun,challenge,Quel est le chef-lieu du departement du Bamboutos ?,Wum,Mbouda,Mamfe,Yaounde,B,300,30,"Mbouda est le chef-lieu du Bamboutos, dans la region : Ouest.","cameroun,geographie,departements"
cmr-0156,Cameroun,cameroun,facile,La ville de Bertoua est le chef-lieu de quelle region du Cameroun ?,Sud-Ouest,Est,Nord,Nord-Ouest,B,100,20,Bertoua est le chef-lieu de la region : Est.,"cameroun,geographie,regions"
cmr-0157,Cameroun,cameroun,facile,Dans quel secteur d'activite intervient CAMRAIL ?,La banque,Le textile,Le transport aerien,Le transport ferroviaire,D,100,20,CAMRAIL est l'exploitant du reseau ferre camerounais.,"cameroun,economie,entreprises"
cmr-0158,Cameroun,cameroun,challenge,Dans quel secteur d'activite intervient Tradex ?,Les boissons,Les eaux minerales,La distribution de carburants,La banque,C,300,30,Tradex est un distributeur de produits petroliers.,"cameroun,economie,entreprises"
cmr-0159,Cameroun,cameroun,moyen,"Dans le langage populaire camerounais, que designe le gombo ?","Un ami, un pote","La nourriture, le fait de manger",Un vehicule de transport en commun surcharge,Un petit contrat ou un revenu d'appoint,D,200,25,Le gombo : un petit contrat ou un revenu d'appoint.,"cameroun,culture,expressions"
cmr-0160,Cameroun,cameroun,moyen,Quelle personnalite camerounaise est connue pour avoir dirige l'UPC dans le combat pour l'independance ?,Nicolas Nkoulou,Grace Decca,Jovi,Ruben Um Nyobe,D,200,25,Il s'agit de Ruben Um Nyobe.,"cameroun,personnalites"
cmr-0161,Cameroun,cameroun,facile,Dans quel domaine Ahmadou Ahidjo s'est-il ou s'est-elle illustre(e) ?,L'athletisme,La lutte contre la colonisation,La litterature,La politique,D,100,20,Ahmadou Ahidjo est connu(e) pour avoir ete le premier president de la Republique du Cameroun.,"cameroun,personnalites"
cmr-0162,Cameroun,cameroun,challenge,Quelle entreprise camerounaise correspond a cette description : l'industrie cotonniere textile du Cameroun ?,la CICAM,la SABC,le PAK,la SNH,A,300,30,Il s'agit de la CICAM.,"cameroun,economie,entreprises"
cmr-0163,Cameroun,cameroun,moyen,Que designe la marque camerounaise Malta Guinness ?,Un service de mobile money,Une pate a tartiner,Une biere,Une boisson maltee sans alcool,D,200,25,Malta Guinness : elle est produite par Guinness Cameroun.,"cameroun,marques"
cmr-0164,Cameroun,cameroun,moyen,Dans quelle region du Cameroun les Douala sont-ils principalement etablis ?,Le Centre,L'Ouest,Le Sud-Ouest,Le Littoral,D,200,25,Les Douala vivent principalement dans cette region.,"cameroun,peuples,langues"
cmr-0165,Cameroun,cameroun,moyen,Dans quel domaine K-Tino s'est-il ou s'est-elle illustre(e) ?,La musique,La litterature,La technologie,Le football,A,200,25,"K-Tino est connu(e) pour etre surnommee la femme du peuple, figure du bikutsi.","cameroun,personnalites"
cmr-0166,Cameroun,cameroun,facile,Quelle chaine de television publique diffuse au Cameroun ?,La CRTV,L'ORTB,La RTI,La RTS,A,100,20,Cameroon Radio Television est le media public national.,"cameroun,culture"
cmr-0167,Cameroun,cameroun,challenge,Dans quel domaine Achille Emana s'est-il ou s'est-elle illustre(e) ?,La litterature,La technologie,Le football,L'athletisme,C,300,30,Achille Emana est connu(e) pour avoir brille au Toulouse FC et au Betis Seville.,"cameroun,personnalites"
cmr-0168,Cameroun,cameroun,moyen,De quelle region du Cameroun le njama njama est-il originaire ou le plus consomme ?,L'Ouest,Le Nord-Ouest,L'Adamaoua,Le Littoral,B,200,25,Le njama njama est surtout associe a cette region.,"cameroun,gastronomie"
cmr-0169,Cameroun,cameroun,moyen,De quelle ville camerounaise le club de football Bamboutos FC est-il originaire ?,Mbouda,Ngoumou,Dschang,Yaounde,A,200,25,"Bamboutos FC est base a Mbouda, dans la region : L'Ouest.","cameroun,sport"
cmr-0170,Cameroun,cameroun,facile,Quel examen sanctionne la fin du cycle secondaire francophone au Cameroun ?,Le CAP uniquement,Le GCE A Level uniquement,Le brevet des colleges,Le baccalaureat,D,100,20,Le sous-systeme francophone delivre le baccalaureat.,"cameroun,culture"
cmr-0171,Cameroun,cameroun,moyen,Dans quelle region du Cameroun se trouve la ville de Edea ?,Littoral,Adamaoua,Nord-Ouest,Ouest,A,200,25,Edea est situee dans la region : Littoral.,"cameroun,geographie,villes"
cmr-0172,Cameroun,cameroun,challenge,Sur quel fleuve se trouve le barrage de Song Loulou ?,Le Ntem,La Sanaga,Le Logone,Le Nyong,B,300,30,Song Loulou est l'un des principaux barrages hydroelectriques du pays.,"cameroun,geographie"
cmr-0173,Cameroun,cameroun,facile,Quelle personnalite camerounaise est connue pour avoir marque quatre buts a la Coupe du monde 1990 avec sa danse au poteau de corner ?,Roger Milla,Mr Leo,Petit-Pays,Ernest Ouandie,A,100,20,Il s'agit de Roger Milla.,"cameroun,personnalites"
cmr-0174,Cameroun,cameroun,challenge,Quel projet de zone industrielle a ete developpe autour du port de Kribi ?,La zone industrialo-portuaire de Kribi,La zone industrielle de Bertoua,Le technopole de Maroua,La zone franche de Waza,A,300,30,Kribi combine port en eau profonde et zone industrielle.,"cameroun,economie"
cmr-0175,Cameroun,cameroun,challenge,Dans quel domaine Patrice Nganang s'est-il ou s'est-elle illustre(e) ?,La litterature,La technologie,La mode,La lutte contre la colonisation,A,300,30,Patrice Nganang est connu(e) pour avoir ecrit Temps de chien.,"cameroun,personnalites"
cmr-0176,Cameroun,cameroun,moyen,Le departement du Logone-et-Chari appartient a quelle region ?,Sud,Est,Nord,Extreme-Nord,D,200,25,Le Logone-et-Chari se situe dans la region : Extreme-Nord.,"cameroun,geographie,departements"
cmr-0177,Cameroun,cameroun,moyen,Dans quelle region du Cameroun se trouve la ville de Bali ?,Est,Sud-Ouest,Nord-Ouest,Centre,C,200,25,Bali est situee dans la region : Nord-Ouest.,"cameroun,geographie,villes"
cmr-0178,Cameroun,cameroun,moyen,Dans quel domaine Sam Fan Thomas s'est-il ou s'est-elle illustre(e) ?,La lutte contre la colonisation,La musique,La politique,Le cinema,B,200,25,Sam Fan Thomas est connu(e) pour avoir popularise African Typic Collection.,"cameroun,personnalites"
cmr-0179,Cameroun,cameroun,challenge,Comment s'appelait la ville de Limbe avant 1982 ?,Victoria,Bota,Buea,Tiko,A,300,30,Limbe s'appelait Victoria a l'epoque britannique.,"cameroun,divers"
cmr-0180,Cameroun,cameroun,moyen,Dans quel domaine Rebecca Enonchong s'est-il ou s'est-elle illustre(e) ?,La lutte contre la colonisation,La technologie,L'athletisme,La litterature,B,200,25,Rebecca Enonchong est connu(e) pour avoir fonde AppsTech et defendre l'ecosysteme tech africain.,"cameroun,personnalites"
cmr-0181,Cameroun,cameroun,facile,Le Cameroun partage-t-il une frontiere terrestre avec la Republique centrafricaine ?,Oui,"Non, il en est separe par un ocean","Non, ce pays n'existe pas en Afrique","Non, il en est separe par un autre pays",A,100,20,La Republique centrafricaine est bien un voisin du Cameroun (a l'est).,"cameroun,geographie,frontieres"
cmr-0182,Cameroun,cameroun,facile,Comment appelle-t-on les etablissements financiers de proximite tres presents au Cameroun ?,Les banques centrales,Les fonds souverains,Les etablissements de microfinance (EMF),Les compagnies d'assurance-vie,C,100,20,Les EMF financent les petites activites.,"cameroun,economie"
cmr-0183,Cameroun,cameroun,moyen,De quelle ville camerounaise le club de football PWD est-il originaire ?,Bamenda,Douala,Baham,Garoua,A,200,25,"PWD est base a Bamenda, dans la region : Le Nord-Ouest.","cameroun,sport"
cmr-0184,Cameroun,cameroun,moyen,Dans quelle region du Cameroun se trouve la ville de Kousseri ?,Centre,Nord,Extreme-Nord,Ouest,C,200,25,Kousseri est situee dans la region : Extreme-Nord.,"cameroun,geographie,villes"
cmr-0185,Cameroun,cameroun,facile,Quelle personnalite camerounaise est connue pour etre devenu president du Cameroun le 6 novembre 1982 ?,Paul Biya,Charlotte Dipanda,K-Tino,Olivier Madiba,A,100,20,Il s'agit de Paul Biya.,"cameroun,personnalites"
cmr-0186,Cameroun,cameroun,facile,Dans quel secteur d'activite intervient CAMTEL ?,Le transport ferroviaire,La distribution et la quincaillerie,L'electricite,Les telecommunications,D,100,20,CAMTEL est l'operateur historique de telecommunications.,"cameroun,economie,entreprises"
cmr-0187,Cameroun,cameroun,moyen,Dans quel domaine Olivier Madiba s'est-il ou s'est-elle illustre(e) ?,La politique,Le cinema,La technologie,La lutte contre la colonisation,C,200,25,Olivier Madiba est connu(e) pour avoir cree le studio Kiro'o Games et le jeu Aurion.,"cameroun,personnalites"
cmr-0188,Cameroun,cameroun,facile,Que designe la marque camerounaise 33 Export ?,Un service de telecommunication,Une boisson maltee sans alcool,Un service de mobile money,Une biere,D,100,20,33 Export : elle est produite par les Brasseries du Cameroun.,"cameroun,marques"
cmr-0189,Cameroun,cameroun,challenge,Quel est le chef-lieu du departement du Noun ?,Monatele,Foumban,Bafang,Bertoua,B,300,30,"Foumban est le chef-lieu du Noun, dans la region : Ouest.","cameroun,geographie,departements"
cmr-0190,Cameroun,cameroun,challenge,Quel est le chef-lieu du departement du Diamare ?,Kumba,Mbengwi,Maroua,Akonolinga,C,300,30,"Maroua est le chef-lieu du Diamare, dans la region : Extreme-Nord.","cameroun,geographie,departements"
cmr-0191,Cameroun,cameroun,challenge,Quelle personnalite camerounaise est connue pour avoir ete fusille par les Allemands en 1914 ?,Martin-Paul Samba,Bernard Nanga,Stanley Enow,Marie-Jose Ta Lou,A,300,30,Il s'agit de Martin-Paul Samba.,"cameroun,personnalites"
cmr-0192,Cameroun,cameroun,facile,Quel est l'ingredient principal utilise pour preparer le poulet DG ?,le poulet et la banane plantain,le poulet grille a l'huile de palme,le manioc trempe,le mil,A,100,20,Le poulet DG se prepare avec le poulet et la banane plantain.,"cameroun,gastronomie"
cmr-0193,Cameroun,cameroun,challenge,Quelle personnalite camerounaise est connue pour etre un documentariste camerounais reconnu ?,Longue Longue,Jean-Marie Teno,Hortense Bewouda,Ferdinand Oyono,B,300,30,Il s'agit de Jean-Marie Teno.,"cameroun,personnalites"
cmr-0194,Cameroun,cameroun,moyen,Quelle personnalite camerounaise est connue pour avoir fonde le Social Democratic Front a Bamenda en 1990 ?,Paul Kammogne Fokam,Francoise Ellong,Ni John Fru Ndi,Olivier Madiba,C,200,25,Il s'agit de Ni John Fru Ndi.,"cameroun,personnalites"
cmr-0195,Cameroun,cameroun,moyen,Quel jardin botanique historique se trouve a Limbe ?,Le jardin botanique de Limbe,Le jardin de Foumban,Le jardin de Bafut,Le jardin de Mvog-Betsi,A,200,25,Cree en 1892 a l'epoque allemande.,"cameroun,geographie"
cmr-0196,Cameroun,cameroun,moyen,Le departement du Ocean appartient a quelle region ?,Nord-Ouest,Nord,Sud-Ouest,Sud,D,200,25,Le Ocean se situe dans la region : Sud.,"cameroun,geographie,departements"
cmr-0197,Cameroun,cameroun,moyen,Dans quelle region du Cameroun se trouve la ville de Sangmelima ?,Nord-Ouest,Sud,Ouest,Littoral,B,200,25,Sangmelima est situee dans la region : Sud.,"cameroun,geographie,villes"
cmr-0198,Cameroun,cameroun,moyen,Dans quelle region du Cameroun se trouve la ville de Campo ?,Est,Extreme-Nord,Sud,Ouest,C,200,25,Campo est situee dans la region : Sud.,"cameroun,geographie,villes"
cmr-0199,Cameroun,cameroun,challenge,Dans quel domaine Ajara Nchout s'est-il ou s'est-elle illustre(e) ?,Les affaires et l'entrepreneuriat,La politique,Le football,L'athletisme,C,300,30,Ajara Nchout est connu(e) pour avoir marque des buts decisifs avec les Lionnes Indomptables en Coupe du monde.,"cameroun,personnalites"
cmr-0200,Cameroun,cameroun,challenge,Quel est le chef-lieu du departement du Ndian ?,Meiganga,Mundemba,Ndop,Ebolowa,B,300,30,"Mundemba est le chef-lieu du Ndian, dans la region : Sud-Ouest.","cameroun,geographie,departements"
cmr-0201,Cameroun,cameroun,facile,Quel est le chef-lieu de la region de l'Adamaoua ?,Yaounde,Bafoussam,Ngaoundere,Ebolowa,C,100,20,Ngaoundere est le chef-lieu de la region de l'Adamaoua.,"cameroun,geographie,regions"
cmr-0202,Cameroun,cameroun,facile,La ville de Buea est le chef-lieu de quelle region du Cameroun ?,Ouest,Sud-Ouest,Nord-Ouest,Centre,B,100,20,Buea est le chef-lieu de la region : Sud-Ouest.,"cameroun,geographie,regions"
cmr-0203,Cameroun,cameroun,moyen,Combien de departements compte la region : Nord-Ouest ?,7,5,3,6,A,200,25,La region : Nord-Ouest compte 7 departements.,"cameroun,geographie,regions"
cmr-0204,Cameroun,cameroun,facile,Quelle affirmation est exacte a propos du manioc au Cameroun ?,"En resume, il sert a preparer bobolo, gari et miondo","En resume, il alimente l'industrie de l'huile de palme","En resume, il beneficie d'une indication geographique protegee","En resume, il fournit le caoutchouc naturel",A,100,20,"Pour le manioc : il sert a preparer bobolo, gari et miondo.","cameroun,economie,agriculture"
cmr-0205,Cameroun,cameroun,moyen,Quel parti politique a ete lance a Bamenda le 26 mai 1990 ?,Le Social Democratic Front (SDF),Le RDPC,L'UNDP,L'UPC,A,200,25,Le SDF a ete fonde par Ni John Fru Ndi.,"cameroun,histoire"
cmr-0206,Cameroun,cameroun,facile,Quel est le surnom touristique du Cameroun ?,Le grenier du Sahel,La perle de l'Atlantique,L'Afrique en miniature,Le pays des mille collines,C,100,20,Le Cameroun reunit tous les paysages du continent.,"cameroun,culture-generale"
cmr-0207,Cameroun,cameroun,moyen,Combien de Coupes d'Afrique des Nations le Cameroun a-t-il remportees ?,Sept,Deux,Trois,Cinq,D,200,25,"Titres en 1984, 1988, 2000, 2002 et 2017.","cameroun,personnalites,sport,culture"
cmr-0208,Cameroun,cameroun,moyen,Dans quel secteur d'activite intervient ALUCAM ?,La logistique portuaire,Le jeu video,Le raffinage petrolier,L'aluminium,D,200,25,ALUCAM est l'usine d'aluminium d'Edea.,"cameroun,economie,entreprises"
cmr-0209,Cameroun,cameroun,facile,La ville de Douala est le chef-lieu de quelle region du Cameroun ?,Ouest,Littoral,Sud-Ouest,Centre,B,100,20,Douala est le chef-lieu de la region : Littoral.,"cameroun,geographie,regions"
cmr-0210,Cameroun,cameroun,moyen,"Quelle entreprise camerounaise correspond a cette description : un grand employeur agricole du Sud-Ouest (banane, hevea, palmier) ?",Afriland First Bank,Kiro'o Games,Cimencam,la CDC,D,200,25,Il s'agit de la CDC.,"cameroun,economie,entreprises"
cmr-0211,Cameroun,cameroun,facile,Quel pont emblematique relie les deux rives de Douala ?,Le pont de la Sanaga,Le pont de Bakassi,Le pont sur le Wouri,Le pont du Nyong,C,100,20,Le pont sur le Wouri est un symbole de Douala.,"cameroun,divers"
cmr-0212,Cameroun,cameroun,facile,Dans quelle partie de l'Afrique se situe le Cameroun ?,Dans la Corne de l'Afrique,En Afrique centrale,En Afrique australe,En Afrique du Nord,B,100,20,Le Cameroun appartient a l'Afrique centrale.,"cameroun,culture-generale"
cmr-0213,Cameroun,cameroun,moyen,Quelle est la principale ressource miniere exportee par le Cameroun ?,Le diamant uniquement,Le petrole brut,L'or uniquement,Le charbon,B,200,25,Le petrole reste la premiere ressource d'exportation en valeur.,"cameroun,economie"
cmr-0214,Cameroun,cameroun,moyen,Le departement du Nyong-et-So'o appartient a quelle region ?,Adamaoua,Nord-Ouest,Centre,Ouest,C,200,25,Le Nyong-et-So'o se situe dans la region : Centre.,"cameroun,geographie,departements"
cmr-0215,Cameroun,cameroun,moyen,A quoi sert le Cardiopad invente par Arthur Zang ?,A traduire les langues locales,A realiser des examens cardiaques a distance,A recharger les telephones,A purifier l'eau,B,200,25,Le Cardiopad permet des electrocardiogrammes en zone rurale.,"cameroun,personnalites,sport,culture"
cmr-0216,Cameroun,cameroun,moyen,Quel grand marche populaire se trouve a Yaounde ?,Le marche Mokolo,Le marche de Limbe,Le marche Mboppi,Le marche de Kumba,A,200,25,Mokolo est un marche majeur de Yaounde.,"cameroun,culture"
cmr-0217,Cameroun,cameroun,facile,Quel produit agricole d'exportation place le Cameroun parmi les premiers producteurs mondiaux ?,Le riz,La vigne,Le cacao,Le ble,C,100,20,Le Cameroun est un acteur majeur du cacao mondial.,"cameroun,economie"
cmr-0218,Cameroun,cameroun,moyen,De quelle region du Cameroun le miondo est-il originaire ou le plus consomme ?,Le Littoral,Le Nord,Le Sud-Ouest,Le Sud,A,200,25,Le miondo est surtout associe a cette region.,"cameroun,gastronomie"
cmr-0219,Cameroun,cameroun,moyen,Quelle institution camerounaise accompagne l'emploi et l'insertion professionnelle ?,La CONAC,La CNPS,Le Fonds National de l'Emploi (FNE),L'ARMP,C,200,25,Le FNE finance des formations et des projets d'insertion.,"cameroun,institutions,symboles"
cmr-0220,Cameroun,cameroun,challenge,Quelles chutes de la region du Littoral ont servi de decor a un film Tarzan ?,Les chutes de Menchum,Les chutes d'Ekom Nkam,Les chutes de la Lobe,Les chutes de la Metche,B,300,30,"Les chutes d'Ekom Nkam, pres de Melong.","cameroun,geographie"
cmr-0221,Cameroun,cameroun,facile,Quelle activite economique se pratique beaucoup sur la cote de Kribi et Limbe ?,L'elevage de rennes,L'extraction de charbon,La peche,La culture du ble d'hiver,C,100,20,La peche artisanale est tres presente.,"cameroun,culture-generale"
cmr-0222,Cameroun,cameroun,moyen,Quelle entreprise camerounaise correspond a cette description : le Port Autonome de Douala ?,Orange Cameroun,le PAD,la SOSUCAM,Guinness Cameroun,B,200,25,Il s'agit du PAD.,"cameroun,economie,entreprises"
cmr-0223,Cameroun,cameroun,moyen,Dans quelle region du Cameroun se trouve la ville de Mundemba ?,Sud-Ouest,Nord,Centre,Littoral,A,200,25,Mundemba est situee dans la region : Sud-Ouest.,"cameroun,geographie,villes"
cmr-0224,Cameroun,cameroun,moyen,Quelle personnalite camerounaise est connue pour chanter en douala et melanger sonorites traditionnelles et modernes ?,Rene Philombe,Charlotte Dipanda,Ahmadou Ahidjo,Vincent Aboubakar,B,200,25,Il s'agit de Charlotte Dipanda.,"cameroun,personnalites"
cmr-0225,Cameroun,cameroun,facile,"Dans le langage populaire camerounais, que designe ashia ?",Un taxi ou vehicule de transport non officiel,Une formule de compassion ou d'encouragement,Une combine ou un arrangement pour obtenir quelque chose,"S'etonner, etre surpris",B,100,20,Ashia : une formule de compassion ou d'encouragement.,"cameroun,culture,expressions"
cmr-0226,Cameroun,cameroun,moyen,De quelle region du Cameroun le pain charge est-il originaire ou le plus consomme ?,L'Ouest,Le Littoral,Le Centre,Le Nord-Ouest,B,200,25,Le pain charge est surtout associe a cette region.,"cameroun,gastronomie"
cmr-0227,Cameroun,cameroun,moyen,Quel surnom traditionnel donne-t-on au mont Cameroun ?,Le Pic de la Paix,La Montagne Bleue,Le Toit du Monde,Le Char des Dieux,D,200,25,Les Grecs anciens l'appelaient deja le Char des Dieux.,"cameroun,geographie"
cmr-0228,Cameroun,cameroun,facile,Quel pays a organise la Coupe d'Afrique des Nations 2021 disputee en 2022 ?,Le Nigeria,Le Cameroun,Le Senegal,La Cote d'Ivoire,B,100,20,Le Cameroun a accueilli la CAN en janvier-fevrier 2022.,"cameroun,personnalites,sport,culture"
cmr-0229,Cameroun,cameroun,challenge,Quelle colline de Yaounde offre une vue panoramique et abrite un palais ?,La colline de Deido,Le mont Febe,Le mont Kupe,Le mont Oku,B,300,30,Le mont Febe domine la capitale.,"cameroun,culture"
cmr-0230,Cameroun,cameroun,challenge,Quel jeu de societe traditionnel se joue avec des graines dans des cavites au Cameroun ?,Le songo,Le senet,Le go,Le mancala europeen,A,300,30,Le songo est une variante camerounaise de l'awale.,"cameroun,culture"
cmr-0231,Cameroun,cameroun,moyen,Dans quelle region du Cameroun se trouve la ville de Menji ?,Extreme-Nord,Nord,Sud-Ouest,Littoral,C,200,25,Menji est situee dans la region : Sud-Ouest.,"cameroun,geographie,villes"
cmr-0232,Cameroun,cameroun,moyen,"Que celebre le Cameroun le 20 mai, jour de sa fete nationale ?",La fin de la colonisation allemande,L'independance de 1960,La reunification de 1961,Le referendum de 1972 instituant l'Etat unitaire,D,200,25,"Le 20 mai 1972, le Cameroun est devenu un Etat unitaire.","cameroun,histoire"
cmr-0233,Cameroun,cameroun,moyen,"Dans le langage populaire camerounais, que designe une opep ?","La malchance, la poisse",De l'argent,Un vehicule de transport en commun surcharge,Un Camerounais vivant a l'etranger,C,200,25,Une opep : un vehicule de transport en commun surcharge.,"cameroun,culture,expressions"
cmr-0234,Cameroun,cameroun,facile,Quel est le chef-lieu de la region du Nord ?,Bamenda,Buea,Garoua,Yaounde,C,100,20,Garoua est le chef-lieu de la region de l'Nord.,"cameroun,geographie,regions"
cmr-0235,Cameroun,cameroun,moyen,Dans quel domaine Eric Maxim Choupo-Moting s'est-il ou s'est-elle illustre(e) ?,La technologie,Le football,L'athletisme,La lutte contre la colonisation,B,200,25,Eric Maxim Choupo-Moting est connu(e) pour avoir joue au PSG et au Bayern Munich.,"cameroun,personnalites"
cmr-0236,Cameroun,cameroun,facile,Que designe la marque camerounaise Orange Money ?,Une eau minerale,Une pate a tartiner,Une biere,Un service de mobile money,D,100,20,Orange Money : il permet de payer et transferer de l'argent.,"cameroun,marques"
cmr-0237,Cameroun,cameroun,moyen,"Dans le langage populaire camerounais, que designe un clando ?",Un point de vente de credit telephonique dans la rue,Payer ou glisser discretement de l'argent,"Un revendeur, souvent une commercante de vivres",Un taxi ou vehicule de transport non officiel,D,200,25,Un clando : un taxi ou vehicule de transport non officiel.,"cameroun,culture,expressions"
cmr-0238,Cameroun,cameroun,moyen,Le departement du Ndian appartient a quelle region ?,Sud-Ouest,Littoral,Extreme-Nord,Nord,A,200,25,Le Ndian se situe dans la region : Sud-Ouest.,"cameroun,geographie,departements"
cmr-0239,Cameroun,cameroun,facile,Ou se trouve l'etoile du drapeau camerounais ?,Dans un coin superieur,Sur la bande jaune,Sur la bande verte,Sur la bande rouge centrale,D,100,20,L'etoile d'or est au centre.,"cameroun,culture-generale"
cmr-0240,Cameroun,cameroun,moyen,Quel est l'ingredient principal utilise pour preparer le gari ?,les epices noires et le poisson,la semoule de manioc,le mil,la seve du palmier,B,200,25,Le gari se prepare avec la semoule de manioc.,"cameroun,gastronomie"
cmr-0241,Cameroun,cameroun,facile,Comment appelle-t-on le repas a base de haricots ecrases cuits en feuilles ?,Le couscous,Le riz cantonais,La pizza,Le koki,D,100,20,Le koki est prepare avec des haricots ecrases.,"cameroun,culture-generale"
cmr-0242,Cameroun,cameroun,challenge,Quelle personnalite camerounaise est connue pour etre une voix historique du makossa ?,Dina Bell,Ruben Um Nyobe,Vincent Aboubakar,Baba Danpullo,A,300,30,Il s'agit de Dina Bell.,"cameroun,personnalites"
cmr-0243,Cameroun,cameroun,facile,Dans quel secteur d'activite intervient CAMWATER ?,Le raffinage petrolier,La distribution de carburants,L'eau potable,La logistique portuaire,C,100,20,CAMWATER est la societe publique de production et distribution d'eau.,"cameroun,economie,entreprises"
cmr-0244,Cameroun,cameroun,facile,Quel est le chef-lieu de la region du Centre ?,Ebolowa,Yaounde,Bamenda,Ngaoundere,B,100,20,Yaounde est le chef-lieu de la region de l'Centre.,"cameroun,geographie,regions"
cmr-0245,Cameroun,cameroun,facile,De quelle region du Cameroun le bobolo est-il originaire ou le plus consomme ?,Le Centre,Le Nord-Ouest,Le Sud-Ouest,Le Littoral,A,100,20,Le bobolo est surtout associe a cette region.,"cameroun,gastronomie"
cmr-0246,Cameroun,cameroun,challenge,Quel est le chef-lieu du departement du Lom-et-Djerem ?,Abong-Mbang,Tignere,Bertoua,Akonolinga,C,300,30,"Bertoua est le chef-lieu du Lom-et-Djerem, dans la region : Est.","cameroun,geographie,departements"
cmr-0247,Cameroun,cameroun,moyen,Dans quel domaine Andre Onana s'est-il ou s'est-elle illustre(e) ?,L'athletisme,Le cinema,La politique,Le football,D,200,25,Andre Onana est connu(e) pour etre un gardien international passe par l'Ajax et l'Inter Milan.,"cameroun,personnalites"
cmr-0248,Cameroun,cameroun,moyen,Que forme l'ENAM au Cameroun ?,Les journalistes sportifs,Les pilotes de ligne,Les medecins specialistes,Les cadres de l'administration et de la magistrature,D,200,25,L'Ecole Nationale d'Administration et de Magistrature.,"cameroun,culture"
cmr-0249,Cameroun,cameroun,moyen,Dans quelle region du Cameroun se trouve la ville de Ebolowa ?,Centre,Sud,Est,Sud-Ouest,B,200,25,Ebolowa est situee dans la region : Sud.,"cameroun,geographie,villes"
cmr-0250,Cameroun,cameroun,moyen,Quelle personnalite camerounaise est connue pour etre une reine du bikutsi ?,Ruben Um Nyobe,Daphne,Lady Ponce,Baba Danpullo,C,200,25,Il s'agit de Lady Ponce.,"cameroun,personnalites"
cmr-0251,Cameroun,cameroun,moyen,Quel lac camerounais a connu une catastrophe gazeuse meurtriere en 1986 ?,Le lac Monoun,Le lac Barombi Mbo,Le lac Nyos,Le lac Ossa,C,200,25,L'eruption limnique du lac Nyos a fait environ 1 700 morts.,"cameroun,geographie"
cmr-0252,Cameroun,cameroun,moyen,Dans quel domaine Daphne s'est-il ou s'est-elle illustre(e) ?,La musique,Le football,Le cinema,La mode,A,200,25,Daphne est connu(e) pour avoir connu un grand succes avec Calee.,"cameroun,personnalites"
cmr-0253,Cameroun,cameroun,challenge,Dans quel domaine Felix-Roland Moumie s'est-il ou s'est-elle illustre(e) ?,Le football,La lutte contre la colonisation,La technologie,La musique,B,300,30,Felix-Roland Moumie est connu(e) pour avoir dirige l'UPC en exil avant d'etre empoisonne a Geneve.,"cameroun,personnalites"
cmr-0254,Cameroun,cameroun,facile,La ville de Ebolowa est le chef-lieu de quelle region du Cameroun ?,Littoral,Sud,Nord,Ouest,B,100,20,Ebolowa est le chef-lieu de la region : Sud.,"cameroun,geographie,regions"
cmr-0255,Cameroun,cameroun,challenge,Quel est le chef-lieu du departement du Donga-Mantung ?,Nkambe,Kousseri,Poli,Bamenda,A,300,30,"Nkambe est le chef-lieu du Donga-Mantung, dans la region : Nord-Ouest.","cameroun,geographie,departements"
cmr-0256,Cameroun,cameroun,moyen,Dans quelle region du Cameroun se trouve la ville de Mora ?,Nord-Ouest,Extreme-Nord,Ouest,Sud-Ouest,B,200,25,Mora est situee dans la region : Extreme-Nord.,"cameroun,geographie,villes"
cmr-0257,Cameroun,cameroun,moyen,"Dans le langage populaire camerounais, que designe la demarche ?",Un patron ou un homme respecte,"Un revendeur, souvent une commercante de vivres",Payer ou glisser discretement de l'argent,Une combine ou un arrangement pour obtenir quelque chose,D,200,25,La demarche : une combine ou un arrangement pour obtenir quelque chose.,"cameroun,culture,expressions"
cmr-0258,Cameroun,cameroun,moyen,Quel fleuve a ete baptise Rio dos Camaroes par les Portugais ?,Le Wouri,La Sanaga,Le Ntem,Le Nyong,A,200,25,L'estuaire du Wouri est a l'origine du nom du pays.,"cameroun,histoire"
cmr-0259,Cameroun,cameroun,moyen,Ou se situe le Gabon par rapport au Cameroun ?,a l'est,a l'ouest et au nord-ouest,au sud-ouest,au sud,D,200,25,Le Gabon borde le Cameroun au sud.,"cameroun,geographie,frontieres"
cmr-0260,Cameroun,cameroun,challenge,Quel est l'ingredient principal utilise pour preparer le bongo chobi ?,les epices noires et le poisson,la seve du palmier,le manioc fermente en petits batons,la farine de mais,A,300,30,Le bongo chobi se prepare avec les epices noires et le poisson.,"cameroun,gastronomie"
cmr-0261,Cameroun,cameroun,moyen,Le departement du Mbam-et-Kim appartient a quelle region ?,Nord-Ouest,Centre,Adamaoua,Sud-Ouest,B,200,25,Le Mbam-et-Kim se situe dans la region : Centre.,"cameroun,geographie,departements"
cmr-0262,Cameroun,cameroun,challenge,Quel est le chef-lieu du departement du Lekie ?,Ngoumou,Kumbo,Monatele,Yokadouma,C,300,30,"Monatele est le chef-lieu du Lekie, dans la region : Centre.","cameroun,geographie,departements"
cmr-0263,Cameroun,cameroun,facile,Quelle fete nationale le Cameroun celebre-t-il le 11 fevrier ?,La Fete de l'Unite,La Fete de l'Independance,La Fete de la Jeunesse,La Fete du Travail,C,100,20,Le 11 fevrier est la Fete nationale de la Jeunesse.,"cameroun,histoire"
cmr-0264,Cameroun,cameroun,moyen,Quelle personnalite camerounaise est connue pour avoir fonde AppsTech et defendre l'ecosysteme tech africain ?,Churchill Mambe,Charlotte Dipanda,Marie-Jose Ta Lou,Rebecca Enonchong,D,200,25,Il s'agit de Rebecca Enonchong.,"cameroun,personnalites"
cmr-0265,Cameroun,cameroun,challenge,Quel est le chef-lieu du departement du Ocean ?,Kribi,Bandjoun,Abong-Mbang,Tignere,A,300,30,"Kribi est le chef-lieu du Ocean, dans la region : Sud.","cameroun,geographie,departements"
cmr-0266,Cameroun,cameroun,challenge,Dans quel secteur d'activite intervient la MAGZI ?,Le textile,Les zones industrielles,L'investissement public,La protection sociale,B,300,30,La MAGZI est la mission d'amenagement des zones industrielles.,"cameroun,economie,entreprises"
cmr-0267,Cameroun,cameroun,moyen,Comment appelle-t-on le chef traditionnel chez les Bamileke ?,Le Lamido,Le Cheikh,Le Fon ou le Chef superieur,L'Emir,C,200,25,"Les Grassfields parlent de Fon, les Bamileke de chef superieur.","cameroun,culture"
cmr-0268,Cameroun,cameroun,moyen,Dans quelle region du Cameroun se trouve la ville de Yokadouma ?,Sud-Ouest,Littoral,Est,Extreme-Nord,C,200,25,Yokadouma est situee dans la region : Est.,"cameroun,geographie,villes"
cmr-0269,Cameroun,cameroun,facile,Quelle entreprise camerounaise correspond a cette description : la compagnie aerienne nationale ?,Camair-Co,Chococam,ENEO,MTN Cameroon,A,100,20,Il s'agit de Camair-Co.,"cameroun,economie,entreprises"
cmr-0270,Cameroun,cameroun,facile,Dans quel secteur d'activite intervient Jumia Cameroun ?,La distribution et la quincaillerie,L'electricite,Les hydrocarbures,Le commerce en ligne,D,100,20,Jumia Cameroun est une plateforme de vente en ligne.,"cameroun,economie,entreprises"
cmr-0271,Cameroun,cameroun,moyen,Le departement du Mayo-Banyo appartient a quelle region ?,Adamaoua,Sud-Ouest,Nord,Littoral,A,200,25,Le Mayo-Banyo se situe dans la region : Adamaoua.,"cameroun,geographie,departements"
cmr-0272,Cameroun,cameroun,facile,Quelle est la ville la plus peuplee du Cameroun ?,Garoua,Douala,Bafoussam,Yaounde,B,100,20,Douala est la ville la plus peuplee du pays.,"cameroun,divers"
cmr-0273,Cameroun,cameroun,challenge,En quelle annee la Societe des Nations a-t-elle place le Cameroun sous mandat franco-britannique ?,1916,1930,1922,1946,C,300,30,Les mandats de la SDN datent de 1922.,"cameroun,histoire"
cmr-0274,Cameroun,cameroun,challenge,Quel est le chef-lieu du departement du Manyu ?,Ngoumou,Maroua,Bafoussam,Mamfe,D,300,30,"Mamfe est le chef-lieu du Manyu, dans la region : Sud-Ouest.","cameroun,geographie,departements"
cmr-0275,Cameroun,cameroun,moyen,Dans quelle ville se trouve le palais des sultans Bamoun ?,Foumban,Dschang,Bafoussam,Bandjoun,A,200,25,Le palais royal de Foumban abrite un musee reconnu.,"cameroun,culture"
cmr-0276,Cameroun,cameroun,challenge,Quel port camerounais est specialise dans l'exportation de la banane du Sud-Ouest ?,Le port de Garoua,Le port de Bertoua,Le port de Tiko,Le port de Yagoua,C,300,30,Tiko et Limbe servent aux exportations agricoles du Sud-Ouest.,"cameroun,economie"
cmr-0277,Cameroun,cameroun,challenge,Quelle personnalite camerounaise est connue pour etre une chanteuse de makossa de la famille Decca ?,Gaelle Enganamouit,Charles Atangana,Grace Decca,Patrick Mboma,C,300,30,Il s'agit de Grace Decca.,"cameroun,personnalites"
cmr-0278,Cameroun,cameroun,facile,Quel plat associe poulet et banane plantain frite ?,Le poulet basquaise,Le poulet tandoori,Le poulet DG,Le poulet au curry vert,C,100,20,Le poulet DG est un plat de fete.,"cameroun,culture-generale"
cmr-0279,Cameroun,cameroun,challenge,Quel changement de nom l'Etat camerounais a-t-il adopte en 1984 ?,Il est passe de Kamerun a Cameroun,Il est devenu Royaume du Cameroun,Il est devenu Republique federale,Il est passe de Republique unie du Cameroun a Republique du Cameroun,D,300,30,Le changement de denomination date du 4 fevrier 1984.,"cameroun,histoire"
cmr-0280,Cameroun,cameroun,moyen,Quel aeroport camerounais traite le plus grand trafic de passagers ?,L'aeroport de Bertoua,L'aeroport de Ngaoundere,L'aeroport international de Douala,L'aeroport de Bamenda,C,200,25,Douala est la principale porte d'entree aerienne.,"cameroun,economie"
cmr-0281,Cameroun,cameroun,challenge,Quelle personnalite camerounaise est connue pour avoir represente le Cameroun sur la scene athletique ?,Joseph Kingue,Solomon Tandeng Muna,Andre Onana,Daphne,A,300,30,Il s'agit de Joseph Kingue.,"cameroun,personnalites"
cmr-0282,Cameroun,cameroun,moyen,Quelle personnalite camerounaise est connue pour etre l'un des hommes d'affaires les plus riches du Cameroun ?,Baba Danpullo,Andre-Marie Talla,Salatiel,Rigobert Song,A,200,25,Il s'agit de Baba Danpullo.,"cameroun,personnalites"
cmr-0283,Cameroun,cameroun,facile,Avec quelle feuille prepare-t-on le plat national camerounais ?,La feuille de vigne,La feuille de laurier,La feuille de ndole,La feuille de menthe,C,100,20,Le ndole doit son nom a cette feuille amere.,"cameroun,culture-generale"
cmr-0284,Cameroun,cameroun,moyen,Quel est l'ingredient principal utilise pour preparer le matango ?,la chevre et la banane plantain,le mais et les haricots,la seve du palmier,les fleurs d'hibiscus,C,200,25,Le matango se prepare avec la seve du palmier.,"cameroun,gastronomie"
cmr-0285,Cameroun,cameroun,facile,Le Cameroun est membre a la fois du Commonwealth et de quelle autre grande organisation linguistique ?,L'ASEAN,Le Mercosur,La Ligue arabe,La Francophonie,D,100,20,Le bilinguisme francais-anglais explique cette double appartenance.,"cameroun,histoire"
cmr-0286,Cameroun,cameroun,challenge,Quel est le chef-lieu du departement du Mvila ?,Mundemba,Kumbo,Ebolowa,Yagoua,C,300,30,"Ebolowa est le chef-lieu du Mvila, dans la region : Sud.","cameroun,geographie,departements"
cmr-0287,Cameroun,cameroun,challenge,Quel est le chef-lieu du departement du Mayo-Sava ?,Mora,Kumbo,Tchollire,Sangmelima,A,300,30,"Mora est le chef-lieu du Mayo-Sava, dans la region : Extreme-Nord.","cameroun,geographie,departements"
cmr-0288,Cameroun,cameroun,moyen,Quelle part approximative du tissu economique camerounais les PME representent-elles ?,Environ 45 %,Environ 20 %,Moins de 5 %,Plus de 90 % des entreprises,D,200,25,Les PME et TPE constituent l'essentiel des entreprises enregistrees.,"cameroun,economie"
cmr-0289,Cameroun,cameroun,challenge,De quelle region du Cameroun le nkondre de chevre est-il originaire ou le plus consomme ?,L'Ouest,Le Littoral,L'Adamaoua,Le Nord-Ouest,A,300,30,Le nkondre de chevre est surtout associe a cette region.,"cameroun,gastronomie"
cmr-0290,Cameroun,cameroun,facile,Pourquoi surnomme-t-on le Cameroun l'Afrique en miniature ?,Parce qu'il a la plus petite population du continent,Parce qu'il est le plus petit pays d'Afrique,Parce qu'il reunit la plupart des climats et paysages du continent,Parce qu'il ne possede qu'un seul climat,C,100,20,"Desert, savane, foret, montagne et littoral coexistent au Cameroun.","cameroun,geographie"
cmr-0291,Cameroun,cameroun,facile,Quelle monnaie utilise-t-on au Cameroun ?,Le dirham,Le naira,Le franc CFA,Le cedi,C,100,20,Le Cameroun utilise le franc CFA d'Afrique centrale.,"cameroun,institutions,symboles"
cmr-0292,Cameroun,cameroun,moyen,Quelle personnalite camerounaise est connue pour avoir recu le prix Goncourt des lyceens pour Les Impatientes ?,Ahmadou Ahidjo,Victor Fotso,K-Tino,Djaili Amadou Amal,D,200,25,Il s'agit de Djaili Amadou Amal.,"cameroun,personnalites"
cmr-0293,Cameroun,cameroun,moyen,Dans quelle region du Cameroun se trouve la ville de Douala ?,Centre,Ouest,Littoral,Extreme-Nord,C,200,25,Douala est situee dans la region : Littoral.,"cameroun,geographie,villes"
cmr-0294,Cameroun,cameroun,facile,Quel est le chef-lieu de la region du Sud-Ouest ?,Buea,Bamenda,Ebolowa,Douala,A,100,20,Buea est le chef-lieu de la region de l'Sud-Ouest.,"cameroun,geographie,regions"
cmr-0295,Cameroun,cameroun,moyen,Comment s'appelle le championnat de football professionnel camerounais ?,La Serie A,L'Elite One,La Ligue 1 Orange,La Premier League,B,200,25,L'Elite One est la premiere division camerounaise.,"cameroun,divers"
cmr-0296,Cameroun,cameroun,moyen,"Dans le langage populaire camerounais, que designe un mbenguiste ?",Un Camerounais vivant a l'etranger,Un taxi ou vehicule de transport non officiel,"Un petit, un cadet ou un jeune",Payer ou glisser discretement de l'argent,A,200,25,Un mbenguiste : un camerounais vivant a l'etranger.,"cameroun,culture,expressions"
cmr-0297,Cameroun,cameroun,moyen,Le departement du Djerem appartient a quelle region ?,Nord,Sud-Ouest,Littoral,Adamaoua,D,200,25,Le Djerem se situe dans la region : Adamaoua.,"cameroun,geographie,departements"
cmr-0298,Cameroun,cameroun,moyen,Le departement du Mfoundi appartient a quelle region ?,Est,Nord,Centre,Ouest,C,200,25,Le Mfoundi se situe dans la region : Centre.,"cameroun,geographie,departements"
cmr-0299,Cameroun,cameroun,moyen,Quelle personnalite camerounaise est connue pour etre une figure majeure du makossa moderne ?,Nicolas Nkoulou,Ekambi Brillant,Petit-Pays,K-Tino,C,200,25,Il s'agit de Petit-Pays.,"cameroun,personnalites"
cmr-0300,Cameroun,cameroun,challenge,Dans quel secteur d'activite intervient la SIC ?,La distribution de carburants,L'immobilier,Les telecommunications,Le transport aerien,B,300,30,La SIC est la Societe Immobiliere du Cameroun.,"cameroun,economie,entreprises"
cmr-0301,Cameroun,cameroun,challenge,Dans quelle partie du Cameroun l'ananas est-il ou est-elle principalement cultive(e) ?,Le Littoral et le Sud-Ouest,Le Centre,L'Ouest et le Nord-Ouest,L'Adamaoua,A,300,30,Pour l'ananas : il est cultive dans le Moungo.,"cameroun,economie,agriculture"
cmr-0302,Cameroun,cameroun,moyen,Dans quelle region du Cameroun se trouve la ville de Eseka ?,Centre,Littoral,Nord,Ouest,A,200,25,Eseka est situee dans la region : Centre.,"cameroun,geographie,villes"
cmr-0303,Cameroun,cameroun,challenge,Quel est le chef-lieu du departement du Mbere ?,Douala,Bafoussam,Meiganga,Guider,C,300,30,"Meiganga est le chef-lieu du Mbere, dans la region : Adamaoua.","cameroun,geographie,departements"
cmr-0304,Cameroun,cameroun,moyen,Quel pays ne partage PAS de frontiere avec le Cameroun ?,Le Tchad,Le Gabon,Le Niger,Le Congo,C,200,25,Le Niger n'a pas de frontiere commune avec le Cameroun.,"cameroun,geographie"
cmr-0305,Cameroun,cameroun,moyen,De quelle region du Cameroun le mets de pistache est-il originaire ou le plus consomme ?,Le Centre,Le Littoral,L'Ouest,Le Sud-Ouest,A,200,25,Le mets de pistache est surtout associe a cette region.,"cameroun,gastronomie"
cmr-0306,Cameroun,cameroun,moyen,Dans quel domaine Djaili Amadou Amal s'est-il ou s'est-elle illustre(e) ?,Les affaires et l'entrepreneuriat,La litterature,La technologie,La politique,B,200,25,Djaili Amadou Amal est connu(e) pour avoir recu le prix Goncourt des lyceens pour Les Impatientes.,"cameroun,personnalites"
cmr-0307,Cameroun,cameroun,moyen,Quel marche de Douala est l'un des plus grands marches populaires du pays ?,Le marche central de Garoua,Le marche de Foumban,Le marche Mokolo de Yaounde,Le marche de Mboppi,D,200,25,Mboppi est un immense marche de Douala.,"cameroun,culture"
cmr-0308,Cameroun,cameroun,challenge,Dans quel domaine Victor Fotso s'est-il ou s'est-elle illustre(e) ?,Le cinema,Les affaires et l'entrepreneuriat,La technologie,L'athletisme,B,300,30,Victor Fotso est connu(e) pour avoir bati un grand groupe industriel et bancaire camerounais.,"cameroun,personnalites"
cmr-0309,Cameroun,cameroun,moyen,De quelle ville camerounaise le club de football Canon Sportif est-il originaire ?,Mbouda,Yaounde,Ngoumou,Douala,B,200,25,"Canon Sportif est base a Yaounde, dans la region : Le Centre.","cameroun,sport"
cmr-0310,Cameroun,cameroun,facile,Quel fleuve traverse la ville d'Edea et alimente un barrage ?,La Sanaga,Le Congo,Le Niger,Le Nil,A,100,20,Edea est installee sur la Sanaga.,"cameroun,culture-generale"
cmr-0311,Cameroun,cameroun,moyen,Que designe la marque camerounaise Kadji Beer ?,Un chocolat a tartiner,Une eau minerale,Une biere,Une pate a tartiner,C,200,25,Kadji Beer : elle est produite par le groupe Kadji.,"cameroun,marques"
cmr-0312,Cameroun,cameroun,moyen,De quelle region du Cameroun le bil-bil est-il originaire ou le plus consomme ?,Le Centre,Le Littoral,L'Est,Le Nord,D,200,25,Le bil-bil est surtout associe a cette region.,"cameroun,gastronomie"
cmr-0313,Cameroun,cameroun,moyen,Quelle entreprise camerounaise correspond a cette description : un brasseur installe a Douala ?,Guinness Cameroun,la SNI,Jumia Cameroun,Afriland First Bank,A,200,25,Il s'agit de Guinness Cameroun.,"cameroun,economie,entreprises"
cmr-0314,Cameroun,cameroun,moyen,Dans quelle region du Cameroun les Bamileke sont-ils principalement etablis ?,L'Est,Le Sud-Ouest,Le Nord,L'Ouest,D,200,25,Les Bamileke vivent principalement dans cette region.,"cameroun,peuples,langues"
cmr-0315,Cameroun,cameroun,moyen,Dans quelle region du Cameroun se trouve la ville de Fundong ?,Est,Centre,Nord-Ouest,Extreme-Nord,C,200,25,Fundong est situee dans la region : Nord-Ouest.,"cameroun,geographie,villes"
cmr-0316,Cameroun,cameroun,moyen,Ou se situe le Congo par rapport au Cameroun ?,au nord-est,au sud,a l'est,au sud-est,D,200,25,Le Congo borde le Cameroun au sud-est.,"cameroun,geographie,frontieres"
cmr-0317,Cameroun,cameroun,moyen,Quelles chutes camerounaises se jettent directement dans l'ocean ?,Les chutes de la Lobe,Les chutes de Menchum,Les chutes de la Metche,Les chutes d'Ekom Nkam,A,200,25,"Les chutes de la Lobe, pres de Kribi, sont un cas rare au monde.","cameroun,geographie"
cmr-0318,Cameroun,cameroun,moyen,Quel aeroport international dessert la capitale politique du Cameroun ?,L'aeroport de Yaounde-Nsimalen,L'aeroport de Douala,L'aeroport de Garoua,L'aeroport de Maroua-Salak,A,200,25,Nsimalen est l'aeroport international de Yaounde.,"cameroun,economie"
cmr-0319,Cameroun,cameroun,challenge,Quelle personnalite camerounaise est connue pour avoir ecrit la piece Trois pretendants un mari ?,Rene Philombe,Guillaume Oyono Mbia,Jovi,Leonora Miano,B,300,30,Il s'agit de Guillaume Oyono Mbia.,"cameroun,personnalites"
cmr-0320,Cameroun,cameroun,moyen,Dans quelle region du Cameroun se trouve la ville de Ngoumou ?,Centre,Adamaoua,Nord-Ouest,Est,A,200,25,Ngoumou est situee dans la region : Centre.,"cameroun,geographie,villes"
cmr-0321,Cameroun,cameroun,moyen,Dans quel domaine Le sultan Njoya s'est-il ou s'est-elle illustre(e) ?,La musique,La mode,La politique,La lutte contre la colonisation,C,200,25,Le sultan Njoya est connu(e) pour avoir invente l'ecriture shu-mom et regne sur le royaume Bamoun.,"cameroun,personnalites"
cmr-0322,Cameroun,cameroun,challenge,Dans quel secteur d'activite intervient la CICAM ?,Le textile,Le raffinage petrolier,L'agro-industrie,Le transfert d'argent,A,300,30,La CICAM est l'industrie cotonniere textile du Cameroun.,"cameroun,economie,entreprises"
cmr-0323,Cameroun,cameroun,moyen,De quelle region du Cameroun le koki est-il originaire ou le plus consomme ?,Le Centre,L'Extreme-Nord,Le Sud-Ouest,L'Adamaoua,A,200,25,Le koki est surtout associe a cette region.,"cameroun,gastronomie"
cmr-0324,Cameroun,cameroun,moyen,Combien de fois Samuel Eto'o a-t-il remporte le Ballon d'or africain ?,Six fois,Une fois,Quatre fois,Deux fois,C,200,25,"Samuel Eto'o a ete sacre en 2003, 2004, 2005 et 2010.","cameroun,personnalites,sport,culture"
cmr-0325,Cameroun,cameroun,moyen,Dans quelle region du Cameroun les Baka sont-ils principalement etablis ?,Le Nord-Ouest,Le Littoral,Le Sud,L'Est,D,200,25,Les Baka vivent principalement dans cette region.,"cameroun,peuples,langues"
cmr-0326,Cameroun,cameroun,challenge,Quel est le taux normal de l'impot sur les societes au Cameroun ?,10 %,Environ 33 % avec les centimes additionnels,75 %,50 %,B,300,30,Le taux de base est de 30 % plus 10 % de centimes additionnels.,"cameroun,economie"
cmr-0327,Cameroun,cameroun,facile,Quelle federation gere le football au Cameroun ?,La CAF Cameroun,La LFP,La FIFA nationale,La FECAFOOT,D,100,20,La Federation Camerounaise de Football.,"cameroun,divers"
cmr-0328,Cameroun,cameroun,moyen,Quel arbre est a l'origine du fruit appele safou au Cameroun ?,Le manguier,Le cacaoyer,Le palmier dattier,Le safoutier,D,200,25,Le safou est le fruit du safoutier.,"cameroun,divers"
cmr-0329,Cameroun,cameroun,moyen,Quel organisme gere la securite sociale des travailleurs au Cameroun ?,La CNPS,La CNSS,La CNAM,L'INPS,A,200,25,La Caisse Nationale de Prevoyance Sociale.,"cameroun,institutions,symboles"
cmr-0330,Cameroun,cameroun,challenge,Quel gisement de bauxite est situe dans l'Adamaoua ?,Le gisement de Mamfe,Le gisement de Minim-Martap,Le gisement de Kribi,Le gisement de Bertoua,B,300,30,Minim-Martap est l'un des principaux gisements de bauxite du pays.,"cameroun,economie"
cmr-0331,Cameroun,cameroun,challenge,Dans quel domaine Ernest Ouandie s'est-il ou s'est-elle illustre(e) ?,La technologie,La lutte contre la colonisation,Le cinema,L'athletisme,B,300,30,Ernest Ouandie est connu(e) pour avoir ete un dirigeant de l'UPC execute en 1971.,"cameroun,personnalites"
cmr-0332,Cameroun,cameroun,moyen,Combien de departements compte la region : Littoral ?,10,4,2,7,B,200,25,La region : Littoral compte 4 departements.,"cameroun,geographie,regions"
cmr-0333,Cameroun,cameroun,moyen,Le departement du Nyong-et-Mfoumou appartient a quelle region ?,Ouest,Est,Adamaoua,Centre,D,200,25,Le Nyong-et-Mfoumou se situe dans la region : Centre.,"cameroun,geographie,departements"
cmr-0334,Cameroun,cameroun,moyen,Quelle entreprise camerounaise correspond a cette description : une banque camerounaise fondee par Paul Kammogne Fokam ?,CAMWATER,la CNPS,la SONARA,Afriland First Bank,D,200,25,Il s'agit de Afriland First Bank.,"cameroun,economie,entreprises"
cmr-0335,Cameroun,cameroun,moyen,Quel est l'ingredient principal utilise pour preparer le mbongo tchobi ?,les feuilles de manioc pilees,le mais et les haricots,la noix de palme,les epices noires grillees et le poisson,D,200,25,Le mbongo tchobi se prepare avec les epices noires grillees et le poisson.,"cameroun,gastronomie"
cmr-0336,Cameroun,cameroun,challenge,Quelle personnalite camerounaise est connue pour avoir ecrit Les Chauves-souris ?,Bernard Nanga,Eric Maxim Choupo-Moting,Mr Leo,Paul Kammogne Fokam,A,300,30,Il s'agit de Bernard Nanga.,"cameroun,personnalites"
cmr-0337,Cameroun,cameroun,moyen,Quelle personnalite camerounaise est connue pour avoir popularise la chanson Margo ?,Calixthe Beyala,Locko,Rigobert Song,Tala Andre Marie,B,200,25,Il s'agit de Locko.,"cameroun,personnalites"
cmr-0338,Cameroun,cameroun,moyen,Comment surnomme-t-on la ville de Foumban ?,La cite des arts,La ville climatique,La perle du Sud,Abakwa,A,200,25,Foumban est le berceau de l'artisanat bamoun.,"cameroun,divers"
cmr-0339,Cameroun,cameroun,moyen,Le departement du Hauts-Plateaux appartient a quelle region ?,Littoral,Ouest,Est,Extreme-Nord,B,200,25,Le Hauts-Plateaux se situe dans la region : Ouest.,"cameroun,geographie,departements"
cmr-0340,Cameroun,cameroun,facile,La ville de Ngaoundere est le chef-lieu de quelle region du Cameroun ?,Extreme-Nord,Est,Nord,Adamaoua,D,100,20,Ngaoundere est le chef-lieu de la region : Adamaoua.,"cameroun,geographie,regions"
cmr-0341,Cameroun,cameroun,challenge,Quelle personnalite camerounaise est connue pour avoir realise le film W.A.K.A. ?,Francoise Ellong,Lady Ponce,Olivier Madiba,Marie-Jose Ta Lou,A,300,30,Il s'agit de Francoise Ellong.,"cameroun,personnalites"
cmr-0342,Cameroun,cameroun,moyen,Quel est le plus long fleuve entierement camerounais ?,La Sanaga,Le Wouri,La Benoue,Le Nyong,A,200,25,La Sanaga s'etire sur environ 918 km.,"cameroun,geographie"
cmr-0343,Cameroun,cameroun,moyen,Dans quelle region du Cameroun se trouve la ville de Lolodorf ?,Adamaoua,Sud,Ouest,Centre,B,200,25,Lolodorf est situee dans la region : Sud.,"cameroun,geographie,villes"
cmr-0344,Cameroun,cameroun,challenge,Quel parc national du Sud-Ouest est reconnu pour sa foret primaire ?,Le parc de Waza,Le parc de Bouba Ndjidah,Le parc national de Korup,Le parc de la Benoue,C,300,30,Korup est l'une des plus vieilles forets tropicales d'Afrique.,"cameroun,geographie"
cmr-0345,Cameroun,cameroun,challenge,Quelle personnalite camerounaise est connue pour etre un chanteur aveugle celebre pour Hot Koki ?,Andre-Marie Talla,Marie-Jose Ta Lou,Jean-Marie Teno,Olivier Madiba,A,300,30,Il s'agit de Andre-Marie Talla.,"cameroun,personnalites"
cmr-0346,Cameroun,cameroun,moyen,Dans quelle region du Cameroun les Kom sont-ils principalement etablis ?,Le Sud-Ouest,Le Nord-Ouest,L'Extreme-Nord,L'Est,B,200,25,Les Kom vivent principalement dans cette region.,"cameroun,peuples,langues"
cmr-0347,Cameroun,cameroun,moyen,Quelle personnalite camerounaise est connue pour avoir cree le studio Kiro'o Games et le jeu Aurion ?,Churchill Mambe,Richard Bona,Olivier Madiba,Salatiel,C,200,25,Il s'agit de Olivier Madiba.,"cameroun,personnalites"
cmr-0348,Cameroun,cameroun,facile,Que designe la marque camerounaise Mambo ?,Un service de telecommunication,Un service de mobile money,Un chocolat a tartiner,Une pate a tartiner,C,100,20,Mambo : il est produit par Chococam.,"cameroun,marques"
cmr-0349,Cameroun,cameroun,moyen,Dans quelle region du Cameroun les Mbo sont-ils principalement etablis ?,Le Sud,L'Extreme-Nord,Le Centre,Le Littoral,D,200,25,Les Mbo vivent principalement dans cette region.,"cameroun,peuples,langues"
cmr-0350,Cameroun,cameroun,challenge,Dans quel domaine Francoise Ellong s'est-il ou s'est-elle illustre(e) ?,L'athletisme,Le cinema,La politique,La technologie,B,300,30,Francoise Ellong est connu(e) pour avoir realise le film W.A.K.A..,"cameroun,personnalites"
cmr-0351,Cameroun,cameroun,moyen,Le departement du Meme appartient a quelle region ?,Nord,Extreme-Nord,Sud-Ouest,Littoral,C,200,25,Le Meme se situe dans la region : Sud-Ouest.,"cameroun,geographie,departements"
cmr-0352,Cameroun,cameroun,moyen,Dans quelle region du Cameroun se trouve la ville de Abong-Mbang ?,Nord-Ouest,Est,Sud,Extreme-Nord,B,200,25,Abong-Mbang est situee dans la region : Est.,"cameroun,geographie,villes"
cmr-0353,Cameroun,cameroun,moyen,Quelle affirmation est exacte a propos du coton au Cameroun ?,"En resume, il pousse en zone chaude et humide","En resume, il est une cereale de base des hautes terres","En resume, la region de Maroua en est un bassin reconnu","En resume, il est encadre par la SODECOTON",D,200,25,Pour le coton : il est encadre par la SODECOTON.,"cameroun,economie,agriculture"
cmr-0354,Cameroun,cameroun,facile,La ville de Yaounde est le chef-lieu de quelle region du Cameroun ?,Nord-Ouest,Centre,Sud-Ouest,Est,B,100,20,Yaounde est le chef-lieu de la region : Centre.,"cameroun,geographie,regions"
cmr-0355,Cameroun,cameroun,moyen,Ou se situe le Nigeria par rapport au Cameroun ?,au sud-ouest,a l'ouest et au nord-ouest,au sud,a l'est,B,200,25,Le Nigeria borde le Cameroun a l'ouest et au nord-ouest.,"cameroun,geographie,frontieres"
cmr-0356,Cameroun,cameroun,facile,Quelle est la devise de la Republique du Cameroun ?,Unite - Progres - Justice,Paix - Travail - Patrie,Liberte - Egalite - Fraternite,Force - Union - Avenir,B,100,20,La devise nationale est Paix - Travail - Patrie.,"cameroun,institutions,symboles"
cmr-0357,Cameroun,cameroun,challenge,Combien d'Etats membres compte la CEMAC ?,Six,Quinze,Quatre,Huit,A,300,30,"Cameroun, Congo, Gabon, Guinee equatoriale, RCA et Tchad.","cameroun,institutions,symboles"
cmr-0358,Cameroun,cameroun,moyen,Quelle langue vehiculaire est largement parlee dans le Grand Nord du Cameroun ?,L'ewondo,Le douala,Le bassa,Le fulfulde,D,200,25,Le fulfulde est la langue des Peuls et sert de langue d'echange.,"cameroun,culture"
cmr-0359,Cameroun,cameroun,moyen,Le departement du Mayo-Rey appartient a quelle region ?,Nord,Est,Ouest,Centre,A,200,25,Le Mayo-Rey se situe dans la region : Nord.,"cameroun,geographie,departements"
cmr-0360,Cameroun,cameroun,moyen,Quel diplome sanctionne le cycle secondaire anglophone au Cameroun ?,Le GCE Advanced Level,Le baccalaureat,Le BEPC,Le CEP,A,200,25,Le General Certificate of Education est delivre par le GCE Board.,"cameroun,culture"
cmr-0361,Cameroun,cameroun,moyen,Le departement du Mayo-Louti appartient a quelle region ?,Nord,Est,Nord-Ouest,Centre,A,200,25,Le Mayo-Louti se situe dans la region : Nord.,"cameroun,geographie,departements"
cmr-0362,Cameroun,cameroun,moyen,Quel corridor routier relie Douala a N'Djamena et Bangui ?,Le corridor Abidjan-Lagos,Le corridor du Nil,Le corridor Nord-Sud,Le corridor Douala-Tchad-RCA,D,200,25,Le port de Douala sert de porte d'entree pour le Tchad et la RCA.,"cameroun,economie"
cmr-0363,Cameroun,cameroun,challenge,Quel rythme musical est associe a la region de l'Ouest ?,Le bikutsi,Le makossa,L'assiko,Le bend-skin,D,300,30,Le bend-skin est ne dans les Grassfields de l'Ouest.,"cameroun,personnalites,sport,culture"
cmr-0364,Cameroun,cameroun,facile,De quelle region du Cameroun le poulet DG est-il originaire ou le plus consomme ?,L'Ouest,Le Littoral,L'Extreme-Nord,Le Centre,B,100,20,Le poulet DG est surtout associe a cette region.,"cameroun,gastronomie"
cmr-0365,Cameroun,cameroun,moyen,En quelle annee le multipartisme a-t-il ete retabli au Cameroun ?,1990,1985,1996,1982,A,200,25,La loi sur les libertes date du 19 decembre 1990.,"cameroun,histoire"
cmr-0366,Cameroun,cameroun,moyen,Quelle organisation regionale harmonise le droit des affaires dans 17 pays africains ?,L'OHADA,La CNUCED,L'OMC,Le FMI,A,200,25,"L'OHADA harmonise le droit commercial, comptable et des societes.","cameroun,economie"
cmr-0367,Cameroun,cameroun,challenge,De quelle region du Cameroun le katikati est-il originaire ou le plus consomme ?,Le Nord-Ouest,Le Nord,Le Sud-Ouest,L'Est,A,300,30,Le katikati est surtout associe a cette region.,"cameroun,gastronomie"
cmr-0368,Cameroun,cameroun,moyen,Dans quel domaine Lady Ponce s'est-il ou s'est-elle illustre(e) ?,Le cinema,La musique,La politique,La lutte contre la colonisation,B,200,25,Lady Ponce est connu(e) pour etre une reine du bikutsi.,"cameroun,personnalites"
cmr-0369,Cameroun,cameroun,moyen,Le departement du Mefou-et-Akono appartient a quelle region ?,Centre,Nord-Ouest,Ouest,Nord,A,200,25,Le Mefou-et-Akono se situe dans la region : Centre.,"cameroun,geographie,departements"
cmr-0370,Cameroun,cameroun,moyen,Dans quelle partie du Cameroun le cafe robusta est-il ou est-elle principalement cultive(e) ?,Le Littoral et le Sud-Ouest,Le Sud et l'Est,L'Adamaoua,Le Grand Nord,A,200,25,Pour le cafe robusta : il pousse en zone chaude et humide.,"cameroun,economie,agriculture"
cmr-0371,Cameroun,cameroun,moyen,Dans quel secteur d'activite intervient Chococam ?,Le raffinage petrolier,Les telecommunications,Le coton,L'agroalimentaire,D,200,25,Chococam est le fabricant de chocolats et confiseries.,"cameroun,economie,entreprises"
cmr-0372,Cameroun,cameroun,moyen,Comment appelle-t-on le chef traditionnel peul dans le Nord du Cameroun ?,Le Sultan de Douala,Le Lamido,Le Fon,Le Mfon Sawa,B,200,25,Le lamidat est l'institution traditionnelle peule.,"cameroun,culture"
cmr-0373,Cameroun,cameroun,moyen,Comment appelle-t-on l'hymne national camerounais ?,Le Chant de Ralliement,Le Chant du Wouri,L'Hymne de l'Unite,La Marche des Lions,A,200,25,O Cameroun berceau de nos ancetres est appele le Chant de Ralliement.,"cameroun,institutions,symboles"
cmr-0374,Cameroun,cameroun,moyen,Quel est l'ingredient principal utilise pour preparer l'eru ?,le taro et l'huile de palme aux epices,les feuilles d'eru et le waterleaf,les feuilles de gnetum,les haricots ecrases,B,200,25,L'eru se prepare avec les feuilles d'eru et le waterleaf.,"cameroun,gastronomie"
cmr-0375,Cameroun,cameroun,moyen,Quelle entreprise camerounaise correspond a cette description : une cimenterie du groupe nigerian Dangote a Douala ?,Dangote Cement Cameroun,Jumia Cameroun,le PAD,Bocom,A,200,25,Il s'agit de Dangote Cement Cameroun.,"cameroun,economie,entreprises"
cmr-0376,Cameroun,cameroun,facile,Dans quel domaine Paul Biya s'est-il ou s'est-elle illustre(e) ?,La politique,Les affaires et l'entrepreneuriat,La technologie,La musique,A,100,20,Paul Biya est connu(e) pour etre devenu president du Cameroun le 6 novembre 1982.,"cameroun,personnalites"
cmr-0377,Cameroun,cameroun,challenge,Quel rocher emblematique se trouve sur la cote de Kribi ?,Le Rocher de Manoka,Le Rocher du Lion,La Pierre de Buea,Le Rocher du Loup,D,300,30,Le Rocher du Loup est un site touristique de Kribi.,"cameroun,culture"
cmr-0378,Cameroun,cameroun,facile,Que designe la marque camerounaise Top ?,Une boisson gazeuse,Un service de mobile money,Un chocolat a tartiner,Une eau minerale,A,100,20,Top : elle est declinee en plusieurs parfums fruites.,"cameroun,marques"
cmr-0379,Cameroun,cameroun,moyen,Dans quel domaine Francoise Mbango Etone s'est-il ou s'est-elle illustre(e) ?,La politique,La musique,L'athletisme,Le cinema,C,200,25,Francoise Mbango Etone est connu(e) pour avoir remporte deux titres olympiques au triple saut en 2004 et 2008.,"cameroun,personnalites"
cmr-0380,Cameroun,cameroun,facile,Quel instrument Manu Dibango jouait-il principalement ?,La guitare,Le piano,Le saxophone,La trompette,C,100,20,Manu Dibango etait saxophoniste et vibraphoniste.,"cameroun,personnalites,sport,culture"
cmr-0381,Cameroun,cameroun,facile,Quelle couleur figure au centre du drapeau camerounais ?,Le rouge,Le blanc,Le noir,Le bleu,A,100,20,La bande rouge occupe le centre du drapeau.,"cameroun,culture-generale"
cmr-0382,Cameroun,cameroun,challenge,Quelle danse traditionnelle est associee aux Grassfields du Nord-Ouest ?,Le makossa,Le njang,L'assiko,Le bikutsi,B,300,30,Le njang accompagne les ceremonies dans le Nord-Ouest.,"cameroun,culture"
cmr-0383,Cameroun,cameroun,moyen,Dans quelle region du Cameroun se trouve la ville de Bafia ?,Ouest,Sud,Centre,Adamaoua,C,200,25,Bafia est situee dans la region : Centre.,"cameroun,geographie,villes"
cmr-0384,Cameroun,cameroun,moyen,Quelle juridiction internationale a tranche le differend de Bakassi en 2002 ?,Le Conseil de securite de l'ONU,La Cour internationale de justice,La Cour penale internationale,L'Union africaine,B,200,25,La CIJ de La Haye a rendu son arret le 10 octobre 2002.,"cameroun,histoire"
cmr-0385,Cameroun,cameroun,moyen,Dans quelle region du Cameroun se trouve la ville de Garoua-Boulai ?,Ouest,Sud,Nord,Est,D,200,25,Garoua-Boulai est situee dans la region : Est.,"cameroun,geographie,villes"
cmr-0386,Cameroun,cameroun,challenge,Quelle personnalite camerounaise est connue pour avoir marque des buts decisifs avec les Lionnes Indomptables en Coupe du monde ?,Ajara Nchout,Ekambi Brillant,Manu Dibango,Salatiel,A,300,30,Il s'agit de Ajara Nchout.,"cameroun,personnalites"
cmr-0387,Cameroun,cameroun,challenge,Quel lac de la region de l'Ouest a connu une eruption gazeuse en 1984 ?,Le lac Ossa,Le lac Nyos,Le lac Bini,Le lac Monoun,D,300,30,"Le lac Monoun, pres de Foumbot, a precede la catastrophe de Nyos.","cameroun,geographie"
cmr-0388,Cameroun,cameroun,facile,Le Cameroun partage-t-il une frontiere terrestre avec le Tchad ?,"Non, il en est separe par un autre pays","Non, ce pays n'existe pas en Afrique",Oui,"Non, il en est separe par un ocean",C,100,20,Le Tchad est bien un voisin du Cameroun (au nord-est).,"cameroun,geographie,frontieres"
cmr-0389,Cameroun,cameroun,challenge,Dans quel domaine Coco Argentee s'est-il ou s'est-elle illustre(e) ?,Les affaires et l'entrepreneuriat,La politique,La musique,La lutte contre la colonisation,C,300,30,Coco Argentee est connu(e) pour etre une chanteuse de bikutsi tres populaire.,"cameroun,personnalites"
cmr-0390,Cameroun,cameroun,challenge,Combien de deputes compte l'Assemblee nationale du Cameroun ?,100,150,250,180,D,300,30,L'Assemblee nationale compte 180 deputes.,"cameroun,institutions,symboles"
cmr-0391,Cameroun,cameroun,facile,Quel est l'ingredient principal utilise pour preparer le soya ?,la viande de boeuf grillee et epicee en brochettes,le macabo rape,le pain garni de spaghetti et d'omelette,le manioc fermente en petits batons,A,100,20,Le soya se prepare avec la viande de boeuf grillee et epicee en brochettes.,"cameroun,gastronomie"
cmr-0392,Cameroun,cameroun,moyen,Quelle affirmation est exacte a propos du mil et le sorgho au Cameroun ?,"En resume, les plantations de Djuttitsa et Ndu sont connues","En resume, ce sont les cereales de base en zone sahelienne","En resume, elle est cultivee autour du Moungo et du Fako","En resume, il est encadre par la SODECOTON",B,200,25,Pour le mil et le sorgho : ce sont les cereales de base en zone sahelienne.,"cameroun,economie,agriculture"
cmr-0393,Cameroun,cameroun,challenge,Dans quel domaine Dina Bell s'est-il ou s'est-elle illustre(e) ?,La mode,L'athletisme,La musique,La lutte contre la colonisation,C,300,30,Dina Bell est connu(e) pour etre une voix historique du makossa.,"cameroun,personnalites"
cmr-0394,Cameroun,cameroun,moyen,Dans quelle region du Cameroun se trouve la ville de Rhumsiki ?,Adamaoua,Ouest,Centre,Extreme-Nord,D,200,25,Rhumsiki est situee dans la region : Extreme-Nord.,"cameroun,geographie,villes"
cmr-0395,Cameroun,cameroun,moyen,Quel barrage hydroelectrique a ete mis en service sur la Sanaga a Nachtigal ?,Le barrage de Maga,Le barrage de Bamendjing,Le barrage de Lagdo,Le barrage de Nachtigal,D,200,25,Nachtigal Amont est concu pour environ 420 MW.,"cameroun,geographie"
cmr-0396,Cameroun,cameroun,moyen,Dans quelle region du Cameroun les Nso sont-ils principalement etablis ?,Le Sud,Le Sud-Ouest,Le Nord-Ouest,Le Littoral,C,200,25,Les Nso vivent principalement dans cette region.,"cameroun,peuples,langues"
cmr-0397,Cameroun,cameroun,moyen,Le departement du Vallee-du-Ntem appartient a quelle region ?,Littoral,Nord,Centre,Sud,D,200,25,Le Vallee-du-Ntem se situe dans la region : Sud.,"cameroun,geographie,departements"
cmr-0398,Cameroun,cameroun,moyen,Dans quelle partie du Cameroun le coton est-il ou est-elle principalement cultive(e) ?,Le Sud et l'Est,Le Centre,L'Ouest et le Nord-Ouest,Le Grand Nord,D,200,25,Pour le coton : il est encadre par la SODECOTON.,"cameroun,economie,agriculture"
cmr-0399,Cameroun,cameroun,moyen,Quelle affirmation est exacte a propos du cafe robusta au Cameroun ?,"En resume, la SEMRY exploite les perimetres de Yagoua et Maga","En resume, il pousse en zone chaude et humide","En resume, il beneficie d'une indication geographique protegee","En resume, il est cultive dans le Moungo",B,200,25,Pour le cafe robusta : il pousse en zone chaude et humide.,"cameroun,economie,agriculture"
cmr-0400,Cameroun,cameroun,moyen,Dans quelle region du Cameroun se trouve la ville de Kumbo ?,Centre,Ouest,Adamaoua,Nord-Ouest,D,200,25,Kumbo est situee dans la region : Nord-Ouest.,"cameroun,geographie,villes"
cmr-0401,Cameroun,cameroun,moyen,Que designe la marque camerounaise Tartina ?,Une boisson maltee sans alcool,Une pate a tartiner,Un service de telecommunication,Un service de mobile money,B,200,25,Tartina : elle est produite par Chococam.,"cameroun,marques"
cmr-0402,Cameroun,cameroun,moyen,Dans quelle region du Cameroun les Mbororo sont-ils principalement etablis ?,L'Adamaoua,L'Extreme-Nord,Le Centre,Le Sud,A,200,25,Les Mbororo vivent principalement dans cette region.,"cameroun,peuples,langues"
cmr-0403,Cameroun,cameroun,moyen,Dans quel domaine William Elong s'est-il ou s'est-elle illustre(e) ?,Le football,La technologie,La politique,La litterature,B,200,25,William Elong est connu(e) pour avoir cree une startup camerounaise de drones civils.,"cameroun,personnalites"
cmr-0404,Cameroun,cameroun,moyen,Quel est le role du Guichet unique du commerce exterieur (GUCE) au Cameroun ?,Gerer les bourses scolaires,Collecter les impots sur les salaires,Delivrer les passeports,Simplifier les formalites d'import-export en un seul point,D,200,25,Le GUCE regroupe les administrations liees au commerce exterieur.,"cameroun,institutions,symboles"
cmr-0405,Cameroun,cameroun,moyen,Dans quelle partie du Cameroun l'hevea est-il ou est-elle principalement cultive(e) ?,L'Ouest et le Nord-Ouest,Le Centre,L'Adamaoua,Le Littoral et le Sud-Ouest,D,200,25,Pour l'hevea : il fournit le caoutchouc naturel.,"cameroun,economie,agriculture"
cmr-0406,Cameroun,cameroun,facile,"Dans le langage populaire camerounais, que designe un sauveteur ?",Un petit commercant qui vend au bord de la route,Ce qui est de mauvaise qualite ou bricole,Un patron ou un homme respecte,"La nourriture, le fait de manger",A,100,20,Un sauveteur : un petit commercant qui vend au bord de la route.,"cameroun,culture,expressions"
cmr-0407,Cameroun,cameroun,moyen,Quelle est la population approximative du Cameroun aujourd'hui ?,Environ 8 millions,Environ 55 millions,Environ 28 millions d'habitants,Environ 90 millions,C,200,25,La population est estimee autour de 28 a 29 millions d'habitants.,"cameroun,geographie"
cmr-0408,Cameroun,cameroun,moyen,Quelle course sportive celebre se dispute chaque annee sur le mont Cameroun ?,La Ronde de Buea,La Course de l'Espoir,Le Marathon du Wouri,Le Trophee des Volcans,B,200,25,La Course de l'Espoir attire des coureurs du monde entier.,"cameroun,geographie"
cmr-0409,Cameroun,cameroun,moyen,Le departement du Kadey appartient a quelle region ?,Nord-Ouest,Extreme-Nord,Ouest,Est,D,200,25,Le Kadey se situe dans la region : Est.,"cameroun,geographie,departements"
cmr-0410,Cameroun,cameroun,challenge,Quel est le chef-lieu du departement du Faro-et-Deo ?,Nkongsamba,Tignere,Nanga-Eboko,Kousseri,B,300,30,"Tignere est le chef-lieu du Faro-et-Deo, dans la region : Adamaoua.","cameroun,geographie,departements"
cmr-0411,Cameroun,cameroun,moyen,Qui represente l'Etat a la tete d'une region au Cameroun ?,Le prefet,Le gouverneur,Le sous-prefet,Le maire,B,200,25,Le gouverneur est nomme par decret presidentiel.,"cameroun,institutions,symboles"
cmr-0412,Cameroun,cameroun,challenge,Quel lamidat du Nord est reste celebre pour son autonomie historique ?,Le lamidat de Rey Bouba,Le lamidat de Bafang,Le lamidat de Kribi,Le lamidat de Buea,A,300,30,"Rey Bouba, dans le Mayo-Rey, est un lamidat puissant.","cameroun,culture"
cmr-0413,Cameroun,cameroun,moyen,Dans quelle partie du Cameroun la banane d'exportation est-il ou est-elle principalement cultive(e) ?,L'Ouest et le Nord-Ouest,Le Littoral et le Sud-Ouest,L'Adamaoua,Le Centre,B,200,25,Pour la banane d'exportation : elle est cultivee autour du Moungo et du Fako.,"cameroun,economie,agriculture"
cmr-0414,Cameroun,cameroun,challenge,Quel systeme comptable les entreprises camerounaises appliquent-elles ?,Le SYSCOHADA revise,Les IFRS obligatoires pour toutes,Le plan comptable francais 1982,Le plan comptable americain,A,300,30,Le SYSCOHADA revise est en vigueur depuis 2018.,"cameroun,economie"
cmr-0415,Cameroun,cameroun,moyen,Dans quelle region du Cameroun les Bakweri sont-ils principalement etablis ?,L'Extreme-Nord,Le Nord-Ouest,Le Nord,Le Sud-Ouest,D,200,25,Les Bakweri vivent principalement dans cette region.,"cameroun,peuples,langues"
cmr-0416,Cameroun,cameroun,facile,Quel materiau local est utilise pour fabriquer les paniers artisanaux ?,Le plastique importe,L'acier inoxydable,Le verre souffle,Le raphia,D,100,20,Le raphia est tresse par les artisans.,"cameroun,culture-generale"
cmr-0417,Cameroun,cameroun,moyen,Quelle affirmation est exacte a propos de l'hevea au Cameroun ?,"En resume, il fournit le caoutchouc naturel","En resume, elle entre dans la preparation du ndole et des sauces","En resume, il beneficie d'une indication geographique protegee","En resume, les hautes terres offrent un climat favorable",A,200,25,Pour l'hevea : il fournit le caoutchouc naturel.,"cameroun,economie,agriculture"
cmr-0418,Cameroun,cameroun,facile,Quel evenement national est celebre chaque 20 mai au Cameroun ?,La fete du cacao,Le nouvel an,La fete nationale,La fete des meres,C,100,20,Le 20 mai est la fete nationale.,"cameroun,culture-generale"
cmr-0419,Cameroun,cameroun,moyen,Dans quel domaine Blanche Bailly s'est-il ou s'est-elle illustre(e) ?,Les affaires et l'entrepreneuriat,Le cinema,La lutte contre la colonisation,La musique,D,200,25,Blanche Bailly est connu(e) pour etre une chanteuse afropop connue pour Mimbayeur.,"cameroun,personnalites"
cmr-0420,Cameroun,cameroun,moyen,Dans quel domaine Baba Danpullo s'est-il ou s'est-elle illustre(e) ?,Les affaires et l'entrepreneuriat,Le cinema,La musique,La lutte contre la colonisation,A,200,25,Baba Danpullo est connu(e) pour etre l'un des hommes d'affaires les plus riches du Cameroun.,"cameroun,personnalites"
cmr-0421,Cameroun,cameroun,moyen,Quel quartier de Douala est connu pour ses activites nocturnes et sa vie animee ?,Nsimalen,Mvog-Ada,Melen,Akwa,D,200,25,"Akwa concentre hotels, bars et commerces.","cameroun,divers"
cmr-0422,Cameroun,cameroun,moyen,Que s'est-il passe le 1er octobre 1961 au Cameroun ?,La creation du Sénat,L'adoption de l'Etat unitaire,La proclamation de l'independance,La reunification avec le Southern Cameroons britannique,D,200,25,Le Cameroun meridional britannique a rejoint la Republique.,"cameroun,histoire"
cmr-0423,Cameroun,cameroun,moyen,"Dans le langage populaire camerounais, que designe tchouker ?",Un patron ou un homme respecte,Payer ou glisser discretement de l'argent,Un moto-taxi,"Un revendeur, souvent une commercante de vivres",B,200,25,Tchouker : payer ou glisser discretement de l'argent.,"cameroun,culture,expressions"
cmr-0424,Cameroun,cameroun,challenge,Dans quel secteur d'activite intervient la SNI ?,L'electricite,La distribution de carburants,L'immobilier,L'investissement public,D,300,30,La SNI est la Societe Nationale d'Investissement.,"cameroun,economie,entreprises"
cmr-0425,Cameroun,cameroun,moyen,"Quelle personnalite camerounaise est connue pour etre surnommee la femme du peuple, figure du bikutsi ?",Manu Dibango,X-Maleya,Francoise Ellong,K-Tino,D,200,25,Il s'agit de K-Tino.,"cameroun,personnalites"
cmr-0426,Cameroun,cameroun,moyen,Dans quel secteur d'activite intervient la CDC ?,Le transport aerien,L'agroalimentaire,L'agro-industrie,Le transport ferroviaire,C,200,25,"La CDC est un grand employeur agricole du Sud-Ouest (banane, hevea, palmier).","cameroun,economie,entreprises"
cmr-0427,Cameroun,cameroun,moyen,Quel est l'ingredient principal utilise pour preparer le njama njama ?,"la morelle noire, un legume-feuille",le pain garni de spaghetti et d'omelette,les epices noires grillees et le poisson,le taro pile et la soupe jaune,A,200,25,"Le njama njama se prepare avec la morelle noire, un legume-feuille.","cameroun,gastronomie"
cmr-0428,Cameroun,cameroun,moyen,"Dans le langage populaire camerounais, que designe un pia ?","Un revendeur, souvent une commercante de vivres","Un petit, un cadet ou un jeune",De l'argent,"L'intimidation, le fait de faire peur",C,200,25,Un pia : de l'argent.,"cameroun,culture,expressions"
cmr-0429,Cameroun,cameroun,moyen,Quel parti politique a mene la lutte pour l'independance du Cameroun a partir de 1948 ?,Le SDF,Le RDPC,L'UPC (Union des Populations du Cameroun),L'UNDP,C,200,25,L'UPC a ete fondee le 10 avril 1948.,"cameroun,histoire"
cmr-0430,Cameroun,cameroun,facile,Quel sport est le plus populaire au Cameroun ?,Le football,Le hockey sur glace,Le cricket,Le ski alpin,A,100,20,Le football est le sport roi du pays.,"cameroun,culture-generale"
cmr-0431,Cameroun,cameroun,challenge,Quel est le chef-lieu du departement du Haut-Nyong ?,Garoua,Abong-Mbang,Yaounde,Bamenda,B,300,30,"Abong-Mbang est le chef-lieu du Haut-Nyong, dans la region : Est.","cameroun,geographie,departements"
cmr-0432,Cameroun,cameroun,moyen,Dans quelle region du Cameroun se trouve la ville de Bafang ?,Extreme-Nord,Ouest,Centre,Sud-Ouest,B,200,25,Bafang est situee dans la region : Ouest.,"cameroun,geographie,villes"
cmr-0433,Cameroun,cameroun,moyen,Comment surnomme-t-on la ville de Yaounde ?,La capitale du Nord,La cite des arts,La perle du Sud,La ville aux sept collines,D,200,25,Yaounde est batie sur plusieurs collines.,"cameroun,divers"
cmr-0434,Cameroun,cameroun,challenge,Quel est le chef-lieu du departement du Koung-Khi ?,Foumban,Mbengwi,Bandjoun,Bafang,C,300,30,"Bandjoun est le chef-lieu du Koung-Khi, dans la region : Ouest.","cameroun,geographie,departements"
cmr-0435,Cameroun,cameroun,facile,De quelle region du Cameroun le poisson braise est-il originaire ou le plus consomme ?,Le Sud-Ouest,L'Est,Le Nord-Ouest,Le Littoral,D,100,20,Le poisson braise est surtout associe a cette region.,"cameroun,gastronomie"
cmr-0436,Cameroun,cameroun,facile,Quel accompagnement a base de manioc est vendu enveloppe dans des feuilles ?,Le pain de mie,La baguette viennoise,Le croissant,Le bobolo,D,100,20,Le bobolo est un baton de manioc.,"cameroun,culture-generale"
cmr-0437,Cameroun,cameroun,challenge,Quelle personnalite camerounaise est connue pour avoir dirige l'UPC en exil avant d'etre empoisonne a Geneve ?,Djaili Amadou Amal,Andre-Marie Talla,Felix-Roland Moumie,Ekambi Brillant,C,300,30,Il s'agit de Felix-Roland Moumie.,"cameroun,personnalites"
cmr-0438,Cameroun,cameroun,challenge,Quelle personnalite camerounaise est connue pour avoir marque la musique camerounaise malgre sa cecite ?,Jovi,Tala Andre Marie,Patrick Mboma,Felix-Roland Moumie,B,300,30,Il s'agit de Tala Andre Marie.,"cameroun,personnalites"
cmr-0439,Cameroun,cameroun,moyen,Dans quelle region du Cameroun se trouve la ville de Njombe ?,Sud,Extreme-Nord,Littoral,Nord,C,200,25,Njombe est situee dans la region : Littoral.,"cameroun,geographie,villes"
cmr-0440,Cameroun,cameroun,moyen,Quelle personnalite camerounaise est connue pour avoir ete capitaine des Lions Indomptables puis leur selectionneur ?,Coco Argentee,Olivier Madiba,Paul Kammogne Fokam,Rigobert Song,D,200,25,Il s'agit de Rigobert Song.,"cameroun,personnalites"
cmr-0441,Cameroun,cameroun,challenge,Dans quel domaine Tala Andre Marie s'est-il ou s'est-elle illustre(e) ?,La litterature,La musique,La mode,La politique,B,300,30,Tala Andre Marie est connu(e) pour avoir marque la musique camerounaise malgre sa cecite.,"cameroun,personnalites"
cmr-0442,Cameroun,cameroun,challenge,En quelle annee le Cameroun a-t-il remporte sa premiere CAN ?,1984,1988,1972,1990,A,300,30,Le premier sacre continental date de 1984.,"cameroun,personnalites,sport,culture"
cmr-0443,Cameroun,cameroun,facile,Comment appelle-t-on la monnaie utilisee dans les marches camerounais ?,La livre sterling,L'euro,Le dollar,Le franc CFA,D,100,20,Le franc CFA est la monnaie du Cameroun.,"cameroun,culture-generale"
cmr-0444,Cameroun,cameroun,challenge,Quelle competition scolaire de football porte le nom d'un tournoi national des lycees et colleges ?,Le Tournoi des Six Nations,La Champions League,Les Jeux FENASSCO,La Coupe Davis,C,300,30,La FENASSCO organise les competitions scolaires.,"cameroun,divers"
cmr-0445,Cameroun,cameroun,challenge,Quelle personnalite camerounaise est connue pour avoir joue a Lyon et Tottenham ?,Andre-Marie Talla,Clinton Njie,Stanley Enow,Ernest Ouandie,B,300,30,Il s'agit de Clinton Njie.,"cameroun,personnalites"
cmr-0446,Cameroun,cameroun,moyen,Le departement du Vina appartient a quelle region ?,Est,Sud-Ouest,Nord,Adamaoua,D,200,25,Le Vina se situe dans la region : Adamaoua.,"cameroun,geographie,departements"
cmr-0447,Cameroun,cameroun,moyen,Quelle langue vehiculaire anglophone est tres parlee dans le Sud-Ouest et le Nord-Ouest ?,Le lingala,Le haoussa,Le swahili,Le pidgin english,D,200,25,Le pidgin english sert de langue de communication courante.,"cameroun,culture"
cmr-0448,Cameroun,cameroun,facile,A quoi sert principalement une tontine au Cameroun ?,A distribuer des diplomes,A payer les impots de l'Etat,A organiser des competitions sportives,A epargner en groupe et financer les projets des membres a tour de role,D,100,20,La tontine mobilise l'epargne collective et finance des projets.,"cameroun,culture"
cmr-0449,Cameroun,cameroun,facile,Quelle saison domine de novembre a fevrier dans le Nord du Cameroun ?,La saison des pluies,La mousson,La saison seche,L'hiver neigeux,C,100,20,Le Nord connait une longue saison seche.,"cameroun,divers"
cmr-0450,Cameroun,cameroun,moyen,Quelle entreprise camerounaise correspond a cette description : une banque commerciale historique du Cameroun ?,CAMWATER,Chococam,Tradex,la BICEC,D,200,25,Il s'agit de la BICEC.,"cameroun,economie,entreprises"
cmr-0451,Cameroun,cameroun,moyen,Quelle affirmation est exacte a propos du palmier a huile au Cameroun ?,"En resume, elle est notamment cultivee autour de Tibati et du Mbam","En resume, il beneficie d'une indication geographique protegee","En resume, il alimente l'industrie de l'huile de palme","En resume, il pousse en zone chaude et humide",C,200,25,Pour le palmier a huile : il alimente l'industrie de l'huile de palme.,"cameroun,economie,agriculture"
cmr-0452,Cameroun,cameroun,moyen,Dans quelle partie du Cameroun l'arachide est-il ou est-elle principalement cultive(e) ?,L'Adamaoua,Le Grand Nord,L'Ouest et le Nord-Ouest,Le Sud et l'Est,B,200,25,Pour l'arachide : elle entre dans la preparation du ndole et des sauces.,"cameroun,economie,agriculture"
cmr-0453,Cameroun,cameroun,moyen,Dans quel secteur d'activite intervient Cimencam ?,Le coton,Les eaux minerales,L'immobilier,Le ciment,D,200,25,Cimencam est un producteur historique de ciment au Cameroun.,"cameroun,economie,entreprises"
cmr-0454,Cameroun,cameroun,moyen,Dans quelle region du Cameroun se trouve la ville de Kumba ?,Sud-Ouest,Est,Nord,Extreme-Nord,A,200,25,Kumba est situee dans la region : Sud-Ouest.,"cameroun,geographie,villes"
cmr-0455,Cameroun,cameroun,facile,La ville de Bafoussam est le chef-lieu de quelle region du Cameroun ?,Ouest,Est,Centre,Littoral,A,100,20,Bafoussam est le chef-lieu de la region : Ouest.,"cameroun,geographie,regions"
cmr-0456,Cameroun,cameroun,moyen,De quelle ville camerounaise le club de football Stade Renard est-il originaire ?,Bamenda,Yaounde,Ngoumou,Melong,D,200,25,"Stade Renard est base a Melong, dans la region : Le Littoral.","cameroun,sport"
cmr-0457,Cameroun,cameroun,moyen,Quelle plateforme camerounaise permet de payer certains impots en ligne ?,La plateforme ELECAM,Le portail des impots en ligne de la DGI,Le site du Senat,Le portail de la CRTV,B,200,25,La Direction Generale des Impots a digitalise plusieurs procedures.,"cameroun,economie"
cmr-0458,Cameroun,cameroun,moyen,Ou une entreprise camerounaise accomplit-elle ses formalites de creation en un seul lieu ?,A la mairie uniquement,A l'Assemblee nationale,A la prefecture uniquement,Au Centre de Formalites de Creation des Entreprises (CFCE),D,200,25,Le CFCE regroupe les administrations concernees.,"cameroun,economie"
cmr-0459,Cameroun,cameroun,facile,Quel climat domine le sud forestier du Cameroun ?,Un climat polaire,Un climat desertique,Un climat mediterraneen,Un climat equatorial humide,D,100,20,Le sud connait de fortes pluies et une foret dense.,"cameroun,geographie"
cmr-0460,Cameroun,cameroun,facile,Quelles sont les deux plus grandes villes du Cameroun ?,Douala et Garoua,Yaounde et Bafoussam,Bamenda et Maroua,Douala et Yaounde,D,100,20,Douala et Yaounde depassent chacune deux millions d'habitants.,"cameroun,divers"
cmr-0461,Cameroun,cameroun,facile,Quelles sont les couleurs du drapeau camerounais ?,"Bleu, jaune et rouge","Vert, rouge et jaune","Vert, blanc et rouge","Noir, rouge et vert",B,100,20,"Le drapeau est un tricolore vertical vert, rouge et jaune.","cameroun,institutions,symboles"
cmr-0462,Cameroun,cameroun,challenge,Quel est le chef-lieu du departement du Vallee-du-Ntem ?,Ambam,Monatele,Dschang,Kribi,A,300,30,"Ambam est le chef-lieu du Vallee-du-Ntem, dans la region : Sud.","cameroun,geographie,departements"
cmr-0463,Cameroun,cameroun,moyen,Dans quelle region du Cameroun se trouve la ville de Mbandjock ?,Sud,Ouest,Centre,Sud-Ouest,C,200,25,Mbandjock est situee dans la region : Centre.,"cameroun,geographie,villes"
cmr-0464,Cameroun,cameroun,challenge,Quel massif volcanique de l'Ouest abrite des lacs jumeaux tres visites ?,Le mont Manengouba,Le mont Oku,Les monts Bamboutos,Le mont Kupe,A,300,30,"Les lacs jumeaux du Manengouba, dits male et femelle.","cameroun,geographie"
cmr-0465,Cameroun,cameroun,facile,Quelle ville camerounaise accueille le siege du gouvernement ?,Bamenda,Douala,Yaounde,Buea,C,100,20,Les institutions sont a Yaounde.,"cameroun,culture-generale"
cmr-0466,Cameroun,cameroun,facile,Quelle celebration Roger Milla a-t-il rendue celebre en 1990 ?,Le baiser au ballon,Le saut perilleux,Sa danse au poteau de corner,Le salut militaire,C,100,20,Sa danse est devenue un symbole mondial.,"cameroun,personnalites,sport,culture"
cmr-0467,Cameroun,cameroun,facile,Quel service permet de payer sa facture d'electricite depuis son telephone ?,Le telegramme,La lettre recommandee,Le fax,Le mobile money,D,100,20,Le mobile money simplifie les paiements.,"cameroun,culture-generale"
cmr-0468,Cameroun,cameroun,moyen,Dans quel domaine Petit-Pays s'est-il ou s'est-elle illustre(e) ?,Le football,La musique,La politique,La litterature,B,200,25,Petit-Pays est connu(e) pour etre une figure majeure du makossa moderne.,"cameroun,personnalites"
cmr-0469,Cameroun,cameroun,challenge,De quelle region du Cameroun le corn chaff est-il originaire ou le plus consomme ?,L'Adamaoua,L'Extreme-Nord,Le Sud-Ouest,Le Littoral,C,300,30,Le corn chaff est surtout associe a cette region.,"cameroun,gastronomie"
cmr-0470,Cameroun,cameroun,moyen,Quel indicatif telephonique international correspond au Cameroun ?,+229,+241,+225,+237,D,200,25,L'indicatif du Cameroun est le +237.,"cameroun,divers"
cmr-0471,Cameroun,cameroun,moyen,Dans quelle region du Cameroun se trouve la ville de Foumbot ?,Ouest,Littoral,Sud-Ouest,Nord,A,200,25,Foumbot est situee dans la region : Ouest.,"cameroun,geographie,villes"
cmr-0472,Cameroun,cameroun,facile,Que designe le sigle PME dans le contexte camerounais ?,Plan Municipal Economique,Programme Militaire d'Etat,Projet Mondial d'Exportation,Petites et Moyennes Entreprises,D,100,20,Les PME representent la grande majorite du tissu economique.,"cameroun,economie"
cmr-0473,Cameroun,cameroun,moyen,Quelle entreprise camerounaise correspond a cette description : le studio camerounais createur d'Aurion ?,Kiro'o Games,Orange Cameroun,la CICAM,la SNI,A,200,25,Il s'agit de Kiro'o Games.,"cameroun,economie,entreprises"
cmr-0474,Cameroun,cameroun,facile,Quel climat caracterise l'Extreme-Nord du Cameroun ?,Un climat oceanique,Un climat de montagne froid,"Un climat sahelien, chaud et sec",Un climat equatorial humide,C,100,20,La saison seche y est longue et marquee.,"cameroun,geographie"
cmr-0475,Cameroun,cameroun,challenge,Dans quel domaine Kate Fotso s'est-il ou s'est-elle illustre(e) ?,La litterature,Les affaires et l'entrepreneuriat,L'athletisme,La musique,B,300,30,Kate Fotso est connu(e) pour diriger une entreprise majeure de negoce du cacao.,"cameroun,personnalites"
cmr-0476,Cameroun,cameroun,moyen,Quel est l'ingredient principal utilise pour preparer le safou ?,le manioc fermente,la banane plantain et la viande,la semoule de manioc,le fruit du safoutier,D,200,25,Le safou se prepare avec le fruit du safoutier.,"cameroun,gastronomie"
cmr-0477,Cameroun,cameroun,challenge,Quelle institution camerounaise controle la qualite et la normalisation des produits ?,ELECAM,La CONAC,L'ARMP,L'ANOR (Agence des Normes et de la Qualite),D,300,30,L'ANOR definit et controle les normes camerounaises.,"cameroun,economie"
cmr-0478,Cameroun,cameroun,moyen,Quel est l'ingredient principal utilise pour preparer l'achu ?,le macabo rape,la farine de mais,le taro pile et la soupe jaune,les epices noires et le poisson,C,200,25,L'achu se prepare avec le taro pile et la soupe jaune.,"cameroun,gastronomie"
cmr-0479,Cameroun,cameroun,challenge,De quelle region du Cameroun le kpwem est-il originaire ou le plus consomme ?,L'Ouest,Le Sud,Le Centre,L'Adamaoua,B,300,30,Le kpwem est surtout associe a cette region.,"cameroun,gastronomie"
cmr-0480,Cameroun,cameroun,challenge,Quel est le chef-lieu du departement du Nyong-et-Mfoumou ?,Akonolinga,Poli,Yaounde,Mbengwi,A,300,30,"Akonolinga est le chef-lieu du Nyong-et-Mfoumou, dans la region : Centre.","cameroun,geographie,departements"
cmr-0481,Cameroun,cameroun,facile,Quelle est la principale source d'energie electrique du Cameroun ?,L'energie nucleaire,L'hydroelectricite,L'eolien offshore,La geothermie,B,100,20,Les barrages fournissent l'essentiel de l'electricite.,"cameroun,culture-generale"
cmr-0482,Cameroun,cameroun,moyen,Le departement du Mayo-Kani appartient a quelle region ?,Nord,Sud-Ouest,Sud,Extreme-Nord,D,200,25,Le Mayo-Kani se situe dans la region : Extreme-Nord.,"cameroun,geographie,departements"
cmr-0483,Cameroun,cameroun,challenge,Quelle personnalite camerounaise est connue pour avoir ete un chef superieur ewondo influent a l'epoque coloniale ?,Charles Atangana,Blanche Bailly,Djaili Amadou Amal,X-Maleya,A,300,30,Il s'agit de Charles Atangana.,"cameroun,personnalites"
cmr-0484,Cameroun,cameroun,moyen,Quel impot libere les petites entreprises camerounaises de faible chiffre d'affaires ?,L'impot libératoire,L'impot sur les societes,La taxe fonciere,La taxe d'apprentissage,A,200,25,L'impot libératoire vise les tres petites activites.,"cameroun,economie"
cmr-0485,Cameroun,cameroun,challenge,Quel est le chef-lieu du departement du Haut-Nkam ?,Dschang,Mundemba,Bafang,Wum,C,300,30,"Bafang est le chef-lieu du Haut-Nkam, dans la region : Ouest.","cameroun,geographie,departements"
cmr-0486,Cameroun,cameroun,moyen,De quelle ville camerounaise le club de football Renaissance FC est-il originaire ?,Ngoumou,Bamenda,Melong,Yaounde,A,200,25,"Renaissance FC est base a Ngoumou, dans la region : Le Centre.","cameroun,sport"
cmr-0487,Cameroun,cameroun,facile,Le Cameroun partage-t-il une frontiere terrestre avec le Nigeria ?,Oui,"Non, il en est separe par un ocean","Non, ce pays n'existe pas en Afrique","Non, il en est separe par un autre pays",A,100,20,Le Nigeria est bien un voisin du Cameroun (a l'ouest et au nord-ouest).,"cameroun,geographie,frontieres"
cmr-0488,Cameroun,cameroun,moyen,Comment s'appelle la grande fete traditionnelle du peuple Sawa a Douala ?,Le Fet'Afrik,Le Ngondo,Le Nguon,Le Medumba,B,200,25,Le Ngondo se tient chaque annee au bord du Wouri.,"cameroun,culture"
cmr-0489,Cameroun,cameroun,facile,Quel plateau occupe le centre de la region de l'Adamaoua ?,Le plateau du Mbam,Le plateau de l'Adamaoua,Le plateau de l'Ocean,Le plateau Bamileke,B,100,20,"Le chateau d'eau du Cameroun, ou naissent plusieurs fleuves.","cameroun,geographie"
cmr-0490,Cameroun,cameroun,challenge,Quelle entreprise camerounaise correspond a cette description : un distributeur de produits petroliers ?,Tradex,le PAK,Nexttel,Orange Cameroun,A,300,30,Il s'agit de Tradex.,"cameroun,economie,entreprises"
cmr-0491,Cameroun,cameroun,facile,Quelle personnalite camerounaise est connue pour avoir remporte quatre fois le Ballon d'or africain avant de presider la FECAFOOT ?,Samuel Eto'o,Tala Andre Marie,Marc-Vivien Foe,Arthur Zang,A,100,20,Il s'agit de Samuel Eto'o.,"cameroun,personnalites"
cmr-0492,Cameroun,cameroun,challenge,Quel est le chef-lieu du departement du Dja-et-Lobo ?,Kumba,Fundong,Sangmelima,Meiganga,C,300,30,"Sangmelima est le chef-lieu du Dja-et-Lobo, dans la region : Sud.","cameroun,geographie,departements"
cmr-0493,Cameroun,cameroun,challenge,Quel est l'ingredient principal utilise pour preparer le nnam owondo ?,la pate d'arachide cuite en feuilles,le manioc trempe,les feuilles de gnetum,les feuilles d'eru et le waterleaf,A,300,30,Le nnam owondo se prepare avec la pate d'arachide cuite en feuilles.,"cameroun,gastronomie"
cmr-0494,Cameroun,cameroun,moyen,Quelle autoroute a ete construite pour relier Douala a Yaounde par phases ?,L'autoroute Yaounde-Douala,L'autoroute Kribi-Ebolowa,L'autoroute Bamenda-Bafoussam,L'autoroute Garoua-Maroua,A,200,25,Le premier troncon relie Yaounde a Boumnyebel.,"cameroun,economie"
cmr-0495,Cameroun,cameroun,moyen,De quelle ville camerounaise le club de football Aigle Royal est-il originaire ?,Melong,Mbouda,Dschang,Limbe,C,200,25,"Aigle Royal est base a Dschang, dans la region : L'Ouest.","cameroun,sport"
cmr-0496,Cameroun,cameroun,moyen,Dans quel domaine Mongo Beti s'est-il ou s'est-elle illustre(e) ?,La politique,Le football,La litterature,La lutte contre la colonisation,C,200,25,Mongo Beti est connu(e) pour avoir ecrit Le Pauvre Christ de Bomba et Ville cruelle.,"cameroun,personnalites"
cmr-0497,Cameroun,cameroun,facile,La ville de Douala est batie sur l'estuaire de quel fleuve ?,La Sanaga,Le Mungo,Le Wouri,Le Nyong,C,100,20,Le pont sur le Wouri est un symbole de Douala.,"cameroun,geographie"
cmr-0498,Cameroun,cameroun,challenge,Quelle affirmation est exacte a propos du the au Cameroun ?,"En resume, les plantations de Djuttitsa et Ndu sont connues","En resume, il alimente l'industrie de l'huile de palme","En resume, il accompagne de nombreux plats camerounais","En resume, il sert a preparer bobolo, gari et miondo",A,300,30,Pour le the : les plantations de Djuttitsa et Ndu sont connues.,"cameroun,economie,agriculture"
cmr-0499,Cameroun,cameroun,moyen,Quel est l'ingredient principal utilise pour preparer le kondre ?,les feuilles de manioc pilees,la banane plantain et la viande,les feuilles de gnetum,la chevre et la banane plantain,B,200,25,Le kondre se prepare avec la banane plantain et la viande.,"cameroun,gastronomie"
cmr-0500,Cameroun,cameroun,moyen,Le departement du Mifi appartient a quelle region ?,Sud,Est,Ouest,Adamaoua,C,200,25,Le Mifi se situe dans la region : Ouest.,"cameroun,geographie,departements"
cmr-0501,Cameroun,cameroun,challenge,Quel capital social minimum le droit OHADA exige-t-il pour une SARL ?,10 000 000 FCFA obligatoires,50 000 000 FCFA obligatoires,"Il est librement fixe par les statuts dans plusieurs Etats, souvent 100 000 FCFA",Aucun statut n'est requis,C,300,30,La reforme a assoupli le capital minimum de la SARL.,"cameroun,economie"
cmr-0502,Cameroun,cameroun,moyen,Combien de departements compte la region : Extreme-Nord ?,5,6,9,7,B,200,25,La region : Extreme-Nord compte 6 departements.,"cameroun,geographie,regions"
cmr-0503,Cameroun,cameroun,facile,Quelle est la capitale politique du Cameroun ?,Douala,Garoua,Yaounde,Bafoussam,C,100,20,"Yaounde est la capitale politique, Douala la capitale economique.","cameroun,geographie"
cmr-0504,Cameroun,cameroun,challenge,Quel surnom populaire designe la ville de Bamenda ?,La cite des arts,Ngola,Abakwa,La perle du Sud,C,300,30,Abakwa est le surnom familier de Bamenda.,"cameroun,divers"
cmr-0505,Cameroun,cameroun,moyen,De quelle region du Cameroun le kondre est-il originaire ou le plus consomme ?,L'Ouest,Le Sud-Ouest,L'Est,Le Centre,A,200,25,Le kondre est surtout associe a cette region.,"cameroun,gastronomie"
cmr-0506,Cameroun,cameroun,challenge,Dans quel domaine Joseph-Antoine Bell s'est-il ou s'est-elle illustre(e) ?,Les affaires et l'entrepreneuriat,Le football,La lutte contre la colonisation,Le cinema,B,300,30,Joseph-Antoine Bell est connu(e) pour avoir garde les buts des Lions Indomptables puis commente le football.,"cameroun,personnalites"
cmr-0507,Cameroun,cameroun,moyen,Dans quelle region du Cameroun les Eton sont-ils principalement etablis ?,Le Sud-Ouest,Le Littoral,Le Centre,L'Ouest,C,200,25,Les Eton vivent principalement dans cette region.,"cameroun,peuples,langues"
cmr-0508,Cameroun,cameroun,facile,Quelle langue est enseignee comme seconde langue officielle dans les ecoles francophones ?,L'espagnol,L'anglais,L'allemand,Le chinois,B,100,20,Le bilinguisme est encourage dans le systeme educatif.,"cameroun,divers"
cmr-0509,Cameroun,cameroun,facile,Quel document social une entreprise camerounaise doit-elle etablir pour ses salaries chaque mois ?,Le compte de resultat,Le bulletin de paie,Le rapport d'audit,Le bilan comptable,B,100,20,Le bulletin de paie accompagne le versement du salaire.,"cameroun,economie"
cmr-0510,Cameroun,cameroun,challenge,Dans quel secteur d'activite intervient Fokou ?,La distribution et la quincaillerie,La protection sociale,Les hydrocarbures,Le coton,A,300,30,Fokou est un grand groupe de distribution camerounais.,"cameroun,economie,entreprises"
cmr-0511,Cameroun,cameroun,challenge,Quel explorateur allemand a signe le traite de protectorat de 1884 avec les rois douala ?,Heinrich Barth,Carl Peters,Gustav Nachtigal,Otto von Bismarck,C,300,30,Gustav Nachtigal representait l'Empire allemand.,"cameroun,histoire"
cmr-0512,Cameroun,cameroun,challenge,Dans quel domaine Grace Decca s'est-il ou s'est-elle illustre(e) ?,La musique,La politique,La technologie,Le football,A,300,30,Grace Decca est connu(e) pour etre une chanteuse de makossa de la famille Decca.,"cameroun,personnalites"
cmr-0513,Cameroun,cameroun,facile,Qui a ete le premier president de la Republique du Cameroun ?,Paul Biya,John Ngu Foncha,Ahmadou Ahidjo,Ruben Um Nyobe,C,100,20,Ahmadou Ahidjo a dirige le pays de 1960 a 1982.,"cameroun,histoire"
cmr-0514,Cameroun,cameroun,moyen,Dans quel secteur d'activite intervient Dangote Cement Cameroun ?,Le ciment,Les hydrocarbures,L'eau potable,Le transfert d'argent,A,200,25,Dangote Cement Cameroun est une cimenterie du groupe nigerian Dangote a Douala.,"cameroun,economie,entreprises"
cmr-0515,Cameroun,cameroun,moyen,Comment appelle-t-on la fete traditionnelle des Bamoun celebree a Foumban ?,Le Fete du Mbaya,Le Ngondo,Le Medumba,Le Nguon,D,200,25,Le Nguon est inscrit au patrimoine immateriel de l'UNESCO.,"cameroun,culture"
cmr-0516,Cameroun,cameroun,challenge,Quelle ecole de commerce publique est rattachee a l'Universite de Douala ?,L'ENSP,L'ESSEC de Douala,L'IRIC,L'ENAM,B,300,30,L'ESSEC de Douala forme aux metiers de la gestion.,"cameroun,culture"
cmr-0517,Cameroun,cameroun,moyen,Quelle entreprise camerounaise correspond a cette description : la societe de developpement du coton dans le Nord ?,la SODECOTON,la MAGZI,les Brasseries du Cameroun,le PAK,A,200,25,Il s'agit de la SODECOTON.,"cameroun,economie,entreprises"
cmr-0518,Cameroun,cameroun,facile,Combien de regions compte le Cameroun ?,8,10,12,14,B,100,20,Le Cameroun est decoupe en 10 regions depuis 2008.,"cameroun,geographie,regions"
cmr-0519,Cameroun,cameroun,moyen,Dans quelle region du Cameroun se trouve la ville de Batcham ?,Adamaoua,Centre,Ouest,Sud,C,200,25,Batcham est situee dans la region : Ouest.,"cameroun,geographie,villes"
cmr-0520,Cameroun,cameroun,moyen,Quelle personnalite camerounaise est connue pour avoir recu le Grand Prix du roman de l'Academie francaise ?,Dina Bell,Paul Biya,Calixthe Beyala,Rudolf Douala Manga Bell,C,200,25,Il s'agit de Calixthe Beyala.,"cameroun,personnalites"
cmr-0521,Cameroun,cameroun,challenge,Quelle personnalite camerounaise est connue pour diriger une entreprise majeure de negoce du cacao ?,Alexandre Song,Kate Fotso,Grace Decca,Ajara Nchout,B,300,30,Il s'agit de Kate Fotso.,"cameroun,personnalites"
cmr-0522,Cameroun,cameroun,moyen,Dans quelle region du Cameroun se trouve la ville de Loum ?,Sud,Ouest,Extreme-Nord,Littoral,D,200,25,Loum est situee dans la region : Littoral.,"cameroun,geographie,villes"
cmr-0523,Cameroun,cameroun,facile,Dans quelle partie du Cameroun le plantain est-il ou est-elle principalement cultive(e) ?,Le Littoral et le Sud-Ouest,Le Sud et l'Est,Le Grand Nord,Le Centre,B,100,20,Pour le plantain : il accompagne de nombreux plats camerounais.,"cameroun,economie,agriculture"
cmr-0524,Cameroun,cameroun,challenge,Quelle personnalite camerounaise est connue pour avoir ete capitaine des Lionnes Indomptables ?,Christine Manie,Hortense Bewouda,Patrick Mboma,Patrice Nganang,A,300,30,Il s'agit de Christine Manie.,"cameroun,personnalites"
cmr-0525,Cameroun,cameroun,challenge,Quel est l'ingredient principal utilise pour preparer le corn chaff ?,le mais et les haricots,le taro pile et la soupe jaune,la farine de mais,le mil,A,300,30,Le corn chaff se prepare avec le mais et les haricots.,"cameroun,gastronomie"
cmr-0526,Cameroun,cameroun,moyen,"Apres la Premiere Guerre mondiale, entre quelles deux puissances le Cameroun a-t-il ete partage ?",Les Pays-Bas et la France,La Belgique et le Portugal,La France et le Royaume-Uni,L'Espagne et l'Italie,C,200,25,Le partage a suivi la defaite allemande de 1916.,"cameroun,histoire"
cmr-0527,Cameroun,cameroun,moyen,Dans quelle region du Cameroun se trouve la ville de Garoua ?,Adamaoua,Sud-Ouest,Ouest,Nord,D,200,25,Garoua est situee dans la region : Nord.,"cameroun,geographie,villes"
cmr-0528,Cameroun,cameroun,moyen,Dans quel domaine Ruben Um Nyobe s'est-il ou s'est-elle illustre(e) ?,Le cinema,La technologie,La politique,La lutte contre la colonisation,D,200,25,Ruben Um Nyobe est connu(e) pour avoir dirige l'UPC dans le combat pour l'independance.,"cameroun,personnalites"
cmr-0529,Cameroun,cameroun,moyen,Ou se situe le Tchad par rapport au Cameroun ?,au sud,a l'ouest et au nord-ouest,au nord-est,a l'est,C,200,25,Le Tchad borde le Cameroun au nord-est.,"cameroun,geographie,frontieres"
cmr-0530,Cameroun,cameroun,facile,De quelle region du Cameroun le soya est-il originaire ou le plus consomme ?,Le Sud,Le Littoral,L'Est,Le Nord,D,100,20,Le soya est surtout associe a cette region.,"cameroun,gastronomie"
cmr-0531,Cameroun,cameroun,moyen,Dans quelle region du Cameroun se trouve la ville de Penja ?,Littoral,Adamaoua,Nord-Ouest,Sud,A,200,25,Penja est situee dans la region : Littoral.,"cameroun,geographie,villes"
cmr-0532,Cameroun,cameroun,facile,Quel moyen de transport urbain populaire est appele moto-taxi au Cameroun ?,L'opep,Le pousse-pousse,Le bendskin,Le clando,C,100,20,Le bendskin est le moto-taxi camerounais.,"cameroun,divers"
cmr-0533,Cameroun,cameroun,challenge,De quelle region du Cameroun le nkui est-il originaire ou le plus consomme ?,Le Littoral,L'Ouest,L'Extreme-Nord,Le Centre,B,300,30,Le nkui est surtout associe a cette region.,"cameroun,gastronomie"
cmr-0534,Cameroun,cameroun,challenge,Quel reseau cooperatif d'epargne et de credit est tres implante dans les regions anglophones ?,Les caisses de retraite,Les Credit Unions (CamCCUL),Les banques d'affaires,Les fonds de pension europeens,B,300,30,CamCCUL federe les cooperatives d'epargne et de credit.,"cameroun,economie"
cmr-0535,Cameroun,cameroun,challenge,Quel est le chef-lieu du departement du Mayo-Kani ?,Yaounde,Tchollire,Kumbo,Kaele,D,300,30,"Kaele est le chef-lieu du Mayo-Kani, dans la region : Extreme-Nord.","cameroun,geographie,departements"
cmr-0536,Cameroun,cameroun,facile,Que designe la marque camerounaise MTN MoMo ?,Une biere,Un chocolat a tartiner,Une pate a tartiner,Un service de mobile money,D,100,20,MTN MoMo : il permet de payer et transferer de l'argent.,"cameroun,marques"
cmr-0537,Cameroun,cameroun,challenge,Dans quel domaine Solomon Tandeng Muna s'est-il ou s'est-elle illustre(e) ?,Le cinema,La technologie,La lutte contre la colonisation,La politique,D,300,30,Solomon Tandeng Muna est connu(e) pour avoir ete vice-president puis president de l'Assemblee nationale.,"cameroun,personnalites"
cmr-0538,Cameroun,cameroun,facile,Quelles sont les deux grandes religions les plus pratiquees au Cameroun ?,Le taoisme et le sikhisme,Le christianisme et l'islam,Le bouddhisme et l'hindouisme,Le judaisme et le shintoisme,B,100,20,Christianisme et islam coexistent avec les religions traditionnelles.,"cameroun,divers"
cmr-0539,Cameroun,cameroun,moyen,Le departement du Faro appartient a quelle region ?,Centre,Nord-Ouest,Sud-Ouest,Nord,D,200,25,Le Faro se situe dans la region : Nord.,"cameroun,geographie,departements"
cmr-0540,Cameroun,cameroun,moyen,Quelle boisson traditionnelle du Nord est brassee a partir du mil ?,Le matango,Le gari,Le bil-bil,Le safou,C,200,25,Le bil-bil est une biere de mil.,"cameroun,culture"
cmr-0541,Cameroun,cameroun,moyen,Quel est le principal debouche du bois camerounais ?,La fabrication de vehicules,"L'exportation, notamment vers l'Europe et l'Asie",La production de papier journal uniquement,La consommation locale uniquement,B,200,25,La filiere bois est un poste d'exportation important.,"cameroun,economie"
cmr-0542,Cameroun,cameroun,facile,Dans quel domaine Roger Milla s'est-il ou s'est-elle illustre(e) ?,La lutte contre la colonisation,La politique,La mode,Le football,D,100,20,Roger Milla est connu(e) pour avoir marque quatre buts a la Coupe du monde 1990 avec sa danse au poteau de corner.,"cameroun,personnalites"
cmr-0543,Cameroun,cameroun,moyen,"Comment appelle-t-on l'argot urbain melangeant francais, anglais et langues locales au Cameroun ?",Le nouchi,Le camfranglais,Le wolof,Le pidgin latin,B,200,25,Le camfranglais est tres present chez les jeunes urbains.,"cameroun,culture"
cmr-0544,Cameroun,cameroun,challenge,Comment s'appelait la ville de Kousseri pendant la periode coloniale francaise ?,Fort-Sibut,Fort-Lamy,Fort-Foureau,Fort-Archambault,C,300,30,Kousseri portait le nom de Fort-Foureau.,"cameroun,divers"
cmr-0545,Cameroun,cameroun,challenge,Quel est le chef-lieu du departement du Menchum ?,Bangangte,Mbengwi,Wum,Bafang,C,300,30,"Wum est le chef-lieu du Menchum, dans la region : Nord-Ouest.","cameroun,geographie,departements"
cmr-0546,Cameroun,cameroun,moyen,Le departement du Mayo-Sava appartient a quelle region ?,Extreme-Nord,Sud-Ouest,Est,Nord,A,200,25,Le Mayo-Sava se situe dans la region : Extreme-Nord.,"cameroun,geographie,departements"
cmr-0547,Cameroun,cameroun,challenge,Quel est le chef-lieu du departement du Koupe-Manengouba ?,Yaounde,Bangem,Kribi,Bertoua,B,300,30,"Bangem est le chef-lieu du Koupe-Manengouba, dans la region : Sud-Ouest.","cameroun,geographie,departements"
cmr-0548,Cameroun,cameroun,moyen,Le departement du Momo appartient a quelle region ?,Adamaoua,Sud,Nord,Nord-Ouest,D,200,25,Le Momo se situe dans la region : Nord-Ouest.,"cameroun,geographie,departements"
cmr-0549,Cameroun,cameroun,moyen,Quel est l'ingredient principal utilise pour preparer le bil-bil ?,les feuilles de gnetum,le mil fermente,les fleurs d'hibiscus,la banane plantain et la viande,B,200,25,Le bil-bil se prepare avec le mil fermente.,"cameroun,gastronomie"
cmr-0550,Cameroun,cameroun,moyen,Quelle personnalite camerounaise est connue pour avoir co-ecrit et produit Oyaho puis collabore avec Beyonce ?,Locko,John Ngu Foncha,Salatiel,James Onobiono,C,200,25,Il s'agit de Salatiel.,"cameroun,personnalites"
cmr-0551,Cameroun,cameroun,moyen,Dans quelle region du Cameroun se trouve la ville de Mbengwi ?,Ouest,Sud,Nord-Ouest,Adamaoua,C,200,25,Mbengwi est situee dans la region : Nord-Ouest.,"cameroun,geographie,villes"
cmr-0552,Cameroun,cameroun,moyen,Dans quel domaine Mr Leo s'est-il ou s'est-elle illustre(e) ?,Le football,Le cinema,La mode,La musique,D,200,25,Mr Leo est connu(e) pour chanter On va gerer et melanger afropop et sonorites locales.,"cameroun,personnalites"
cmr-0553,Cameroun,cameroun,challenge,Quel est le chef-lieu du departement du Mayo-Rey ?,Tchollire,Mokolo,Sangmelima,Poli,A,300,30,"Tchollire est le chef-lieu du Mayo-Rey, dans la region : Nord.","cameroun,geographie,departements"
cmr-0554,Cameroun,cameroun,moyen,Quelle personnalite camerounaise est connue pour avoir inscrit le but victorieux de la CAN 2017 ?,Felix-Roland Moumie,Blanche Bailly,Vincent Aboubakar,Churchill Mambe,C,200,25,Il s'agit de Vincent Aboubakar.,"cameroun,personnalites"
cmr-0555,Cameroun,cameroun,moyen,Quelle ligne ferroviaire relie Douala au Nord du Cameroun ?,La ligne Bamenda-Bertoua,La ligne Douala-Ngaoundere (Transcamerounais),La ligne Buea-Yaounde,La ligne Kribi-Maroua,B,200,25,"Le Transcamerounais dessert Yaounde, Belabo et Ngaoundere.","cameroun,economie"
cmr-0556,Cameroun,cameroun,moyen,Quel fuseau horaire s'applique au Cameroun ?,UTC-2,UTC+0,UTC+3,UTC+1,D,200,25,Le Cameroun est a UTC+1 toute l'annee.,"cameroun,divers"
cmr-0557,Cameroun,cameroun,moyen,Quel registre camerounais enregistre officiellement les societes commerciales ?,Le registre foncier,Le cadastre,Le registre d'etat civil,Le Registre du Commerce et du Credit Mobilier (RCCM),D,200,25,Le RCCM est prevu par le droit OHADA.,"cameroun,economie"
cmr-0558,Cameroun,cameroun,challenge,Quelle personnalite camerounaise est connue pour avoir cofonde Gifted Mom pour la sante maternelle ?,Ruben Um Nyobe,Francoise Ellong,Solomon Tandeng Muna,Alain Nteff,D,300,30,Il s'agit de Alain Nteff.,"cameroun,personnalites"
cmr-0559,Cameroun,cameroun,challenge,Quelle entreprise camerounaise correspond a cette description : la Societe Nationale d'Investissement ?,la SNI,le PAK,la SOSUCAM,la SABC,A,300,30,Il s'agit de la SNI.,"cameroun,economie,entreprises"
cmr-0560,Cameroun,cameroun,moyen,"Dans le langage populaire camerounais, que designe un mola ?","Un revendeur, souvent une commercante de vivres","La malchance, la poisse","Un ami, un frere (langage de la rue)",Un point de vente de credit telephonique dans la rue,C,200,25,"Un mola : un ami, un frere (langage de la rue).","cameroun,culture,expressions"
cmr-0561,Cameroun,cameroun,facile,"Dans le langage populaire camerounais, que designe un mbindi ?","Un revendeur, souvent une commercante de vivres",L'Europe ou l'etranger,"Un petit, un cadet ou un jeune",Un petit commercant qui vend au bord de la route,C,100,20,"Un mbindi : un petit, un cadet ou un jeune.","cameroun,culture,expressions"
cmr-0562,Cameroun,cameroun,moyen,Quelle personnalite camerounaise est connue pour avoir invente l'ecriture shu-mom et regne sur le royaume Bamoun ?,Clinton Njie,Marie-Jose Ta Lou,Mongo Beti,Le sultan Njoya,D,200,25,Il s'agit de Le sultan Njoya.,"cameroun,personnalites"
cmr-0563,Cameroun,cameroun,facile,Comment appelle-t-on l'ecole ou l'on passe le baccalaureat au Cameroun ?,Le lycee,Le centre de formation professionnelle uniquement,L'ecole maternelle,L'universite,A,100,20,Le baccalaureat se prepare au lycee.,"cameroun,culture-generale"
cmr-0564,Cameroun,cameroun,facile,Quelle universite camerounaise est situee dans la ville de Buea ?,L'Universite de Dschang,L'Universite de Ngaoundere,L'Universite de Douala,L'Universite de Buea,D,100,20,L'Universite de Buea est la premiere universite anglophone du pays.,"cameroun,culture"
cmr-0565,Cameroun,cameroun,challenge,Quelle entreprise camerounaise correspond a cette description : la Societe Immobiliere du Cameroun ?,la SIC,Nexttel,Bocom,la SABC,A,300,30,Il s'agit de la SIC.,"cameroun,economie,entreprises"
cmr-0566,Cameroun,cameroun,moyen,Le departement du Nkam appartient a quelle region ?,Littoral,Ouest,Nord,Centre,A,200,25,Le Nkam se situe dans la region : Littoral.,"cameroun,geographie,departements"
cmr-0567,Cameroun,cameroun,moyen,Dans quel domaine Alexandre Song s'est-il ou s'est-elle illustre(e) ?,Le football,La musique,Le cinema,La litterature,A,200,25,Alexandre Song est connu(e) pour avoir joue a Arsenal et au FC Barcelone.,"cameroun,personnalites"
cmr-0568,Cameroun,cameroun,moyen,Le departement du Boyo appartient a quelle region ?,Est,Sud-Ouest,Sud,Nord-Ouest,D,200,25,Le Boyo se situe dans la region : Nord-Ouest.,"cameroun,geographie,departements"
cmr-0569,Cameroun,cameroun,moyen,Dans quel secteur d'activite intervient la SABC ?,Le jeu video,Le textile,Le commerce en ligne,Les boissons,D,200,25,La SABC est le groupe des Brasseries du Cameroun.,"cameroun,economie,entreprises"
cmr-0570,Cameroun,cameroun,moyen,Dans quelle region du Cameroun se trouve la ville de Melong ?,Littoral,Est,Sud,Nord-Ouest,A,200,25,Melong est situee dans la region : Littoral.,"cameroun,geographie,villes"
cmr-0571,Cameroun,cameroun,moyen,Dans quelle region du Cameroun se trouve la ville de Belabo ?,Est,Sud,Nord-Ouest,Centre,A,200,25,Belabo est situee dans la region : Est.,"cameroun,geographie,villes"
cmr-0572,Cameroun,cameroun,moyen,Quel roman de Ferdinand Oyono raconte la vie d'un jeune domestique sous la colonisation ?,Les Impatientes,Trois pretendants un mari,Une vie de boy,Ville cruelle,C,200,25,Une vie de boy est un classique de la litterature africaine.,"cameroun,personnalites,sport,culture"
cmr-0573,Cameroun,cameroun,challenge,Quelle personnalite camerounaise est connue pour avoir ete vice-president puis president de l'Assemblee nationale ?,Churchill Mambe,Solomon Tandeng Muna,Charles Atangana,Andre Onana,B,300,30,Il s'agit de Solomon Tandeng Muna.,"cameroun,personnalites"
cmr-0574,Cameroun,cameroun,moyen,Quelle date correspond a l'independance du Cameroun sous tutelle francaise ?,Le 1er octobre 1961,Le 20 mai 1972,Le 11 fevrier 1961,Le 1er janvier 1960,D,200,25,Le 1er janvier 1960 marque l'independance.,"cameroun,histoire"
cmr-0575,Cameroun,cameroun,moyen,Le departement du Fako appartient a quelle region ?,Extreme-Nord,Sud-Ouest,Ouest,Nord,B,200,25,Le Fako se situe dans la region : Sud-Ouest.,"cameroun,geographie,departements"
cmr-0576,Cameroun,cameroun,facile,Que designe le secteur informel au Cameroun ?,Les entreprises publiques,Les ONG internationales,Les societes cotees en bourse,L'ensemble des activites economiques non enregistrees officiellement,D,100,20,Le secteur informel represente une large part de l'emploi au Cameroun.,"cameroun,economie"
cmr-0577,Cameroun,cameroun,facile,Quelle association de solidarite financiere informelle est tres repandue au Cameroun ?,La mutuelle europeenne,Le fonds souverain,La bourse,La tontine,D,100,20,La tontine est un pilier de l'epargne communautaire camerounaise.,"cameroun,culture"
cmr-0578,Cameroun,cameroun,challenge,Quel etait le nom de l'Etat cree apres la reunification de 1961 ?,La Republique unie du Cameroun,Le Royaume du Cameroun,L'Union camerounaise,La Republique federale du Cameroun,D,300,30,La federation a dure jusqu'au referendum de 1972.,"cameroun,histoire"
cmr-0579,Cameroun,cameroun,facile,Quel est le point culminant du Cameroun ?,Le mont Cameroun,Le mont Oku,Le mont Manengouba,Les monts Mandara,A,100,20,Le mont Cameroun culmine a environ 4 095 metres.,"cameroun,geographie"
cmr-0580,Cameroun,cameroun,challenge,Quelle personnalite camerounaise est connue pour avoir ecrit le poeme L'homme qui te ressemble ?,Alexandre Song,Lapiro de Mbanga,Rene Philombe,Calixthe Beyala,C,300,30,Il s'agit de Rene Philombe.,"cameroun,personnalites"
cmr-0581,Cameroun,cameroun,moyen,Dans quelle region du Cameroun les Bassa sont-ils principalement etablis ?,L'Est,Le Littoral,Le Sud-Ouest,Le Centre,B,200,25,Les Bassa vivent principalement dans cette region.,"cameroun,peuples,langues"
cmr-0582,Cameroun,cameroun,moyen,Dans quelle region du Cameroun se trouve la ville de Batouri ?,Ouest,Nord-Ouest,Centre,Est,D,200,25,Batouri est situee dans la region : Est.,"cameroun,geographie,villes"
cmr-0583,Cameroun,cameroun,moyen,Dans quel secteur d'activite intervient la BICEC ?,La telephonie mobile,Le jeu video,La banque,Le transfert d'argent,C,200,25,La BICEC est une banque commerciale historique du Cameroun.,"cameroun,economie,entreprises"
cmr-0584,Cameroun,cameroun,facile,La ville de Bamenda est le chef-lieu de quelle region du Cameroun ?,Est,Nord,Centre,Nord-Ouest,D,100,20,Bamenda est le chef-lieu de la region : Nord-Ouest.,"cameroun,geographie,regions"
cmr-0585,Cameroun,cameroun,challenge,Dans quel domaine Ekambi Brillant s'est-il ou s'est-elle illustre(e) ?,La litterature,La technologie,La musique,La lutte contre la colonisation,C,300,30,Ekambi Brillant est connu(e) pour etre une figure historique du makossa.,"cameroun,personnalites"
cmr-0586,Cameroun,cameroun,challenge,De quelle region du Cameroun le nnam owondo est-il originaire ou le plus consomme ?,L'Extreme-Nord,Le Sud,Le Littoral,Le Sud-Ouest,B,300,30,Le nnam owondo est surtout associe a cette region.,"cameroun,gastronomie"
cmr-0587,Cameroun,cameroun,moyen,De quelle region du Cameroun l'okok est-il originaire ou le plus consomme ?,Le Centre,L'Extreme-Nord,Le Nord,Le Sud,D,200,25,L'okok est surtout associe a cette region.,"cameroun,gastronomie"
cmr-0588,Cameroun,cameroun,facile,Dans quelle partie du Cameroun le manioc est-il ou est-elle principalement cultive(e) ?,Le Littoral et le Sud-Ouest,Le Sud et l'Est,L'Adamaoua,Le Grand Nord,B,100,20,"Pour le manioc : il sert a preparer bobolo, gari et miondo.","cameroun,economie,agriculture"
cmr-0589,Cameroun,cameroun,moyen,Dans quel domaine Locko s'est-il ou s'est-elle illustre(e) ?,La politique,La musique,La technologie,La mode,B,200,25,Locko est connu(e) pour avoir popularise la chanson Margo.,"cameroun,personnalites"
cmr-0590,Cameroun,cameroun,facile,Combien de langues officielles le Cameroun possede-t-il ?,Une,Deux,Trois,Cinq,B,100,20,Le francais et l'anglais.,"cameroun,culture-generale"
cmr-0591,Cameroun,cameroun,moyen,Quelle organisation regionale a son secretariat permanent a Yaounde et harmonise le droit des affaires ?,La CEDEAO,La SADC,L'UEMOA,L'OHADA,D,200,25,Le Secretariat permanent de l'OHADA est bien base a Yaounde.,"cameroun,institutions,symboles"
cmr-0592,Cameroun,cameroun,challenge,Dans quel secteur d'activite intervient Bocom ?,Les boissons,Le commerce en ligne,La distribution de carburants,L'agroalimentaire,C,300,30,Bocom est un groupe petrolier camerounais.,"cameroun,economie,entreprises"
cmr-0593,Cameroun,cameroun,moyen,Quel est l'ingredient principal utilise pour preparer le mets de pistache ?,des ecorces et racines qui rendent la sauce visqueuse,les graines de courge (pistaches),les feuilles de manioc pilees,les feuilles d'amarante,B,200,25,Le mets de pistache se prepare avec les graines de courge (pistaches).,"cameroun,gastronomie"
cmr-0594,Cameroun,cameroun,moyen,Quelle reserve camerounaise est inscrite au patrimoine mondial de l'UNESCO ?,La reserve de Douala-Edea,La reserve de faune du Dja,Le parc de Campo Ma'an,Le parc de Waza,B,200,25,La reserve du Dja est classee par l'UNESCO depuis 1987.,"cameroun,geographie"
cmr-0595,Cameroun,cameroun,challenge,Quel est le chef-lieu du departement du Mayo-Banyo ?,Yaounde,Banyo,Kribi,Maroua,B,300,30,"Banyo est le chef-lieu du Mayo-Banyo, dans la region : Adamaoua.","cameroun,geographie,departements"
cmr-0596,Cameroun,cameroun,facile,Quel secteur emploie la plus grande part de la population active camerounaise ?,L'industrie lourde,L'agriculture,La finance,L'aeronautique,B,100,20,L'agriculture reste le premier employeur du pays.,"cameroun,economie"
cmr-0597,Cameroun,cameroun,moyen,Que designe la marque camerounaise Djino ?,Une pate a tartiner,Une biere,Une boisson maltee sans alcool,Une boisson gazeuse,D,200,25,Djino : elle est tres populaire dans les fetes.,"cameroun,marques"
cmr-0598,Cameroun,cameroun,facile,Que designe une chefferie traditionnelle au Cameroun ?,Une cooperative agricole,Une prefecture administrative,Une entreprise publique,Une institution coutumiere dirigee par un chef reconnu par sa communaute,D,100,20,Les chefferies sont reconnues comme auxiliaires de l'administration.,"cameroun,culture"
cmr-0599,Cameroun,cameroun,challenge,Dans quel domaine Lapiro de Mbanga s'est-il ou s'est-elle illustre(e) ?,Le cinema,La litterature,La lutte contre la colonisation,La musique,D,300,30,Lapiro de Mbanga est connu(e) pour avoir chante en camfranglais des textes sociaux engages.,"cameroun,personnalites"
cmr-0600,Cameroun,cameroun,moyen,"Dans le langage populaire camerounais, que designe le ndem ?",Un moto-taxi,Un vehicule de transport en commun surcharge,Une combine ou un arrangement pour obtenir quelque chose,"La malchance, la poisse",D,200,25,"Le ndem : la malchance, la poisse.","cameroun,culture,expressions"
cmr-0601,Cameroun,cameroun,facile,"Dans le langage populaire camerounais, que designe un call box ?",Un moto-taxi,Un point de vente de credit telephonique dans la rue,"Un ami, un frere (langage de la rue)","L'intimidation, le fait de faire peur",B,100,20,Un call box : un point de vente de credit telephonique dans la rue.,"cameroun,culture,expressions"
cmr-0602,Cameroun,cameroun,moyen,De quelle ville camerounaise le club de football Dynamo est-il originaire ?,Dschang,Bamenda,Douala,Baham,C,200,25,"Dynamo est base a Douala, dans la region : Le Littoral.","cameroun,sport"
cmr-0603,Cameroun,cameroun,moyen,Dans quelle region du Cameroun les Yambassa sont-ils principalement etablis ?,L'Extreme-Nord,Le Centre,L'Adamaoua,Le Sud,B,200,25,Les Yambassa vivent principalement dans cette region.,"cameroun,peuples,langues"
cmr-0604,Cameroun,cameroun,challenge,Quelle course de pirogues est associee au festival Ngondo ?,La traversee du lac Nyos,La course de pirogues sur le Wouri,La regate de Kribi,La course sur la Sanaga,B,300,30,Les courses de pirogues sont un temps fort du Ngondo.,"cameroun,culture"
cmr-0605,Cameroun,cameroun,moyen,Quelle ville de l'Ouest est reputee pour son artisanat et ses sculptures sur bois ?,Limbe,Kribi,Maroua,Foumban,D,200,25,Le village des artisans de Foumban est celebre.,"cameroun,culture"
cmr-0606,Cameroun,cameroun,challenge,Quelle bourse des valeurs mobilieres est basee a Douala et integree au marche regional ?,La Bourse des Valeurs Mobilieres de l'Afrique Centrale (BVMAC),La Bourse de Nairobi,La Bourse de Lagos,La BRVM,A,300,30,"La BVMAC, unifiee en 2019, a son siege a Douala.","cameroun,economie"
cmr-0607,Cameroun,cameroun,facile,Quel document d'identite national les Camerounais majeurs doivent-ils posseder ?,La carte nationale d'identite,Le livret de famille,Le passeport diplomatique,La carte de sejour,A,100,20,La CNI est le document d'identite de base.,"cameroun,divers"
cmr-0608,Cameroun,cameroun,challenge,En quelle annee Samuel Eto'o est-il devenu president de la Federation camerounaise de football ?,2021,2023,2018,2015,A,300,30,Il a ete elu a la tete de la FECAFOOT en decembre 2021.,"cameroun,personnalites,sport,culture"
cmr-0609,Cameroun,cameroun,challenge,Quelle personnalite camerounaise est connue pour etre une figure historique du makossa ?,Ekambi Brillant,Blanche Bailly,Francoise Ellong,Arthur Zang,A,300,30,Il s'agit de Ekambi Brillant.,"cameroun,personnalites"
cmr-0610,Cameroun,cameroun,moyen,Dans quelle region du Cameroun se trouve la ville de Bamenda ?,Nord-Ouest,Nord,Extreme-Nord,Centre,A,200,25,Bamenda est situee dans la region : Nord-Ouest.,"cameroun,geographie,villes"
cmr-0611,Cameroun,cameroun,moyen,Quelle personnalite camerounaise est connue pour etre un gardien international passe par l'Ajax et l'Inter Milan ?,Ruben Um Nyobe,Bernard Nanga,Andre Onana,Tala Andre Marie,C,200,25,Il s'agit de Andre Onana.,"cameroun,personnalites"
cmr-0612,Cameroun,cameroun,moyen,Dans quelle region du Cameroun se trouve la ville de Mbanga ?,Adamaoua,Sud-Ouest,Littoral,Est,C,200,25,Mbanga est situee dans la region : Littoral.,"cameroun,geographie,villes"
cmr-0613,Cameroun,cameroun,challenge,Quel est le chef-lieu du departement du Haute-Sanaga ?,Nanga-Eboko,Ebolowa,Yabassi,Limbe,A,300,30,"Nanga-Eboko est le chef-lieu du Haute-Sanaga, dans la region : Centre.","cameroun,geographie,departements"
cmr-0614,Cameroun,cameroun,challenge,Dans quelle partie du Cameroun le the est-il ou est-elle principalement cultive(e) ?,L'Ouest et le Nord-Ouest,Le Sud et l'Est,Le Littoral et le Sud-Ouest,Le Centre,A,300,30,Pour le the : les plantations de Djuttitsa et Ndu sont connues.,"cameroun,economie,agriculture"
cmr-0615,Cameroun,cameroun,moyen,Quelle affirmation est exacte a propos de la banane d'exportation au Cameroun ?,"En resume, il beneficie d'une indication geographique protegee","En resume, il sert a preparer bobolo, gari et miondo","En resume, elle est cultivee autour du Moungo et du Fako","En resume, il pousse sur les hautes terres",C,200,25,Pour la banane d'exportation : elle est cultivee autour du Moungo et du Fako.,"cameroun,economie,agriculture"
cmr-0616,Cameroun,cameroun,challenge,Quelle personnalite camerounaise est connue pour avoir ete elue meilleure joueuse africaine en 2015 avec les Lionnes Indomptables ?,Gaelle Enganamouit,Coco Argentee,Thomas N'Kono,Ajara Nchout,A,300,30,Il s'agit de Gaelle Enganamouit.,"cameroun,personnalites"
cmr-0617,Cameroun,cameroun,moyen,Dans quel domaine Rigobert Song s'est-il ou s'est-elle illustre(e) ?,La musique,La lutte contre la colonisation,La mode,Le football,D,200,25,Rigobert Song est connu(e) pour avoir ete capitaine des Lions Indomptables puis leur selectionneur.,"cameroun,personnalites"
cmr-0618,Cameroun,cameroun,moyen,De quelle region du Cameroun le safou est-il originaire ou le plus consomme ?,Le Littoral,Le Centre,L'Est,Le Nord-Ouest,B,200,25,Le safou est surtout associe a cette region.,"cameroun,gastronomie"
cmr-0619,Cameroun,cameroun,moyen,Que designe la CONAC au Cameroun ?,La Commission nationale anti-corruption,La Caisse nationale de credit,Le Conseil national du commerce,La Commission nationale des concours,A,200,25,La CONAC lutte contre la corruption.,"cameroun,institutions,symboles"
cmr-0620,Cameroun,cameroun,moyen,Dans quelle region du Cameroun se trouve la ville de Tiko ?,Extreme-Nord,Ouest,Sud,Sud-Ouest,D,200,25,Tiko est situee dans la region : Sud-Ouest.,"cameroun,geographie,villes"
cmr-0621,Cameroun,cameroun,moyen,Dans quelle region du Cameroun se trouve la ville de Ngaoundere ?,Ouest,Nord-Ouest,Adamaoua,Sud,C,200,25,Ngaoundere est situee dans la region : Adamaoua.,"cameroun,geographie,villes"
cmr-0622,Cameroun,cameroun,facile,Quelle ville universitaire anglophone se trouve au pied du mont Cameroun ?,Buea,Kumba,Bamenda,Mamfe,A,100,20,L'Universite de Buea est installee au pied du volcan.,"cameroun,culture-generale"
cmr-0623,Cameroun,cameroun,moyen,De quelle ville camerounaise le club de football Union Sportive est-il originaire ?,Douala,Baham,Melong,Limbe,A,200,25,"Union Sportive est base a Douala, dans la region : Le Littoral.","cameroun,sport"
cmr-0624,Cameroun,cameroun,challenge,"Quelle personnalite camerounaise est connue pour etre a la fois musicien, ecrivain et pionnier de la musique africaine moderne ?",Patrick Mboma,Stanley Enow,Francis Bebey,Ruben Um Nyobe,C,300,30,Il s'agit de Francis Bebey.,"cameroun,personnalites"
cmr-0625,Cameroun,cameroun,moyen,Quelle personnalite camerounaise est connue pour chanter un makossa engage et populaire ?,Samuel Eto'o,Clinton Njie,Longue Longue,Andre Onana,C,200,25,Il s'agit de Longue Longue.,"cameroun,personnalites"
cmr-0626,Cameroun,cameroun,facile,Comment appelle-t-on les petits restaurants de rue tres populaires au Cameroun ?,Les brasseries etoilees,Les traiteurs de luxe,Les cantines scolaires,Les tourne-dos,D,100,20,Le tourne-dos sert des repas rapides et bon marche.,"cameroun,culture-generale"
cmr-0627,Cameroun,cameroun,moyen,Quel est le nom du domaine internet national du Cameroun ?,.ca,.cm,.cd,.cr,B,200,25,Le domaine de premier niveau camerounais est le .cm.,"cameroun,divers"
cmr-0628,Cameroun,cameroun,facile,De quelle region du Cameroun le ndole est-il originaire ou le plus consomme ?,Le Centre,Le Littoral,Le Sud,Le Nord-Ouest,B,100,20,Le ndole est surtout associe a cette region.,"cameroun,gastronomie"
cmr-0629,Cameroun,cameroun,moyen,Quel est l'ingredient principal utilise pour preparer le jus de foleré ?,des ecorces et racines qui rendent la sauce visqueuse,les fleurs d'hibiscus,le mais et les haricots,les feuilles de gnetum,B,200,25,Le jus de foleré se prepare avec les fleurs d'hibiscus.,"cameroun,gastronomie"
cmr-0630,Cameroun,cameroun,facile,Dans quel secteur d'activite intervient Camair-Co ?,Le raffinage petrolier,L'agroalimentaire,Le transport aerien,La logistique portuaire,C,100,20,Camair-Co est la compagnie aerienne nationale.,"cameroun,economie,entreprises"
cmr-0631,Cameroun,cameroun,challenge,Quel est le nom du programme camerounais d'appui a l'auto-emploi dans le secteur informel ?,Le PNDP,Le PIAASI,Le PADER,Le PACA,B,300,30,Le Programme Integre d'Appui aux Acteurs du Secteur Informel.,"cameroun,economie"
cmr-0632,Cameroun,cameroun,moyen,Dans quelle region du Cameroun se trouve la ville de Meiganga ?,Adamaoua,Est,Nord-Ouest,Sud,A,200,25,Meiganga est situee dans la region : Adamaoua.,"cameroun,geographie,villes"
cmr-0633,Cameroun,cameroun,moyen,Dans quelle region du Cameroun les Peuls (Foulbe) sont-ils principalement etablis ?,L'Extreme-Nord,L'Adamaoua,Le Nord,Le Sud,C,200,25,Les Peuls (Foulbe) vivent principalement dans cette region.,"cameroun,peuples,langues"
cmr-0634,Cameroun,cameroun,moyen,Le departement du Haut-Nyong appartient a quelle region ?,Littoral,Sud-Ouest,Nord-Ouest,Est,D,200,25,Le Haut-Nyong se situe dans la region : Est.,"cameroun,geographie,departements"
cmr-0635,Cameroun,cameroun,moyen,Quel massif montagneux de l'Extreme-Nord est celebre pour ses pics volcaniques ?,Les monts Bamboutos,Les monts Alantika,Les monts Mandara,Le massif du Manengouba,C,200,25,"Le village de Rhumsiki, dans les monts Mandara, est un site touristique majeur.","cameroun,geographie"
cmr-0636,Cameroun,cameroun,moyen,Quel roi douala a ete pendu par les Allemands en 1914 pour avoir defendu les terres de son peuple ?,Rudolf Douala Manga Bell,Charles Atangana,Martin-Paul Samba,Njoya,A,200,25,Rudolf Douala Manga Bell est un heros national.,"cameroun,histoire"
cmr-0637,Cameroun,cameroun,facile,Quelle affirmation est exacte a propos du cacao au Cameroun ?,"En resume, il sert a preparer bobolo, gari et miondo","En resume, il est une cereale de base des hautes terres","En resume, il pousse sur les hautes terres","En resume, le Cameroun figure parmi les premiers producteurs mondiaux",D,100,20,Pour le cacao : le Cameroun figure parmi les premiers producteurs mondiaux.,"cameroun,economie,agriculture"
cmr-0638,Cameroun,cameroun,moyen,Quelle entreprise camerounaise correspond a cette description : la caisse de prevoyance sociale des travailleurs ?,la CDC,la SEMC,CAMRAIL,la CNPS,D,200,25,Il s'agit de la CNPS.,"cameroun,economie,entreprises"
cmr-0639,Cameroun,cameroun,moyen,Quelle entreprise camerounaise correspond a cette description : la societe sucriere implantee a Mbandjock et Nkoteng ?,Dangote Cement Cameroun,la CNPS,Bocom,la SOSUCAM,D,200,25,Il s'agit de la SOSUCAM.,"cameroun,economie,entreprises"
cmr-0640,Cameroun,cameroun,moyen,Pourquoi appelle-t-on l'Adamaoua le chateau d'eau du Cameroun ?,Parce que plusieurs grands fleuves y prennent leur source,Parce qu'il pleut toute l'annee,Parce qu'il borde l'ocean,Parce qu'il abrite le plus grand barrage,A,200,25,"La Sanaga, la Benoue et le Djerem naissent sur ce plateau.","cameroun,geographie"
cmr-0641,Cameroun,cameroun,moyen,Dans quel secteur d'activite intervient Afriland First Bank ?,Le textile,La banque,Le ciment,Les boissons,B,200,25,Afriland First Bank est une banque camerounaise fondee par Paul Kammogne Fokam.,"cameroun,economie,entreprises"
cmr-0642,Cameroun,cameroun,moyen,Quel est l'ingredient principal utilise pour preparer le taro sauce jaune ?,les feuilles de ndole et l'arachide,le manioc fermente,la viande de boeuf grillee et epicee en brochettes,le taro et l'huile de palme aux epices,D,200,25,Le taro sauce jaune se prepare avec le taro et l'huile de palme aux epices.,"cameroun,gastronomie"
cmr-0643,Cameroun,cameroun,moyen,Dans quelle region du Cameroun les Bafut sont-ils principalement etablis ?,Le Nord-Ouest,Le Nord,Le Sud-Ouest,Le Centre,A,200,25,Les Bafut vivent principalement dans cette region.,"cameroun,peuples,langues"
cmr-0644,Cameroun,cameroun,challenge,Dans quel domaine Bernard Nanga s'est-il ou s'est-elle illustre(e) ?,La litterature,Les affaires et l'entrepreneuriat,Le cinema,La politique,A,300,30,Bernard Nanga est connu(e) pour avoir ecrit Les Chauves-souris.,"cameroun,personnalites"
cmr-0645,Cameroun,cameroun,moyen,De quelle region du Cameroun le water fufu est-il originaire ou le plus consomme ?,Le Centre,Le Sud-Ouest,L'Est,Le Nord-Ouest,B,200,25,Le water fufu est surtout associe a cette region.,"cameroun,gastronomie"
cmr-0646,Cameroun,cameroun,challenge,Quel est le chef-lieu du departement du Momo ?,Nkambe,Eseka,Mbengwi,Tibati,C,300,30,"Mbengwi est le chef-lieu du Momo, dans la region : Nord-Ouest.","cameroun,geographie,departements"
cmr-0647,Cameroun,cameroun,facile,"Dans le langage populaire camerounais, que designe le tchop ?",Un vehicule de transport en commun surcharge,"S'etonner, etre surpris","La nourriture, le fait de manger",Un patron ou un homme respecte,C,100,20,"Le tchop : la nourriture, le fait de manger.","cameroun,culture,expressions"
cmr-0648,Cameroun,cameroun,facile,Quel objet du quotidien permet d'acheter du credit telephonique dans la rue ?,Le call box,Le guichet bancaire,La cabine telephonique europeenne,Le distributeur de billets,A,100,20,Les call box sont presents a chaque coin de rue.,"cameroun,culture-generale"
cmr-0649,Cameroun,cameroun,facile,Dans quel secteur d'activite intervient les Brasseries du Cameroun ?,La banque,Le transfert d'argent,L'investissement public,Les boissons,D,100,20,Les Brasseries du Cameroun est le principal brasseur du pays.,"cameroun,economie,entreprises"
cmr-0650,Cameroun,cameroun,moyen,Dans quel secteur d'activite intervient la CNPS ?,Le commerce en ligne,La protection sociale,L'eau potable,Le raffinage petrolier,B,200,25,La CNPS est la caisse de prevoyance sociale des travailleurs.,"cameroun,economie,entreprises"
cmr-0651,Cameroun,cameroun,moyen,Dans quelle partie du Cameroun la pomme de terre est-il ou est-elle principalement cultive(e) ?,Le Centre,L'Ouest et le Nord-Ouest,Le Grand Nord,L'Adamaoua,B,200,25,Pour la pomme de terre : les hautes terres offrent un climat favorable.,"cameroun,economie,agriculture"
cmr-0652,Cameroun,cameroun,moyen,Dans quelle region du Cameroun les Bulu sont-ils principalement etablis ?,L'Adamaoua,Le Littoral,L'Ouest,Le Sud,D,200,25,Les Bulu vivent principalement dans cette region.,"cameroun,peuples,langues"
cmr-0653,Cameroun,cameroun,challenge,Quelle ecriture originale le sultan Njoya a-t-il inventee ?,Le geez,Le shu-mom,Le tifinagh,Le nsibidi,B,300,30,L'ecriture bamoun shu-mom date de la fin du XIXe siecle.,"cameroun,culture"
cmr-0654,Cameroun,cameroun,challenge,En quelle annee le Senat camerounais a-t-il ete mis en place ?,2018,2013,1996,2005,B,300,30,Les premieres elections senatoriales ont eu lieu en avril 2013.,"cameroun,institutions,symboles"
cmr-0655,Cameroun,cameroun,challenge,Dans quelle partie du Cameroun l'oignon est-il ou est-elle principalement cultive(e) ?,Le Centre,Le Grand Nord,Le Sud et l'Est,L'Adamaoua,B,300,30,Pour l'oignon : la region de Maroua en est un bassin reconnu.,"cameroun,economie,agriculture"
cmr-0656,Cameroun,cameroun,moyen,De quelle region du Cameroun la bouillie de mil est-il originaire ou le plus consomme ?,Le Littoral,L'Extreme-Nord,Le Nord-Ouest,Le Centre,B,200,25,La bouillie de mil est surtout associe a cette region.,"cameroun,gastronomie"
cmr-0657,Cameroun,cameroun,moyen,Comment appelle-t-on le pagne porte par les femmes lors des ceremonies au Cameroun ?,Le sarong,Le kaba ngondo ou pagne,Le sari,Le hanbok,B,200,25,Le kaba est une robe traditionnelle camerounaise.,"cameroun,divers"
cmr-0658,Cameroun,cameroun,challenge,Quelle plaine du Nord-Ouest est reputee pour sa riziculture ?,La plaine de Bakassi,La plaine de Maga,La plaine de Mbo,La plaine de Ndop,D,300,30,La plaine de Ndop est un bassin rizicole important.,"cameroun,geographie"
cmr-0659,Cameroun,cameroun,moyen,Le departement du Mbere appartient a quelle region ?,Nord,Extreme-Nord,Sud-Ouest,Adamaoua,D,200,25,Le Mbere se situe dans la region : Adamaoua.,"cameroun,geographie,departements"
cmr-0660,Cameroun,cameroun,challenge,Dans quel domaine Jean-Pierre Bekolo s'est-il ou s'est-elle illustre(e) ?,Le football,Le cinema,La politique,La mode,B,300,30,Jean-Pierre Bekolo est connu(e) pour avoir realise Quartier Mozart et Les Saignantes.,"cameroun,personnalites"
cmr-0661,Cameroun,cameroun,moyen,Dans quelle region du Cameroun les Massa sont-ils principalement etablis ?,Le Littoral,Le Nord,Le Nord-Ouest,L'Extreme-Nord,D,200,25,Les Massa vivent principalement dans cette region.,"cameroun,peuples,langues"
cmr-0662,Cameroun,cameroun,challenge,Quel est le chef-lieu du departement du Kadey ?,Douala,Batouri,Tibati,Nanga-Eboko,B,300,30,"Batouri est le chef-lieu du Kadey, dans la region : Est.","cameroun,geographie,departements"
cmr-0663,Cameroun,cameroun,moyen,Le departement du Menoua appartient a quelle region ?,Littoral,Ouest,Adamaoua,Sud,B,200,25,Le Menoua se situe dans la region : Ouest.,"cameroun,geographie,departements"
cmr-0664,Cameroun,cameroun,facile,Quelle activite pratique-t-on beaucoup dans les villages camerounais ?,La production de neige artificielle,L'exploitation petroliere offshore,La construction navale,L'agriculture,D,100,20,L'agriculture fait vivre la majorite des zones rurales.,"cameroun,culture-generale"
cmr-0665,Cameroun,cameroun,facile,Quelle entreprise camerounaise correspond a cette description : une plateforme de vente en ligne ?,la SEMC,CAMTEL,Jumia Cameroun,le PAD,C,100,20,Il s'agit de Jumia Cameroun.,"cameroun,economie,entreprises"
cmr-0666,Cameroun,cameroun,facile,Quelle taxe est prelevee sur les marchandises importees au Cameroun ?,La taxe fonciere,La redevance audiovisuelle,La taxe de sejour,Le droit de douane,D,100,20,Les droits de douane s'appliquent aux importations.,"cameroun,economie"
cmr-0667,Cameroun,cameroun,moyen,Quelle agence publique camerounaise est dediee a la promotion des PME ?,La CONAC,La SNI,L'ARMP,L'APME,D,200,25,L'Agence de promotion des PME accompagne les entrepreneurs.,"cameroun,institutions,symboles"
cmr-0668,Cameroun,cameroun,challenge,Quelle entreprise camerounaise correspond a cette description : un grand groupe de distribution camerounais ?,la CNPS,Fokou,CAMRAIL,la SEMC,B,300,30,Il s'agit de Fokou.,"cameroun,economie,entreprises"
cmr-0669,Cameroun,cameroun,challenge,Quel numero appelle-t-on pour joindre les sapeurs-pompiers au Cameroun ?,Le 112,Le 118,Le 18,Le 911,B,300,30,Le 118 correspond aux sapeurs-pompiers.,"cameroun,divers"
cmr-0670,Cameroun,cameroun,moyen,Combien de departements compte la region : Est ?,9,4,5,10,B,200,25,La region : Est compte 4 departements.,"cameroun,geographie,regions"
cmr-0671,Cameroun,cameroun,moyen,Dans quelle region du Cameroun se trouve la ville de Kaele ?,Sud-Ouest,Nord-Ouest,Ouest,Extreme-Nord,D,200,25,Kaele est situee dans la region : Extreme-Nord.,"cameroun,geographie,villes"
cmr-0672,Cameroun,cameroun,challenge,"Quel gisement de fer, dans la region du Sud, fait l'objet de projets miniers ?",Le gisement de Bafang,Le gisement de Ndop,Le gisement de Mbalam,Le gisement de Waza,C,300,30,Mbalam-Nabeba est un projet de minerai de fer transfrontalier.,"cameroun,economie"
cmr-0673,Cameroun,cameroun,moyen,Dans quelle region du Cameroun se trouve la ville de Poli ?,Nord,Adamaoua,Centre,Extreme-Nord,A,200,25,Poli est situee dans la region : Nord.,"cameroun,geographie,villes"
cmr-0674,Cameroun,cameroun,moyen,De quelle ville camerounaise le club de football UMS est-il originaire ?,Limbe,Yaounde,Loum,Dschang,C,200,25,"UMS est base a Loum, dans la region : Le Littoral.","cameroun,sport"
cmr-0675,Cameroun,cameroun,moyen,Le departement du Sanaga-Maritime appartient a quelle region ?,Adamaoua,Sud-Ouest,Littoral,Ouest,C,200,25,Le Sanaga-Maritime se situe dans la region : Littoral.,"cameroun,geographie,departements"
cmr-0676,Cameroun,cameroun,challenge,Quel est le chef-lieu du departement du Fako ?,Ntui,Ngoumou,Mokolo,Limbe,D,300,30,"Limbe est le chef-lieu du Fako, dans la region : Sud-Ouest.","cameroun,geographie,departements"
cmr-0677,Cameroun,cameroun,moyen,Qui represente l'Etat a la tete d'un departement au Cameroun ?,Le sous-prefet,Le maire,Le gouverneur,Le prefet,D,200,25,"Le prefet dirige le departement, le gouverneur la region.","cameroun,institutions,symboles"
cmr-0678,Cameroun,cameroun,facile,En quelle annee le Cameroun sous administration francaise a-t-il accede a l'independance ?,1960,1972,1958,1961,A,100,20,L'independance a ete proclamee le 1er janvier 1960.,"cameroun,histoire"
cmr-0679,Cameroun,cameroun,moyen,Dans quel domaine Anne-Marie Nzie s'est-il ou s'est-elle illustre(e) ?,Les affaires et l'entrepreneuriat,La politique,La musique,L'athletisme,C,200,25,Anne-Marie Nzie est connu(e) pour etre surnommee la Reine d'or de la chanson camerounaise.,"cameroun,personnalites"
cmr-0680,Cameroun,cameroun,moyen,Dans quelle region du Cameroun se trouve la ville de Foumban ?,Sud-Ouest,Extreme-Nord,Adamaoua,Ouest,D,200,25,Foumban est situee dans la region : Ouest.,"cameroun,geographie,villes"
cmr-0681,Cameroun,cameroun,challenge,De quelle region du Cameroun le kwacoco est-il originaire ou le plus consomme ?,Le Sud-Ouest,L'Ouest,L'Extreme-Nord,Le Nord-Ouest,A,300,30,Le kwacoco est surtout associe a cette region.,"cameroun,gastronomie"
cmr-0682,Cameroun,cameroun,moyen,Quel port en eau profonde a ete inaugure dans la region du Sud ?,Le port de Limbe,Le port de Tiko,Le port de Kribi,Le port de Campo,C,200,25,Le port en eau profonde de Kribi complete le port de Douala.,"cameroun,geographie"
cmr-0683,Cameroun,cameroun,moyen,De quelle region du Cameroun le jus de foleré est-il originaire ou le plus consomme ?,Le Sud-Ouest,L'Ouest,Le Littoral,L'Extreme-Nord,D,200,25,Le jus de foleré est surtout associe a cette region.,"cameroun,gastronomie"
cmr-0684,Cameroun,cameroun,challenge,Quelle personnalite camerounaise est connue pour avoir joue au Real Madrid et a Chelsea ?,William Elong,Geremi Njitap,Marie-Jose Ta Lou,Rebecca Enonchong,B,300,30,Il s'agit de Geremi Njitap.,"cameroun,personnalites"
cmr-0685,Cameroun,cameroun,challenge,Quel salaire minimum interprofessionnel garanti s'applique au Cameroun (SMIG) ?,Environ 5 000 FCFA,Environ 41 875 FCFA par mois,Environ 1 000 000 FCFA,Environ 250 000 FCFA,B,300,30,Le SMIG a ete revalorise a 41 875 FCFA en 2023.,"cameroun,economie"
cmr-0686,Cameroun,cameroun,moyen,Quel est le nom du parti au pouvoir au Cameroun depuis 1985 ?,Le SDF,L'UPC,L'UNDP,Le RDPC (Rassemblement Democratique du Peuple Camerounais),D,200,25,Le RDPC a succede a l'UNC lors du congres de Bamenda en 1985.,"cameroun,histoire"
cmr-0687,Cameroun,cameroun,moyen,Combien de departements compte la region : Adamaoua ?,5,3,8,11,A,200,25,La region : Adamaoua compte 5 departements.,"cameroun,geographie,regions"
cmr-0688,Cameroun,cameroun,moyen,De quelle region du Cameroun le matango est-il originaire ou le plus consomme ?,L'Est,Le Sud,Le Littoral,L'Ouest,C,200,25,Le matango est surtout associe a cette region.,"cameroun,gastronomie"
cmr-0689,Cameroun,cameroun,challenge,"Quelle constitution regit aujourd'hui le Cameroun, apres sa revision majeure ?",La constitution de 1960,La constitution de 2008,La constitution de 1984,La constitution de 1972 revisee en 1996,D,300,30,La loi du 18 janvier 1996 a profondement revise la constitution de 1972.,"cameroun,histoire"
cmr-0690,Cameroun,cameroun,moyen,De quelle ville camerounaise le club de football Fovu Club est-il originaire ?,Baham,Mbouda,Ngoumou,Garoua,A,200,25,"Fovu Club est base a Baham, dans la region : L'Ouest.","cameroun,sport"
cmr-0691,Cameroun,cameroun,facile,Quel service permet d'envoyer de l'argent depuis un telephone au Cameroun ?,Le cheque de banque,Le mobile money,Le mandat postal uniquement,Le telegramme,B,100,20,MTN MoMo et Orange Money sont largement utilises.,"cameroun,economie"
cmr-0692,Cameroun,cameroun,challenge,Quelle politique de developpement le Cameroun a-t-il adoptee pour la periode 2020-2030 ?,L'Agenda 2063 national,La Strategie Nationale de Developpement 2030 (SND30),Le Programme SAP,Le Plan Marshall,B,300,30,La SND30 a succede au DSCE.,"cameroun,economie"
cmr-0693,Cameroun,cameroun,moyen,Dans quelle region du Cameroun se trouve la ville de Bafoussam ?,Littoral,Adamaoua,Nord,Ouest,D,200,25,Bafoussam est situee dans la region : Ouest.,"cameroun,geographie,villes"
cmr-0694,Cameroun,cameroun,moyen,Quel organe organise les elections au Cameroun ?,La CONAC,Le CNC,L'ARMP,ELECAM,D,200,25,Elections Cameroon est l'organe de gestion des scrutins.,"cameroun,institutions,symboles"
cmr-0695,Cameroun,cameroun,facile,Sur quel continent se trouve le Cameroun ?,L'Asie,L'Amerique du Sud,L'Europe,L'Afrique,D,100,20,Le Cameroun est en Afrique centrale.,"cameroun,culture-generale"
cmr-0696,Cameroun,cameroun,moyen,Quel jeu video camerounais developpe par Kiro'o Games s'inspire des mythologies africaines ?,Sawa Legends,Mboa Quest,Aurion,Kamer Fighter,C,200,25,Aurion : L'Heritage des Kori-Odan est sorti en 2016.,"cameroun,personnalites,sport,culture"
cmr-0697,Cameroun,cameroun,moyen,Dans quelle region du Cameroun se trouve la ville de Bangem ?,Nord-Ouest,Adamaoua,Nord,Sud-Ouest,D,200,25,Bangem est situee dans la region : Sud-Ouest.,"cameroun,geographie,villes"
cmr-0698,Cameroun,cameroun,moyen,Quel est l'ingredient principal utilise pour preparer le folong ?,la pate d'arachide cuite en feuilles,les haricots ecrases,le taro et l'huile de palme aux epices,les feuilles d'amarante,D,200,25,Le folong se prepare avec les feuilles d'amarante.,"cameroun,gastronomie"
cmr-0699,Cameroun,cameroun,challenge,Quelle personnalite camerounaise est connue pour avoir bati un grand groupe industriel et bancaire camerounais ?,Manu Dibango,Arthur Zang,Victor Fotso,Longue Longue,C,300,30,Il s'agit de Victor Fotso.,"cameroun,personnalites"
cmr-0700,Cameroun,cameroun,moyen,Quel evenement sportif universitaire national rassemble les etudiants camerounais ?,Les Jeux olympiques,Les Jeux de la Francophonie,Les Jeux universitaires,Les Jeux du Commonwealth,C,200,25,Les Jeux universitaires reunissent les universites d'Etat.,"cameroun,divers"
cmr-0701,Cameroun,cameroun,challenge,Quelle reforme majeure a renforce les competences des regions camerounaises en 2019 ?,La creation du Senat,La loi sur la decentralisation et le Code general des collectivites territoriales,La revision du code penal,La loi sur le multipartisme,B,300,30,Le Code general des CTD a ete promulgue en decembre 2019.,"cameroun,institutions,symboles"
cmr-0702,Cameroun,cameroun,facile,Quelle boisson chaude est produite dans les hautes terres de l'Ouest camerounais ?,Le sirop d'erable,Le cafe,Le the vert japonais,Le mate,B,100,20,L'arabica est cultive sur les hautes terres.,"cameroun,culture-generale"
cmr-0703,Cameroun,cameroun,moyen,Quel est l'ingredient principal utilise pour preparer le water fufu ?,les haricots ecrases,"la morelle noire, un legume-feuille",le manioc trempe,les feuilles d'eru et le waterleaf,C,200,25,Le water fufu se prepare avec le manioc trempe.,"cameroun,gastronomie"
cmr-0704,Cameroun,cameroun,moyen,Dans quelle region du Cameroun se trouve la ville de Mbalmayo ?,Extreme-Nord,Centre,Sud,Adamaoua,B,200,25,Mbalmayo est situee dans la region : Centre.,"cameroun,geographie,villes"
cmr-0705,Cameroun,cameroun,moyen,Dans quel secteur d'activite intervient la SONARA ?,Le jeu video,La banque,Le raffinage petrolier,Les telecommunications,C,200,25,La SONARA est la raffinerie nationale installee a Limbe.,"cameroun,economie,entreprises"
cmr-0706,Cameroun,cameroun,moyen,Dans quelle region du Cameroun se trouve la ville de Bandjoun ?,Sud,Ouest,Nord-Ouest,Nord,B,200,25,Bandjoun est situee dans la region : Ouest.,"cameroun,geographie,villes"
cmr-0707,Cameroun,cameroun,moyen,Le departement du Ngo-Ketunjia appartient a quelle region ?,Nord-Ouest,Adamaoua,Est,Sud,A,200,25,Le Ngo-Ketunjia se situe dans la region : Nord-Ouest.,"cameroun,geographie,departements"
cmr-0708,Cameroun,cameroun,challenge,Dans quel domaine Hortense Bewouda s'est-il ou s'est-elle illustre(e) ?,La litterature,La mode,L'athletisme,La musique,C,300,30,Hortense Bewouda est connu(e) pour avoir represente le Cameroun en saut.,"cameroun,personnalites"
cmr-0709,Cameroun,cameroun,facile,En quelle annee Paul Biya est-il devenu president de la Republique ?,1990,1992,1982,1975,C,100,20,Paul Biya a prete serment le 6 novembre 1982.,"cameroun,histoire"
cmr-0710,Cameroun,cameroun,moyen,Quel est l'ingredient principal utilise pour preparer le mbanga soup ?,"la farine de ble, les haricots et le mais",les feuilles de manioc pilees,le macabo rape,la noix de palme,D,200,25,Le mbanga soup se prepare avec la noix de palme.,"cameroun,gastronomie"
cmr-0711,Cameroun,cameroun,moyen,Dans quelle region du Cameroun se trouve la ville de Ntui ?,Est,Centre,Sud-Ouest,Adamaoua,B,200,25,Ntui est situee dans la region : Centre.,"cameroun,geographie,villes"
cmr-0712,Cameroun,cameroun,challenge,Quelle personnalite camerounaise est connue pour avoir dirige un grand groupe industriel camerounais ?,Manu Dibango,William Elong,James Onobiono,Jean-Pierre Bekolo,C,300,30,Il s'agit de James Onobiono.,"cameroun,personnalites"
cmr-0713,Cameroun,cameroun,challenge,Quelle personnalite camerounaise est connue pour avoir ete defenseur central des Lions Indomptables a Marseille ?,Blanche Bailly,Stanley Enow,Nicolas Nkoulou,Djaili Amadou Amal,C,300,30,Il s'agit de Nicolas Nkoulou.,"cameroun,personnalites"
cmr-0714,Cameroun,cameroun,challenge,Quel accord a organise la retrocession de Bakassi au Cameroun ?,L'accord de Douala,L'accord d'Abuja,L'accord de Greentree,L'accord de Yaounde,C,300,30,L'accord de Greentree a ete signe en 2006.,"cameroun,histoire"
cmr-0715,Cameroun,cameroun,moyen,Quel monument de Yaounde symbolise l'union entre les deux Cameroun ?,Le monument Nachtigal,Le rond-point Deido,Le monument de la Reunification,La cathedrale Notre-Dame des Victoires,C,200,25,Le monument de la Reunification a ete erige a Yaounde.,"cameroun,culture"
cmr-0716,Cameroun,cameroun,moyen,Le departement du Lebialem appartient a quelle region ?,Sud-Ouest,Ouest,Nord,Extreme-Nord,A,200,25,Le Lebialem se situe dans la region : Sud-Ouest.,"cameroun,geographie,departements"
cmr-0717,Cameroun,cameroun,challenge,Quelle personnalite camerounaise est connue pour etre un rappeur camerounais connu pour Do le Dab ?,Ajara Nchout,Paul Biya,Tenor,Ruben Um Nyobe,C,300,30,Il s'agit de Tenor.,"cameroun,personnalites"
cmr-0718,Cameroun,cameroun,moyen,Dans quelle region du Cameroun se trouve la ville de Moloundou ?,Centre,Extreme-Nord,Est,Nord-Ouest,C,200,25,Moloundou est situee dans la region : Est.,"cameroun,geographie,villes"
cmr-0719,Cameroun,cameroun,moyen,Dans quelle region du Cameroun se trouve la ville de Nkongsamba ?,Adamaoua,Est,Nord-Ouest,Littoral,D,200,25,Nkongsamba est situee dans la region : Littoral.,"cameroun,geographie,villes"
cmr-0720,Cameroun,cameroun,facile,Quelle entreprise camerounaise correspond a cette description : la societe publique de production et distribution d'eau ?,CAMWATER,ENEO,la SABC,Afriland First Bank,A,100,20,Il s'agit de CAMWATER.,"cameroun,economie,entreprises"
cmr-0721,Cameroun,cameroun,moyen,"Dans le langage populaire camerounais, que designe le mbeng ?","Un ami, un frere (langage de la rue)",Un patron ou un homme respecte,L'Europe ou l'etranger,"L'intimidation, le fait de faire peur",C,200,25,Le mbeng : l'europe ou l'etranger.,"cameroun,culture,expressions"
cmr-0722,Cameroun,cameroun,challenge,Quelle personnalite camerounaise est connue pour avoir recu le prix Femina pour La Saison de l'ombre ?,K-Tino,Charles Atangana,Leonora Miano,Solomon Tandeng Muna,C,300,30,Il s'agit de Leonora Miano.,"cameroun,personnalites"
cmr-0723,Cameroun,cameroun,moyen,Quelle forme juridique est la plus utilisee par les PME camerounaises ?,Le GIE international,La SA cotee,La societe anonyme europeenne,La SARL (Societe a Responsabilite Limitee),D,200,25,La SARL est simple a creer et limite la responsabilite.,"cameroun,economie"
cmr-0724,Cameroun,cameroun,facile,Quelle langue officielle est majoritaire dans la region du Sud-Ouest ?,L'allemand,Le russe,L'anglais,L'italien,C,100,20,Le Sud-Ouest est une region anglophone.,"cameroun,culture-generale"
cmr-0725,Cameroun,cameroun,moyen,Quel navigateur portugais a donne son nom au Cameroun en 1472 en decouvrant des crevettes dans un fleuve ?,Bartolomeu Dias,Vasco de Gama,Christophe Colomb,Fernando Poo,D,200,25,"Rio dos Camaroes, la riviere des crevettes, a donne le nom Cameroun.","cameroun,histoire"
cmr-0726,Cameroun,cameroun,moyen,De quelle ville camerounaise le club de football Astres FC est-il originaire ?,Ngoumou,Mbouda,Dschang,Douala,D,200,25,"Astres FC est base a Douala, dans la region : Le Littoral.","cameroun,sport"
cmr-0727,Cameroun,cameroun,facile,Que trouve-t-on principalement dans la region de l'Est du Cameroun ?,De vastes forets,Des glaciers,Des fjords,Des deserts de sel,A,100,20,L'Est est couvert de foret dense.,"cameroun,culture-generale"
cmr-0728,Cameroun,cameroun,challenge,Quel est le chef-lieu du departement du Benoue ?,Ambam,Garoua,Nkongsamba,Yagoua,B,300,30,"Garoua est le chef-lieu du Benoue, dans la region : Nord.","cameroun,geographie,departements"
cmr-0729,Cameroun,cameroun,moyen,De quelle region du Cameroun le gari est-il originaire ou le plus consomme ?,Le Sud-Ouest,Le Littoral,Le Centre,L'Ouest,A,200,25,Le gari est surtout associe a cette region.,"cameroun,gastronomie"
cmr-0730,Cameroun,cameroun,challenge,Quel genre musical camerounais est joue principalement a la guitare et associe aux Bassa ?,L'assiko,Le bikutsi,Le njang,Le mangambeu,A,300,30,L'assiko est un style guitare-percussions du pays Bassa.,"cameroun,personnalites,sport,culture"
cmr-0731,Cameroun,cameroun,moyen,Dans quel domaine Rudolf Douala Manga Bell s'est-il ou s'est-elle illustre(e) ?,La litterature,La musique,La lutte contre la colonisation,Le football,C,200,25,Rudolf Douala Manga Bell est connu(e) pour avoir ete pendu par les Allemands en 1914 pour avoir defendu les terres douala.,"cameroun,personnalites"
cmr-0732,Cameroun,cameroun,moyen,"Quel genre musical est originaire du pays Beti, dans le Centre ?",Le mbalax,Le bikutsi,Le coupe-decale,Le makossa,B,200,25,Le bikutsi est emblematique de la region du Centre.,"cameroun,personnalites,sport,culture"
cmr-0733,Cameroun,cameroun,moyen,Dans quelle region du Cameroun se trouve la ville de Buea ?,Sud-Ouest,Extreme-Nord,Ouest,Centre,A,200,25,Buea est situee dans la region : Sud-Ouest.,"cameroun,geographie,villes"
cmr-0734,Cameroun,cameroun,facile,Quel est le chef-lieu de la region du Nord-Ouest ?,Bamenda,Bafoussam,Yaounde,Ebolowa,A,100,20,Bamenda est le chef-lieu de la region de l'Nord-Ouest.,"cameroun,geographie,regions"
cmr-0735,Cameroun,cameroun,facile,Quelle viande grillee epicee est typique du Nord du Cameroun ?,Le saucisson sec,Le soya,Le hamburger,Le jambon de Parme,B,100,20,Le soya se vend en brochettes.,"cameroun,culture-generale"
cmr-0736,Cameroun,cameroun,moyen,Dans quelle region du Cameroun les Maka sont-ils principalement etablis ?,L'Est,L'Ouest,Le Nord-Ouest,Le Centre,A,200,25,Les Maka vivent principalement dans cette region.,"cameroun,peuples,langues"
cmr-0737,Cameroun,cameroun,moyen,De quelle region du Cameroun le couscous de mais est-il originaire ou le plus consomme ?,L'Ouest,Le Nord,L'Extreme-Nord,Le Sud-Ouest,B,200,25,Le couscous de mais est surtout associe a cette region.,"cameroun,gastronomie"
cmr-0738,Cameroun,cameroun,moyen,"Dans le langage populaire camerounais, que designe un bayam-sellam ?","S'etonner, etre surpris","Un revendeur, souvent une commercante de vivres",Quelque chose d'obtenu gratuitement,Un moto-taxi,B,200,25,"Un bayam-sellam : un revendeur, souvent une commercante de vivres.","cameroun,culture,expressions"
cmr-0739,Cameroun,cameroun,moyen,Dans quelle region du Cameroun se trouve la ville de Ambam ?,Sud,Extreme-Nord,Adamaoua,Est,A,200,25,Ambam est situee dans la region : Sud.,"cameroun,geographie,villes"
cmr-0740,Cameroun,cameroun,challenge,Quelle ville camerounaise est reputee parmi les plus pluvieuses au monde ?,Garoua,"Debundscha, au pied du mont Cameroun",Ngaoundere,Maroua,B,300,30,Debundscha recoit environ 10 000 mm de pluie par an.,"cameroun,geographie"
cmr-0741,Cameroun,cameroun,moyen,Le departement du Mezam appartient a quelle region ?,Nord,Adamaoua,Nord-Ouest,Centre,C,200,25,Le Mezam se situe dans la region : Nord-Ouest.,"cameroun,geographie,departements"
cmr-0742,Cameroun,cameroun,moyen,Dans quel domaine Stanley Enow s'est-il ou s'est-elle illustre(e) ?,La mode,Le football,La litterature,La musique,D,200,25,Stanley Enow est connu(e) pour avoir lance le hip-hop camerounais a l'international avec Hein Pere.,"cameroun,personnalites"
cmr-0743,Cameroun,cameroun,challenge,Quelle personnalite camerounaise est connue pour avoir realise Quartier Mozart et Les Saignantes ?,X-Maleya,Paul Biya,Jean-Pierre Bekolo,Eric Maxim Choupo-Moting,C,300,30,Il s'agit de Jean-Pierre Bekolo.,"cameroun,personnalites"
cmr-0744,Cameroun,cameroun,challenge,Dans quel domaine John Ngu Foncha s'est-il ou s'est-elle illustre(e) ?,La lutte contre la colonisation,La politique,La musique,Les affaires et l'entrepreneuriat,B,300,30,John Ngu Foncha est connu(e) pour avoir conduit le Southern Cameroons vers la reunification de 1961.,"cameroun,personnalites"
cmr-0745,Cameroun,cameroun,challenge,Quel est le chef-lieu du departement du Mbam-et-Inoubou ?,Mbouda,Foumban,Bafang,Bafia,D,300,30,"Bafia est le chef-lieu du Mbam-et-Inoubou, dans la region : Centre.","cameroun,geographie,departements"
cmr-0746,Cameroun,cameroun,challenge,Quel est le chef-lieu du departement du Mbam-et-Kim ?,Limbe,Kribi,Bertoua,Ntui,D,300,30,"Ntui est le chef-lieu du Mbam-et-Kim, dans la region : Centre.","cameroun,geographie,departements"
cmr-0747,Cameroun,cameroun,facile,"Quelle personnalite camerounaise est connue pour avoir compose Soul Makossa, tube planetaire au saxophone ?",Blanche Bailly,Manu Dibango,Mongo Beti,Rebecca Enonchong,B,100,20,Il s'agit de Manu Dibango.,"cameroun,personnalites"
cmr-0748,Cameroun,cameroun,moyen,Quelle affirmation est exacte a propos du cafe arabica au Cameroun ?,"En resume, il beneficie d'une indication geographique protegee","En resume, il alimente l'industrie de l'huile de palme","En resume, il sert a preparer bobolo, gari et miondo","En resume, il pousse sur les hautes terres",D,200,25,Pour le cafe arabica : il pousse sur les hautes terres.,"cameroun,economie,agriculture"
cmr-0749,Cameroun,cameroun,moyen,Le departement du Nde appartient a quelle region ?,Adamaoua,Ouest,Est,Littoral,B,200,25,Le Nde se situe dans la region : Ouest.,"cameroun,geographie,departements"
cmr-0750,Cameroun,cameroun,moyen,Dans quelle region du Cameroun se trouve la ville de Meyomessala ?,Nord,Ouest,Adamaoua,Sud,D,200,25,Meyomessala est situee dans la region : Sud.,"cameroun,geographie,villes"
cmr-0751,Cameroun,cameroun,moyen,Combien de departements compte la region : Sud ?,8,2,7,4,D,200,25,La region : Sud compte 4 departements.,"cameroun,geographie,regions"
cmr-0752,Cameroun,cameroun,moyen,Dans quelle region du Cameroun les Bakoko sont-ils principalement etablis ?,Le Nord-Ouest,L'Est,Le Littoral,L'Ouest,C,200,25,Les Bakoko vivent principalement dans cette region.,"cameroun,peuples,langues"
cmr-0753,Cameroun,cameroun,facile,Quelle assemblee vote les lois au Cameroun avec le Senat ?,La Cour supreme,Le conseil municipal,Le Conseil constitutionnel,L'Assemblee nationale,D,100,20,Le Parlement comprend l'Assemblee nationale et le Senat.,"cameroun,culture-generale"
cmr-0754,Cameroun,cameroun,challenge,"Dans le langage populaire camerounais, que designe faire le wandah ?",La prison,"S'etonner, etre surpris",Un taxi ou vehicule de transport non officiel,Payer ou glisser discretement de l'argent,B,300,30,"Faire le wandah : s'etonner, etre surpris.","cameroun,culture,expressions"
cmr-0755,Cameroun,cameroun,moyen,Quelle ville de l'Ouest est surnommee la ville climatique en raison de sa fraicheur ?,Foumbot,Bandjoun,Dschang,Bafoussam,C,200,25,Dschang est reputee pour son climat frais.,"cameroun,divers"
cmr-0756,Cameroun,cameroun,moyen,Quelle entreprise camerounaise correspond a cette description : le groupe des Brasseries du Cameroun ?,Fokou,le PAK,Camair-Co,la SABC,D,200,25,Il s'agit de la SABC.,"cameroun,economie,entreprises"
cmr-0757,Cameroun,cameroun,moyen,Quel est l'ingredient principal utilise pour preparer l'okok ?,le poulet et la banane plantain,le macabo rape,le poulet grille a l'huile de palme,les feuilles de gnetum,D,200,25,L'okok se prepare avec les feuilles de gnetum.,"cameroun,gastronomie"
cmr-0758,Cameroun,cameroun,challenge,Quel est l'ingredient principal utilise pour preparer le kwacoco ?,le mil fermente,les epices noires et le poisson,le macabo rape,le fruit du safoutier,C,300,30,Le kwacoco se prepare avec le macabo rape.,"cameroun,gastronomie"
cmr-0759,Cameroun,cameroun,facile,Quelle entreprise camerounaise correspond a cette description : l'operateur historique de telecommunications ?,CAMTEL,la CNPS,la BICEC,le PAD,A,100,20,Il s'agit de CAMTEL.,"cameroun,economie,entreprises"
cmr-0760,Cameroun,cameroun,challenge,Dans quel secteur d'activite intervient la SEMC ?,L'eau potable,Les eaux minerales,Le jeu video,La telephonie mobile,B,300,30,La SEMC est le producteur de l'eau minerale Tangui.,"cameroun,economie,entreprises"
cmr-0761,Cameroun,cameroun,moyen,Dans quelle region du Cameroun se trouve la ville de Obala ?,Est,Ouest,Extreme-Nord,Centre,D,200,25,Obala est situee dans la region : Centre.,"cameroun,geographie,villes"
cmr-0762,Cameroun,cameroun,moyen,Quel morceau de Manu Dibango a inspire des artistes internationaux comme Michael Jackson ?,Soul Makossa,Sweet Mother,Yaounde Blues,African Queen,A,200,25,Soul Makossa est sorti en 1972.,"cameroun,personnalites,sport,culture"
cmr-0763,Cameroun,cameroun,challenge,Dans quelle partie du Cameroun le miel blanc d'Oku est-il ou est-elle principalement cultive(e) ?,L'Adamaoua,L'Ouest et le Nord-Ouest,Le Grand Nord,Le Littoral et le Sud-Ouest,B,300,30,Pour le miel blanc d'Oku : il beneficie d'une indication geographique protegee.,"cameroun,economie,agriculture"
cmr-0764,Cameroun,cameroun,facile,Dans quel domaine Samuel Eto'o s'est-il ou s'est-elle illustre(e) ?,La lutte contre la colonisation,Le football,L'athletisme,La politique,B,100,20,Samuel Eto'o est connu(e) pour avoir remporte quatre fois le Ballon d'or africain avant de presider la FECAFOOT.,"cameroun,personnalites"
cmr-0765,Cameroun,cameroun,facile,Quel pays a pour capitale Yaounde ?,Le Tchad,Le Cameroun,Le Gabon,Le Congo,B,100,20,Yaounde est la capitale du Cameroun.,"cameroun,culture-generale"
cmr-0766,Cameroun,cameroun,moyen,Quelle affirmation est exacte a propos de l'arachide au Cameroun ?,"En resume, elle entre dans la preparation du ndole et des sauces","En resume, il sert a preparer bobolo, gari et miondo","En resume, il beneficie d'une indication geographique protegee","En resume, il pousse sur les hautes terres",A,200,25,Pour l'arachide : elle entre dans la preparation du ndole et des sauces.,"cameroun,economie,agriculture"
cmr-0767,Cameroun,cameroun,moyen,Dans quelle region du Cameroun les Gbaya sont-ils principalement etablis ?,Le Nord-Ouest,L'Est,L'Ouest,L'Adamaoua,B,200,25,Les Gbaya vivent principalement dans cette region.,"cameroun,peuples,langues"
cmr-0768,Cameroun,cameroun,challenge,Dans quelle partie du Cameroun le riz est-il ou est-elle principalement cultive(e) ?,L'Ouest et le Nord-Ouest,Le Littoral et le Sud-Ouest,Le Centre,Le Grand Nord,D,300,30,Pour le riz : la SEMRY exploite les perimetres de Yagoua et Maga.,"cameroun,economie,agriculture"
cmr-0769,Cameroun,cameroun,facile,Qui dirige une commune au Cameroun ?,Le maire,Le gouverneur,Le prefet,Le ministre,A,100,20,Le maire est elu et dirige la commune.,"cameroun,culture-generale"
cmr-0770,Cameroun,cameroun,challenge,Dans quel domaine Alain Nteff s'est-il ou s'est-elle illustre(e) ?,La politique,Les affaires et l'entrepreneuriat,La mode,La technologie,D,300,30,Alain Nteff est connu(e) pour avoir cofonde Gifted Mom pour la sante maternelle.,"cameroun,personnalites"
cmr-0771,Cameroun,cameroun,moyen,Quel est l'ingredient principal utilise pour preparer le pain charge ?,le pain garni de spaghetti et d'omelette,les graines de courge (pistaches),des ecorces et racines qui rendent la sauce visqueuse,le mais frais et les feuilles de manioc,A,200,25,Le pain charge se prepare avec le pain garni de spaghetti et d'omelette.,"cameroun,gastronomie"
cmr-0772,Cameroun,cameroun,moyen,Quelle personnalite camerounaise est connue pour etre une chanteuse afropop connue pour Mimbayeur ?,Blanche Bailly,Mr Leo,Dina Bell,Felix-Roland Moumie,A,200,25,Il s'agit de Blanche Bailly.,"cameroun,personnalites"
cmr-0773,Cameroun,cameroun,moyen,Dans quelle region du Cameroun se trouve la ville de Bafut ?,Adamaoua,Nord-Ouest,Ouest,Centre,B,200,25,Bafut est situee dans la region : Nord-Ouest.,"cameroun,geographie,villes"
cmr-0774,Cameroun,cameroun,moyen,Que designe la marque camerounaise Mutzig ?,Une pate a tartiner,Une biere,Une boisson maltee sans alcool,Une eau minerale,B,200,25,Mutzig : elle est brassee au Cameroun sous licence.,"cameroun,marques"
cmr-0775,Cameroun,cameroun,challenge,Quel est le chef-lieu du departement du Boumba-et-Ngoko ?,Yokadouma,Yagoua,Kumbo,Mfou,A,300,30,"Yokadouma est le chef-lieu du Boumba-et-Ngoko, dans la region : Est.","cameroun,geographie,departements"
cmr-0776,Cameroun,cameroun,facile,Quel est le chef-lieu de la region du Sud ?,Buea,Ngaoundere,Ebolowa,Douala,C,100,20,Ebolowa est le chef-lieu de la region de l'Sud.,"cameroun,geographie,regions"
cmr-0777,Cameroun,cameroun,moyen,Quelle personnalite camerounaise est connue pour avoir ecrit Le Pauvre Christ de Bomba et Ville cruelle ?,Tala Andre Marie,Nicolas Nkoulou,Charles Atangana,Mongo Beti,D,200,25,Il s'agit de Mongo Beti.,"cameroun,personnalites"
cmr-0778,Cameroun,cameroun,moyen,Dans quelle region du Cameroun se trouve la ville de Tchollire ?,Sud,Est,Nord,Littoral,C,200,25,Tchollire est situee dans la region : Nord.,"cameroun,geographie,villes"
cmr-0779,Cameroun,cameroun,moyen,Dans quelle region du Cameroun se trouve la ville de Waza ?,Extreme-Nord,Nord-Ouest,Sud,Adamaoua,A,200,25,Waza est situee dans la region : Extreme-Nord.,"cameroun,geographie,villes"
cmr-0780,Cameroun,cameroun,moyen,Le departement du Haut-Nkam appartient a quelle region ?,Sud,Est,Ouest,Littoral,C,200,25,Le Haut-Nkam se situe dans la region : Ouest.,"cameroun,geographie,departements"
cmr-0781,Cameroun,cameroun,moyen,Quel parc national du Grand Nord est le plus connu pour ses safaris ?,Le parc de Korup,Le parc de Lobeke,Le parc national de Waza,Le parc de Campo Ma'an,C,200,25,"Waza, dans l'Extreme-Nord, abrite elephants, lions et girafes.","cameroun,geographie"
cmr-0782,Cameroun,cameroun,moyen,Le departement du Koung-Khi appartient a quelle region ?,Littoral,Adamaoua,Sud,Ouest,D,200,25,Le Koung-Khi se situe dans la region : Ouest.,"cameroun,geographie,departements"
cmr-0783,Cameroun,cameroun,moyen,Dans quel domaine Salatiel s'est-il ou s'est-elle illustre(e) ?,L'athletisme,La politique,La musique,La litterature,C,200,25,Salatiel est connu(e) pour avoir co-ecrit et produit Oyaho puis collabore avec Beyonce.,"cameroun,personnalites"
cmr-0784,Cameroun,cameroun,facile,La ville de Garoua est le chef-lieu de quelle region du Cameroun ?,Centre,Sud-Ouest,Nord-Ouest,Nord,D,100,20,Garoua est le chef-lieu de la region : Nord.,"cameroun,geographie,regions"
cmr-0785,Cameroun,cameroun,challenge,Dans quel domaine Paul Kammogne Fokam s'est-il ou s'est-elle illustre(e) ?,Les affaires et l'entrepreneuriat,La litterature,Le cinema,L'athletisme,A,300,30,Paul Kammogne Fokam est connu(e) pour avoir fonde Afriland First Bank.,"cameroun,personnalites"
cmr-0786,Cameroun,cameroun,challenge,Quel fleuve du Nord du Cameroun est un affluent du Niger ?,La Sanaga,La Benoue,Le Nyong,Le Dja,B,300,30,La Benoue rejoint le Niger au Nigeria.,"cameroun,geographie"
cmr-0787,Cameroun,cameroun,moyen,Ou se situe la Guinee equatoriale par rapport au Cameroun ?,a l'est,au sud-est,au sud,au sud-ouest,D,200,25,La Guinee equatoriale borde le Cameroun au sud-ouest.,"cameroun,geographie,frontieres"
cmr-0788,Cameroun,cameroun,challenge,Quel evenement sportif populaire relie Douala a d'autres villes par la route ?,Le Tour du Cameroun cycliste,Le Rallye du Wouri,La Traversee du Ntem,Le Marathon de Waza,A,300,30,Le Tour cycliste international du Cameroun est une competition annuelle.,"cameroun,culture"
cmr-0789,Cameroun,cameroun,challenge,"Quel centre camerounais, pres de Belabo, accueille des chimpanzes orphelins ?",Le jardin botanique de Limbe,Le parc de Waza,Le centre de Sanaga-Yong,Le zoo de Mvog-Betsi,C,300,30,"Le centre Sanaga-Yong, dans la region de l'Est, recueille des chimpanzes orphelins.","cameroun,culture"
cmr-0790,Cameroun,cameroun,moyen,Quel est l'ingredient principal utilise pour preparer la bouillie de mil ?,les feuilles d'amarante,les feuilles de gnetum,le mil,le mais et les haricots,C,200,25,La bouillie de mil se prepare avec le mil.,"cameroun,gastronomie"
cmr-0791,Cameroun,cameroun,challenge,Dans quel domaine Joseph Kingue s'est-il ou s'est-elle illustre(e) ?,La technologie,La litterature,L'athletisme,La lutte contre la colonisation,C,300,30,Joseph Kingue est connu(e) pour avoir represente le Cameroun sur la scene athletique.,"cameroun,personnalites"
cmr-0792,Cameroun,cameroun,moyen,Le departement du Diamare appartient a quelle region ?,Extreme-Nord,Adamaoua,Est,Sud-Ouest,A,200,25,Le Diamare se situe dans la region : Extreme-Nord.,"cameroun,geographie,departements"
cmr-0793,Cameroun,cameroun,challenge,Dans quel domaine Churchill Mambe s'est-il ou s'est-elle illustre(e) ?,La lutte contre la colonisation,La musique,La technologie,Le cinema,C,300,30,Churchill Mambe est connu(e) pour avoir cree le moteur de recherche d'emploi Njorku.,"cameroun,personnalites"
cmr-0794,Cameroun,cameroun,moyen,Dans quel domaine X-Maleya s'est-il ou s'est-elle illustre(e) ?,La musique,La litterature,Le cinema,La politique,A,200,25,X-Maleya est connu(e) pour etre un groupe camerounais connu pour Elle est belle.,"cameroun,personnalites"
cmr-0795,Cameroun,cameroun,moyen,Dans quelle region du Cameroun se trouve la ville de Mfou ?,Littoral,Sud,Nord-Ouest,Centre,D,200,25,Mfou est situee dans la region : Centre.,"cameroun,geographie,villes"
cmr-0796,Cameroun,cameroun,facile,"Dans le langage populaire camerounais, que designe le njoh ?",L'Europe ou l'etranger,Un vehicule de transport en commun surcharge,Quelque chose d'obtenu gratuitement,"Un ami proche, un complice",C,100,20,Le njoh : quelque chose d'obtenu gratuitement.,"cameroun,culture,expressions"
cmr-0797,Cameroun,cameroun,challenge,Dans quel domaine Martin-Paul Samba s'est-il ou s'est-elle illustre(e) ?,La musique,Les affaires et l'entrepreneuriat,La lutte contre la colonisation,La litterature,C,300,30,Martin-Paul Samba est connu(e) pour avoir ete fusille par les Allemands en 1914.,"cameroun,personnalites"
cmr-0798,Cameroun,cameroun,challenge,De quelle region du Cameroun le sanga est-il originaire ou le plus consomme ?,L'Est,L'Adamaoua,L'Ouest,Le Centre,D,300,30,Le sanga est surtout associe a cette region.,"cameroun,gastronomie"
cmr-0799,Cameroun,cameroun,moyen,Quelle personnalite camerounaise est connue pour etre une grande voix du makossa ?,Ben Decca,Petit-Pays,Ruben Um Nyobe,Kate Fotso,A,200,25,Il s'agit de Ben Decca.,"cameroun,personnalites"
cmr-0800,Cameroun,cameroun,challenge,"Dans le langage populaire camerounais, que designe un ngata ?",Un patron ou un homme respecte,Un Camerounais vivant a l'etranger,Un moto-taxi,La prison,D,300,30,Un ngata : la prison.,"cameroun,culture,expressions"
cmr-0801,Cameroun,cameroun,challenge,Dans quel domaine Geremi Njitap s'est-il ou s'est-elle illustre(e) ?,Le cinema,Les affaires et l'entrepreneuriat,L'athletisme,Le football,D,300,30,Geremi Njitap est connu(e) pour avoir joue au Real Madrid et a Chelsea.,"cameroun,personnalites"
cmr-0802,Cameroun,cameroun,moyen,Dans quelle partie du Cameroun le cafe arabica est-il ou est-elle principalement cultive(e) ?,L'Adamaoua,L'Ouest et le Nord-Ouest,Le Littoral et le Sud-Ouest,Le Centre,B,200,25,Pour le cafe arabica : il pousse sur les hautes terres.,"cameroun,economie,agriculture"
cmr-0803,Cameroun,cameroun,challenge,"Quel evenement religieux annuel rassemble de nombreux fideles a Marienberg, au Cameroun ?",Le Nguon,Le pelerinage marial,Le Festival Ecrans Noirs,Le Ngondo,B,300,30,"Marienberg, dans la Sanaga-Maritime, est un lieu de pelerinage.","cameroun,divers"
cmr-0804,Cameroun,cameroun,facile,Quel produit camerounais sert a fabriquer du chocolat ?,Le cacao,Le riz,Le mil,Le coton,A,100,20,Le cacao est transforme en chocolat.,"cameroun,culture-generale"
cmr-0805,Cameroun,cameroun,facile,Quel est le nom de la coupe nationale de football au Cameroun ?,La Coupe du Congo,La Coupe de la Ligue anglaise,La Coupe du Cameroun,La Coupe Amilcar Cabral,C,100,20,La Coupe du Cameroun est la competition a elimination directe nationale.,"cameroun,divers"
cmr-0806,Cameroun,cameroun,moyen,Quelle personnalite camerounaise est connue pour avoir ete Ballon d'or africain en 2000 et champion olympique a Sydney ?,Jean-Pierre Bekolo,Patrick Mboma,Achille Emana,Jovi,B,200,25,Il s'agit de Patrick Mboma.,"cameroun,personnalites"
cmr-0807,Cameroun,cameroun,moyen,De quelle region du Cameroun le taro sauce jaune est-il originaire ou le plus consomme ?,L'Est,Le Nord-Ouest,Le Centre,Le Sud,B,200,25,Le taro sauce jaune est surtout associe a cette region.,"cameroun,gastronomie"
cmr-0808,Cameroun,cameroun,facile,Quel plat de riz ou de macabo accompagne souvent les sauces camerounaises ?,Le couscous marocain,Les sushis,Les pates a la carbonara,Le riz blanc,D,100,20,Le riz accompagne de nombreuses sauces.,"cameroun,culture-generale"
cmr-0809,Cameroun,cameroun,challenge,Quel quartier administratif de Yaounde regroupe de nombreux ministeres ?,Akwa,Deido,Bonaberi,Le quartier du Lac / centre administratif,D,300,30,Le centre administratif de Yaounde accueille les ministeres.,"cameroun,divers"
cmr-0810,Cameroun,cameroun,facile,Quel concept encourage les Camerounais a privilegier les produits locaux ?,La delocalisation industrielle,Le libre-echange total,Le Made in Cameroon,L'importation prioritaire,C,100,20,Le Made in Cameroon soutient la production nationale.,"cameroun,economie"
cmr-0811,Cameroun,cameroun,moyen,Quel est l'ingredient principal utilise pour preparer le koki ?,les haricots ecrases,les feuilles de manioc pilees,le mais et les haricots,la viande de boeuf grillee et epicee en brochettes,A,200,25,Le koki se prepare avec les haricots ecrases.,"cameroun,gastronomie"
cmr-0812,Cameroun,cameroun,facile,Dans quelle partie du Cameroun le cacao est-il ou est-elle principalement cultive(e) ?,Le Sud et l'Est,Le Centre,Le Grand Nord,L'Ouest et le Nord-Ouest,B,100,20,Pour le cacao : le Cameroun figure parmi les premiers producteurs mondiaux.,"cameroun,economie,agriculture"
cmr-0813,Cameroun,cameroun,moyen,Dans quel domaine Marc-Vivien Foe s'est-il ou s'est-elle illustre(e) ?,La technologie,Le football,Le cinema,La musique,B,200,25,Marc-Vivien Foe est connu(e) pour etre un milieu de terrain decede en plein match en 2003.,"cameroun,personnalites"
cmr-0814,Cameroun,cameroun,moyen,Le departement du Benoue appartient a quelle region ?,Nord,Extreme-Nord,Est,Ouest,A,200,25,Le Benoue se situe dans la region : Nord.,"cameroun,geographie,departements"
cmr-0815,Cameroun,cameroun,facile,Quelle equipe de football represente le Cameroun ?,Les Lions Indomptables,Les Elephants,Les Black Stars,Les Aigles de Carthage,A,100,20,Les Lions Indomptables sont l'equipe nationale.,"cameroun,culture-generale"
cmr-0816,Cameroun,cameroun,moyen,Quelle plante sert a fabriquer les paniers et nattes artisanales dans plusieurs regions ?,Le ble,Le raphia,Le cactus,Le sapin,B,200,25,Le raphia est tres utilise dans l'artisanat camerounais.,"cameroun,divers"
cmr-0817,Cameroun,cameroun,moyen,Dans quelle region du Cameroun se trouve la ville de Mokolo ?,Nord-Ouest,Sud,Adamaoua,Extreme-Nord,D,200,25,Mokolo est situee dans la region : Extreme-Nord.,"cameroun,geographie,villes"
cmr-0818,Cameroun,cameroun,challenge,Quel est le chef-lieu du departement du Nyong-et-Kelle ?,Mbengwi,Eseka,Ndop,Ngoumou,B,300,30,"Eseka est le chef-lieu du Nyong-et-Kelle, dans la region : Centre.","cameroun,geographie,departements"
cmr-0819,Cameroun,cameroun,moyen,Quelle chambre consulaire accompagne les commercants et industriels camerounais ?,Le Senat,Le CNC,La CONAC,"La Chambre de Commerce, d'Industrie, des Mines et de l'Artisanat (CCIMA)",D,200,25,La CCIMA represente le secteur prive aupres de l'Etat.,"cameroun,institutions,symboles"
cmr-0820,Cameroun,cameroun,facile,Que porte la bande centrale du drapeau camerounais ?,Un lion,Une etoile d'or,Un croissant de lune,Un baobab,B,100,20,L'etoile d'or symbolise l'unite nationale.,"cameroun,institutions,symboles"
cmr-0821,Cameroun,cameroun,moyen,De quelle region du Cameroun l'eru est-il originaire ou le plus consomme ?,L'Est,Le Sud-Ouest,Le Littoral,Le Nord-Ouest,B,200,25,L'eru est surtout associe a cette region.,"cameroun,gastronomie"
cmr-0822,Cameroun,cameroun,facile,Quelle mer ou quel ocean borde Kribi ?,L'ocean Atlantique,L'ocean Indien,La mer Noire,La Mediterranee,A,100,20,Kribi est une station balneaire de l'Atlantique.,"cameroun,culture-generale"
cmr-0823,Cameroun,cameroun,facile,Quel est le chef-lieu de la region de l'Ouest ?,Douala,Bafoussam,Bertoua,Ngaoundere,B,100,20,Bafoussam est le chef-lieu de la region de l'Ouest.,"cameroun,geographie,regions"
cmr-0824,Cameroun,cameroun,challenge,Dans quel domaine Francis Bebey s'est-il ou s'est-elle illustre(e) ?,La technologie,La politique,La lutte contre la colonisation,La musique,D,300,30,"Francis Bebey est connu(e) pour etre a la fois musicien, ecrivain et pionnier de la musique africaine moderne.","cameroun,personnalites"
cmr-0825,Cameroun,cameroun,moyen,Dans quelle region du Cameroun se trouve la ville de Wum ?,Est,Sud,Centre,Nord-Ouest,D,200,25,Wum est situee dans la region : Nord-Ouest.,"cameroun,geographie,villes"
cmr-0826,Cameroun,cameroun,moyen,Dans quelle region du Cameroun se trouve la ville de Baham ?,Nord,Ouest,Nord-Ouest,Littoral,B,200,25,Baham est situee dans la region : Ouest.,"cameroun,geographie,villes"
cmr-0827,Cameroun,cameroun,challenge,Quelle affirmation est exacte a propos de l'ananas au Cameroun ?,"En resume, les hautes terres offrent un climat favorable","En resume, il est cultive dans le Moungo","En resume, il beneficie d'une indication geographique protegee","En resume, il fournit le caoutchouc naturel",B,300,30,Pour l'ananas : il est cultive dans le Moungo.,"cameroun,economie,agriculture"
cmr-0828,Cameroun,cameroun,moyen,Dans quelle ville se trouve le stade de la Reunification ?,Yaounde,Bafoussam,Garoua,Douala,D,200,25,Le stade de la Reunification est situe a Douala.,"cameroun,personnalites,sport,culture"
cmr-0829,Cameroun,cameroun,challenge,Quel est le chef-lieu du departement du Mezam ?,Sangmelima,Kaele,Bamenda,Kumba,C,300,30,"Bamenda est le chef-lieu du Mezam, dans la region : Nord-Ouest.","cameroun,geographie,departements"
cmr-0830,Cameroun,cameroun,moyen,Quelle entreprise camerounaise correspond a cette description : l'usine d'aluminium d'Edea ?,ALUCAM,la BICEC,Kiro'o Games,Camair-Co,A,200,25,Il s'agit de ALUCAM.,"cameroun,economie,entreprises"
cmr-0831,Cameroun,cameroun,challenge,Dans quel domaine Christine Manie s'est-il ou s'est-elle illustre(e) ?,Les affaires et l'entrepreneuriat,La litterature,La politique,Le football,D,300,30,Christine Manie est connu(e) pour avoir ete capitaine des Lionnes Indomptables.,"cameroun,personnalites"
cmr-0832,Cameroun,cameroun,facile,Que designe la marque camerounaise Tangui ?,Un service de telecommunication,Une pate a tartiner,Une boisson maltee sans alcool,Une eau minerale,D,100,20,Tangui : elle est produite par la SEMC.,"cameroun,marques"
cmr-0833,Cameroun,cameroun,facile,Quel type de climat trouve-t-on sur la cote camerounaise ?,Un climat de toundra,Un climat polaire,Un climat chaud et humide,Un climat desertique glacial,C,100,20,La cote est chaude et tres arrosee.,"cameroun,culture-generale"
cmr-0834,Cameroun,cameroun,facile,Quelle ville camerounaise possede le principal port du pays ?,Bertoua,Douala,Bafoussam,Ngaoundere,B,100,20,Le port de Douala est le poumon economique.,"cameroun,culture-generale"
cmr-0835,Cameroun,cameroun,facile,Quel type de commerce domine dans les marches camerounais ?,Le commerce d'avions,Le commerce de detail,Le commerce de satellites,Le commerce d'armement,B,100,20,Les marches sont domines par le detail.,"cameroun,culture-generale"
cmr-0836,Cameroun,cameroun,facile,Comment appelle-t-on une personne originaire du Cameroun ?,Un Gabonais,Un Congolais,Un Tchadien,Un Camerounais,D,100,20,Les habitants du Cameroun sont les Camerounais.,"cameroun,culture-generale"
cmr-0837,Cameroun,cameroun,moyen,Le departement du Mayo-Tsanaga appartient a quelle region ?,Littoral,Extreme-Nord,Sud,Adamaoua,B,200,25,Le Mayo-Tsanaga se situe dans la region : Extreme-Nord.,"cameroun,geographie,departements"
cmr-0838,Cameroun,cameroun,moyen,Dans quelle region du Cameroun se trouve la ville de Batibo ?,Adamaoua,Nord,Nord-Ouest,Centre,C,200,25,Batibo est situee dans la region : Nord-Ouest.,"cameroun,geographie,villes"
cmr-0839,Cameroun,cameroun,moyen,Que designe la marque camerounaise Beaufort ?,Un service de telecommunication,Une biere,Un chocolat a tartiner,Un service de mobile money,B,200,25,Beaufort : elle appartient au portefeuille des Brasseries du Cameroun.,"cameroun,marques"
cmr-0840,Cameroun,cameroun,moyen,Quelle personnalite camerounaise est connue pour avoir remporte deux titres olympiques au triple saut en 2004 et 2008 ?,Francoise Mbango Etone,K-Tino,Churchill Mambe,Anne-Marie Nzie,A,200,25,Il s'agit de Francoise Mbango Etone.,"cameroun,personnalites"
cmr-0841,Cameroun,cameroun,challenge,Dans quel domaine Tenor s'est-il ou s'est-elle illustre(e) ?,La litterature,L'athletisme,Le football,La musique,D,300,30,Tenor est connu(e) pour etre un rappeur camerounais connu pour Do le Dab.,"cameroun,personnalites"
cmr-0842,Cameroun,cameroun,moyen,Dans quelle region du Cameroun se trouve la ville de Mbouda ?,Nord-Ouest,Adamaoua,Extreme-Nord,Ouest,D,200,25,Mbouda est situee dans la region : Ouest.,"cameroun,geographie,villes"
cmr-0843,Cameroun,cameroun,moyen,Dans quelle region du Cameroun se trouve la ville de Manjo ?,Ouest,Extreme-Nord,Centre,Littoral,D,200,25,Manjo est situee dans la region : Littoral.,"cameroun,geographie,villes"
cmr-0844,Cameroun,cameroun,moyen,Le departement du Menchum appartient a quelle region ?,Nord,Nord-Ouest,Sud-Ouest,Est,B,200,25,Le Menchum se situe dans la region : Nord-Ouest.,"cameroun,geographie,departements"
cmr-0845,Cameroun,cameroun,facile,Que designe la marque camerounaise Supermont ?,Une eau minerale,Un service de mobile money,Une biere,Un service de telecommunication,A,100,20,Supermont : elle est embouteillee au Cameroun.,"cameroun,marques"
cmr-0846,Cameroun,cameroun,facile,Quelles sont les deux langues officielles du Cameroun ?,Le francais et le fulfulde,Le francais et l'anglais,Le francais et l'allemand,L'anglais et le douala,B,100,20,Le bilinguisme officiel decoule de l'histoire coloniale.,"cameroun,institutions,symboles"
cmr-0847,Cameroun,cameroun,moyen,Dans quel domaine Ferdinand Oyono s'est-il ou s'est-elle illustre(e) ?,Le cinema,La litterature,La technologie,La mode,B,200,25,Ferdinand Oyono est connu(e) pour avoir ecrit Une vie de boy et Le Vieux Negre et la medaille.,"cameroun,personnalites"
cmr-0848,Cameroun,cameroun,moyen,Dans quel secteur d'activite intervient le PAK ?,La logistique portuaire,Les boissons,Le transport aerien,La banque,A,200,25,Le PAK est le Port Autonome de Kribi.,"cameroun,economie,entreprises"
cmr-0849,Cameroun,cameroun,moyen,"Dans le langage populaire camerounais, que designe un bosso ?",L'Europe ou l'etranger,"S'etonner, etre surpris",Un patron ou un homme respecte,Une combine ou un arrangement pour obtenir quelque chose,C,200,25,Un bosso : un patron ou un homme respecte.,"cameroun,culture,expressions"
cmr-0850,Cameroun,cameroun,challenge,Dans quel domaine Guillaume Oyono Mbia s'est-il ou s'est-elle illustre(e) ?,La litterature,La mode,La technologie,Les affaires et l'entrepreneuriat,A,300,30,Guillaume Oyono Mbia est connu(e) pour avoir ecrit la piece Trois pretendants un mari.,"cameroun,personnalites"
cmr-0851,Cameroun,cameroun,moyen,Dans quel domaine Richard Bona s'est-il ou s'est-elle illustre(e) ?,La musique,La litterature,La lutte contre la colonisation,Les affaires et l'entrepreneuriat,A,200,25,Richard Bona est connu(e) pour etre un bassiste et chanteur de jazz reconnu mondialement.,"cameroun,personnalites"
cmr-0852,Cameroun,cameroun,challenge,"Quelle personnalite camerounaise est connue pour etre ecrivaine, dramaturge et fondatrice du village Ki-Yi ?",Francoise Ellong,Richard Bona,Achille Emana,Werewere Liking,D,300,30,Il s'agit de Werewere Liking.,"cameroun,personnalites"
cmr-0853,Cameroun,cameroun,facile,Quelle entreprise fournit l'electricite a la plupart des menages camerounais ?,CAMRAIL,CAMWATER,CAMPOST,ENEO,D,100,20,ENEO distribue l'electricite.,"cameroun,culture-generale"
cmr-0854,Cameroun,cameroun,facile,Quelle est la principale ville de la region de l'Ouest ?,Douala,Bertoua,Maroua,Bafoussam,D,100,20,Bafoussam est le chef-lieu de l'Ouest.,"cameroun,culture-generale"
cmr-0855,Cameroun,cameroun,moyen,Dans quelle region du Cameroun les Kotoko sont-ils principalement etablis ?,L'Est,Le Sud,L'Extreme-Nord,Le Sud-Ouest,C,200,25,Les Kotoko vivent principalement dans cette region.,"cameroun,peuples,langues"
cmr-0856,Cameroun,cameroun,challenge,Dans quelle region se trouve le lac Nyos ?,L'Adamaoua,L'Ouest,Le Nord-Ouest,Le Sud-Ouest,C,300,30,Le lac Nyos est situe dans le departement du Menchum.,"cameroun,geographie"
cmr-0857,Cameroun,cameroun,moyen,De quelle region le makossa est-il originaire ?,L'Ouest,Le Centre,Le Littoral,Le Nord,C,200,25,"Le makossa est ne chez les Sawa, autour de Douala.","cameroun,personnalites,sport,culture"
cmr-0858,Cameroun,cameroun,facile,Quel plat est souvent presente comme le plat national du Cameroun ?,Le thieboudienne,Le foutou,Le ndole,Le couscous royal,C,100,20,Le ndole est le plat emblematique du Cameroun.,"cameroun,gastronomie"
cmr-0859,Cameroun,cameroun,challenge,Quel est le chef-lieu du departement du Meme ?,Mora,Kumba,Abong-Mbang,Akonolinga,B,300,30,"Kumba est le chef-lieu du Meme, dans la region : Sud-Ouest.","cameroun,geographie,departements"
cmr-0860,Cameroun,cameroun,challenge,Quel est le chef-lieu du departement du Sanaga-Maritime ?,Ebolowa,Maroua,Ngoumou,Edea,D,300,30,"Edea est le chef-lieu du Sanaga-Maritime, dans la region : Littoral.","cameroun,geographie,departements"
cmr-0861,Cameroun,cameroun,moyen,En quelle annee le traite germano-douala a-t-il place le Cameroun sous protectorat allemand ?,1884,1872,1901,1916,A,200,25,Le traite a ete signe le 12 juillet 1884.,"cameroun,histoire"
cmr-0862,Cameroun,cameroun,moyen,Dans quelle region du Cameroun se trouve la ville de Yabassi ?,Sud,Adamaoua,Littoral,Est,C,200,25,Yabassi est situee dans la region : Littoral.,"cameroun,geographie,villes"
cmr-0863,Cameroun,cameroun,challenge,Quelle ville a servi de capitale du Kamerun allemand a partir de 1901 ?,Kribi,Buea,Douala,Yaounde,B,300,30,La capitale a ete transferee de Douala a Buea en 1901.,"cameroun,histoire"
cmr-0864,Cameroun,cameroun,moyen,Dans quelle region du Cameroun les Moundang sont-ils principalement etablis ?,Le Nord,Le Sud-Ouest,L'Extreme-Nord,Le Nord-Ouest,C,200,25,Les Moundang vivent principalement dans cette region.,"cameroun,peuples,langues"
cmr-0865,Cameroun,cameroun,challenge,Quel est l'ingredient principal utilise pour preparer le katikati ?,le poulet grille a l'huile de palme,la semoule de manioc,les feuilles d'eru et le waterleaf,les feuilles d'amarante,A,300,30,Le katikati se prepare avec le poulet grille a l'huile de palme.,"cameroun,gastronomie"
cmr-0866,Cameroun,cameroun,moyen,Quelle personnalite camerounaise est connue pour avoir ete pendu par les Allemands en 1914 pour avoir defendu les terres douala ?,Jean-Pierre Bekolo,Ni John Fru Ndi,Kate Fotso,Rudolf Douala Manga Bell,D,200,25,Il s'agit de Rudolf Douala Manga Bell.,"cameroun,personnalites"
cmr-0867,Cameroun,cameroun,moyen,Quelle boisson traditionnelle est tiree de la seve du palmier ?,Le bil-bil,Le vin de palme (matango),Le foleré,L'odontol,B,200,25,Le matango est recolte directement sur le palmier.,"cameroun,culture"
cmr-0868,Cameroun,cameroun,facile,Quel journal quotidien public parait au Cameroun ?,Le Monde,Cameroon Tribune,The Guardian,Jeune Afrique,B,100,20,Cameroon Tribune est le quotidien national bilingue.,"cameroun,divers"
cmr-0869,Cameroun,cameroun,challenge,Quel est le chef-lieu du departement du Menoua ?,Dschang,Tignere,Monatele,Maroua,A,300,30,"Dschang est le chef-lieu du Menoua, dans la region : Ouest.","cameroun,geographie,departements"
cmr-0870,Cameroun,cameroun,moyen,Quelle affirmation est exacte a propos de la pomme de terre au Cameroun ?,"En resume, la SEMRY exploite les perimetres de Yagoua et Maga","En resume, les plantations de Djuttitsa et Ndu sont connues","En resume, il est encadre par la SODECOTON","En resume, les hautes terres offrent un climat favorable",D,200,25,Pour la pomme de terre : les hautes terres offrent un climat favorable.,"cameroun,economie,agriculture"
cmr-0871,Cameroun,cameroun,challenge,Quel est le chef-lieu du departement du Mifi ?,Edea,Bafoussam,Tibati,Mbalmayo,B,300,30,"Bafoussam est le chef-lieu du Mifi, dans la region : Ouest.","cameroun,geographie,departements"
cmr-0872,Cameroun,cameroun,moyen,"Quelle personnalite camerounaise est connue pour avoir invente le Cardiopad, tablette medicale pour le coeur ?",Arthur Zang,Sam Fan Thomas,Stanley Enow,Dina Bell,A,200,25,Il s'agit de Arthur Zang.,"cameroun,personnalites"
cmr-0873,Cameroun,cameroun,moyen,Dans quelle partie du Cameroun le mais est-il ou est-elle principalement cultive(e) ?,Le Sud et l'Est,L'Ouest et le Nord-Ouest,Le Littoral et le Sud-Ouest,Le Grand Nord,B,200,25,Pour le mais : il est une cereale de base des hautes terres.,"cameroun,economie,agriculture"
cmr-0874,Cameroun,cameroun,facile,Quel est le chef-lieu de la region de l'Est ?,Buea,Bertoua,Ebolowa,Bamenda,B,100,20,Bertoua est le chef-lieu de la region de l'Est.,"cameroun,geographie,regions"
cmr-0875,Cameroun,cameroun,moyen,Dans quelle region du Cameroun se trouve la ville de Nanga-Eboko ?,Sud-Ouest,Est,Adamaoua,Centre,D,200,25,Nanga-Eboko est situee dans la region : Centre.,"cameroun,geographie,villes"
cmr-0876,Cameroun,cameroun,moyen,Dans quelle region du Cameroun se trouve la ville de Kribi ?,Sud,Centre,Littoral,Ouest,A,200,25,Kribi est situee dans la region : Sud.,"cameroun,geographie,villes"
cmr-0877,Cameroun,cameroun,moyen,Quelle personnalite camerounaise est connue pour avoir connu un grand succes avec Calee ?,Thomas N'Kono,Daphne,Rudolf Douala Manga Bell,Andre-Marie Talla,B,200,25,Il s'agit de Daphne.,"cameroun,personnalites"
cmr-0878,Cameroun,cameroun,moyen,Dans quelle region du Cameroun se trouve la ville de Figuil ?,Sud,Nord,Nord-Ouest,Littoral,B,200,25,Figuil est situee dans la region : Nord.,"cameroun,geographie,villes"
cmr-0879,Cameroun,cameroun,moyen,Dans quelle region du Cameroun se trouve la ville de Maroua ?,Extreme-Nord,Sud-Ouest,Centre,Nord-Ouest,A,200,25,Maroua est situee dans la region : Extreme-Nord.,"cameroun,geographie,villes"
cmr-0880,Cameroun,cameroun,challenge,Quel est le chef-lieu du departement du Boyo ?,Mora,Mbengwi,Fundong,Yagoua,C,300,30,"Fundong est le chef-lieu du Boyo, dans la region : Nord-Ouest.","cameroun,geographie,departements"
cmr-0881,Cameroun,cameroun,moyen,Dans quelle region du Cameroun se trouve la ville de Dizangue ?,Littoral,Nord,Adamaoua,Nord-Ouest,A,200,25,Dizangue est situee dans la region : Littoral.,"cameroun,geographie,villes"
cmr-0882,Cameroun,cameroun,challenge,Quelle affirmation est exacte a propos de l'igname au Cameroun ?,"En resume, il fournit le caoutchouc naturel","En resume, il est encadre par la SODECOTON","En resume, il accompagne de nombreux plats camerounais","En resume, elle est notamment cultivee autour de Tibati et du Mbam",D,300,30,Pour l'igname : elle est notamment cultivee autour de Tibati et du Mbam.,"cameroun,economie,agriculture"
cmr-0883,Cameroun,cameroun,facile,Quelle grande ville se trouve dans la region de l'Extreme-Nord ?,Buea,Maroua,Ebolowa,Kribi,B,100,20,Maroua est le chef-lieu de l'Extreme-Nord.,"cameroun,culture-generale"
cmr-0884,Cameroun,cameroun,moyen,Quelle personnalite camerounaise est connue pour avoir popularise African Typic Collection ?,Ni John Fru Ndi,Salatiel,Andre-Marie Talla,Sam Fan Thomas,D,200,25,Il s'agit de Sam Fan Thomas.,"cameroun,personnalites"
cmr-0885,Cameroun,cameroun,moyen,Dans quel domaine Thomas N'Kono s'est-il ou s'est-elle illustre(e) ?,L'athletisme,Le cinema,Le football,Les affaires et l'entrepreneuriat,C,200,25,"Thomas N'Kono est connu(e) pour avoir ete un gardien legendaire, double Ballon d'or africain.","cameroun,personnalites"
cmr-0886,Cameroun,cameroun,moyen,Dans quelle region du Cameroun se trouve la ville de Mamfe ?,Adamaoua,Littoral,Sud-Ouest,Centre,C,200,25,Mamfe est situee dans la region : Sud-Ouest.,"cameroun,geographie,villes"
cmr-0887,Cameroun,cameroun,challenge,Quel est le chef-lieu du departement du Nkam ?,Baham,Yabassi,Dschang,Akonolinga,B,300,30,"Yabassi est le chef-lieu du Nkam, dans la region : Littoral.","cameroun,geographie,departements"
cmr-0888,Cameroun,cameroun,facile,Quelle est la couleur traditionnelle des taxis a Douala et Yaounde ?,Le bleu,Le vert,Le jaune,Le rouge,C,100,20,Les taxis urbains camerounais sont jaunes.,"cameroun,divers"
cmr-0889,Cameroun,cameroun,facile,Quel est le chef-lieu de la region du Littoral ?,Ebolowa,Garoua,Ngaoundere,Douala,D,100,20,Douala est le chef-lieu de la region de l'Littoral.,"cameroun,geographie,regions"
cmr-0890,Cameroun,cameroun,moyen,Le departement du Lekie appartient a quelle region ?,Centre,Nord-Ouest,Adamaoua,Sud-Ouest,A,200,25,Le Lekie se situe dans la region : Centre.,"cameroun,geographie,departements"
cmr-0891,Cameroun,cameroun,moyen,Dans quelle region du Cameroun se trouve la ville de Ndop ?,Extreme-Nord,Nord-Ouest,Ouest,Sud,B,200,25,Ndop est situee dans la region : Nord-Ouest.,"cameroun,geographie,villes"
cmr-0892,Cameroun,cameroun,moyen,Dans quelle region du Cameroun les Bakossi sont-ils principalement etablis ?,L'Extreme-Nord,Le Centre,Le Sud-Ouest,Le Nord-Ouest,C,200,25,Les Bakossi vivent principalement dans cette region.,"cameroun,peuples,langues"
cmr-0893,Cameroun,cameroun,moyen,Dans quel domaine Jovi s'est-il ou s'est-elle illustre(e) ?,Le cinema,La musique,Le football,L'athletisme,B,200,25,Jovi est connu(e) pour etre un rappeur pionnier du mouvement Mboko.,"cameroun,personnalites"
cmr-0894,Cameroun,cameroun,challenge,Quel est le chef-lieu du departement du Lebialem ?,Kaele,Menji,Kumbo,Banyo,B,300,30,"Menji est le chef-lieu du Lebialem, dans la region : Sud-Ouest.","cameroun,geographie,departements"
cmr-0895,Cameroun,cameroun,challenge,Quelle personnalite camerounaise est connue pour etre une chanteuse de bikutsi tres populaire ?,James Onobiono,Coco Argentee,Tala Andre Marie,Dina Bell,B,300,30,Il s'agit de Coco Argentee.,"cameroun,personnalites"
cmr-0896,Cameroun,cameroun,moyen,Combien de departements compte la region : Centre ?,4,11,9,10,D,200,25,La region : Centre compte 10 departements.,"cameroun,geographie,regions"
cmr-0897,Cameroun,cameroun,facile,"Dans le langage populaire camerounais, que designe un tara ?",De l'argent,La prison,"L'intimidation, le fait de faire peur","Un ami, un pote",D,100,20,"Un tara : un ami, un pote.","cameroun,culture,expressions"
cmr-0898,Cameroun,cameroun,moyen,Dans quelle region du Cameroun se trouve la ville de Ngaoundal ?,Extreme-Nord,Nord-Ouest,Sud,Adamaoua,D,200,25,Ngaoundal est situee dans la region : Adamaoua.,"cameroun,geographie,villes"
cmr-0899,Cameroun,cameroun,challenge,Quelle personnalite camerounaise est connue pour avoir chante en camfranglais des textes sociaux engages ?,Francoise Mbango Etone,Lapiro de Mbanga,Rene Philombe,Andre Onana,B,300,30,Il s'agit de Lapiro de Mbanga.,"cameroun,personnalites"
cmr-0900,Cameroun,cameroun,facile,Dans quel domaine Manu Dibango s'est-il ou s'est-elle illustre(e) ?,La musique,Les affaires et l'entrepreneuriat,Le football,La litterature,A,100,20,"Manu Dibango est connu(e) pour avoir compose Soul Makossa, tube planetaire au saxophone.","cameroun,personnalites"
cmr-0901,Cameroun,cameroun,facile,Dans quel secteur d'activite intervient Orange Cameroun ?,La telephonie mobile,L'aluminium,L'agroalimentaire,L'electricite,A,100,20,Orange Cameroun est un operateur mobile et de mobile money.,"cameroun,economie,entreprises"
cmr-0902,Cameroun,cameroun,moyen,Dans quelle region du Cameroun les Arabes Choa sont-ils principalement etablis ?,L'Ouest,L'Extreme-Nord,Le Littoral,Le Sud,B,200,25,Les Arabes Choa vivent principalement dans cette region.,"cameroun,peuples,langues"
cmr-0903,Cameroun,cameroun,facile,Quel est l'ingredient principal utilise pour preparer le bobolo ?,les haricots ecrases,le manioc fermente,la noix de palme,les feuilles de manioc pilees,B,100,20,Le bobolo se prepare avec le manioc fermente.,"cameroun,gastronomie"
cmr-0904,Cameroun,cameroun,facile,Quelle est la premiere langue apprise par la plupart des enfants camerounais a la maison ?,Le latin,Le grec ancien,Le japonais,Une langue nationale de leur communaute,D,100,20,Les langues maternelles restent tres vivantes.,"cameroun,culture-generale"
cmr-0905,Cameroun,cameroun,moyen,De quelle region du Cameroun le folong est-il originaire ou le plus consomme ?,Le Sud-Ouest,L'Extreme-Nord,Le Centre,Le Nord,C,200,25,Le folong est surtout associe a cette region.,"cameroun,gastronomie"
cmr-0906,Cameroun,cameroun,moyen,Quelle entreprise camerounaise correspond a cette description : le troisieme operateur mobile du pays ?,Fokou,MTN Cameroon,Nexttel,le PAD,C,200,25,Il s'agit de Nexttel.,"cameroun,economie,entreprises"
cmr-0907,Cameroun,cameroun,facile,Quelle entreprise camerounaise correspond a cette description : le principal distributeur d'electricite du pays ?,la CNPS,ENEO,la SEMC,Kiro'o Games,B,100,20,Il s'agit de ENEO.,"cameroun,economie,entreprises"
cmr-0908,Cameroun,cameroun,moyen,Quelle personnalite camerounaise est connue pour chanter On va gerer et melanger afropop et sonorites locales ?,John Ngu Foncha,Anne-Marie Nzie,Mr Leo,Geremi Njitap,C,200,25,Il s'agit de Mr Leo.,"cameroun,personnalites"
cmr-0909,Cameroun,cameroun,challenge,Quelle personnalite camerounaise est connue pour avoir garde les buts des Lions Indomptables puis commente le football ?,Ruben Um Nyobe,Joseph-Antoine Bell,Ajara Nchout,Stanley Enow,B,300,30,Il s'agit de Joseph-Antoine Bell.,"cameroun,personnalites"
cmr-0910,Cameroun,cameroun,moyen,Quel musee national se trouve dans l'ancien palais presidentiel a Yaounde ?,Le Musee de Limbe,Le Musee national du Cameroun,Le Musee royal de Foumban,Le Musee maritime de Douala,B,200,25,Le Musee national occupe l'ancien palais presidentiel.,"cameroun,culture"
cmr-0911,Cameroun,cameroun,challenge,Dans quel domaine Andre-Marie Talla s'est-il ou s'est-elle illustre(e) ?,La mode,L'athletisme,Le football,La musique,D,300,30,Andre-Marie Talla est connu(e) pour etre un chanteur aveugle celebre pour Hot Koki.,"cameroun,personnalites"
cmr-0912,Cameroun,cameroun,moyen,Que veut dire DG dans l'expression poulet DG ?,Delice Gourmand,Dinde Grillee,Douala Grille,Directeur General,D,200,25,Le poulet DG etait juge digne d'un directeur general.,"cameroun,gastronomie"
cmr-0913,Cameroun,cameroun,moyen,Dans quelle region du Cameroun se trouve la ville de Guider ?,Est,Centre,Sud,Nord,D,200,25,Guider est situee dans la region : Nord.,"cameroun,geographie,villes"
cmr-0914,Cameroun,cameroun,facile,Les chutes de la Lobe se trouvent pres de quelle ville ?,Limbe,Edea,Campo,Kribi,D,100,20,Elles sont l'attraction phare de la region de Kribi.,"cameroun,geographie"
cmr-0915,Cameroun,cameroun,moyen,En quelle annee le Cameroun a-t-il remporte la CAN a domicile la plus recente ?,2010,2017,2021,2002,B,200,25,Le titre de 2017 a ete conquis au Gabon.,"cameroun,personnalites,sport,culture"
cmr-0916,Cameroun,cameroun,facile,Quel est l'ingredient principal utilise pour preparer le ndole ?,la banane plantain et la viande,le poulet et la banane plantain,la viande de boeuf grillee et epicee en brochettes,les feuilles de ndole et l'arachide,D,100,20,Le ndole se prepare avec les feuilles de ndole et l'arachide.,"cameroun,gastronomie"
cmr-0917,Cameroun,cameroun,moyen,Quelle fonction Paul Biya occupait-il avant de devenir president en 1982 ?,President de l'Assemblee nationale,Ministre des Finances,Gouverneur du Littoral,Premier ministre,D,200,25,Il etait Premier ministre depuis 1975.,"cameroun,histoire"
cmr-0918,Cameroun,cameroun,moyen,Dans quel domaine Calixthe Beyala s'est-il ou s'est-elle illustre(e) ?,La litterature,La technologie,La lutte contre la colonisation,La politique,A,200,25,Calixthe Beyala est connu(e) pour avoir recu le Grand Prix du roman de l'Academie francaise.,"cameroun,personnalites"
cmr-0919,Cameroun,cameroun,moyen,Le departement du Donga-Mantung appartient a quelle region ?,Nord,Centre,Sud,Nord-Ouest,D,200,25,Le Donga-Mantung se situe dans la region : Nord-Ouest.,"cameroun,geographie,departements"
cmr-0920,Cameroun,cameroun,moyen,"En 1990, jusqu'ou le Cameroun est-il alle en Coupe du monde ?",En huitieme de finale,En finale,En demi-finale,En quart de finale,D,200,25,Premiere equipe africaine a atteindre les quarts.,"cameroun,personnalites,sport,culture"
cmr-0921,Cameroun,cameroun,moyen,Dans quelle region du Cameroun se trouve la ville de Akonolinga ?,Centre,Extreme-Nord,Ouest,Nord,A,200,25,Akonolinga est situee dans la region : Centre.,"cameroun,geographie,villes"
cmr-0922,Cameroun,cameroun,moyen,Dans quelle region du Cameroun se trouve la ville de Lagdo ?,Littoral,Adamaoua,Extreme-Nord,Nord,D,200,25,Lagdo est situee dans la region : Nord.,"cameroun,geographie,villes"
cmr-0923,Cameroun,cameroun,moyen,Quelle banque publique camerounaise a ete creee pour financer les PME ?,La BICEC,La Banque Camerounaise des PME (BC-PME),La SNI,La BEAC,B,200,25,La BC-PME finance specifiquement les petites et moyennes entreprises.,"cameroun,economie"
cmr-0924,Cameroun,cameroun,challenge,Quel est l'ingredient principal utilise pour preparer le nkui ?,les feuilles d'amarante,les feuilles de manioc pilees,le taro et l'huile de palme aux epices,des ecorces et racines qui rendent la sauce visqueuse,D,300,30,Le nkui se prepare avec des ecorces et racines qui rendent la sauce visqueuse.,"cameroun,gastronomie"
cmr-0925,Cameroun,cameroun,moyen,Dans quel domaine Patrick Mboma s'est-il ou s'est-elle illustre(e) ?,La lutte contre la colonisation,La mode,Le football,La litterature,C,200,25,Patrick Mboma est connu(e) pour avoir ete Ballon d'or africain en 2000 et champion olympique a Sydney.,"cameroun,personnalites"
cmr-0926,Cameroun,cameroun,moyen,Le departement du Lom-et-Djerem appartient a quelle region ?,Extreme-Nord,Est,Ouest,Littoral,B,200,25,Le Lom-et-Djerem se situe dans la region : Est.,"cameroun,geographie,departements"
cmr-0927,Cameroun,cameroun,moyen,Le departement du Moungo appartient a quelle region ?,Extreme-Nord,Littoral,Centre,Sud-Ouest,B,200,25,Le Moungo se situe dans la region : Littoral.,"cameroun,geographie,departements"
cmr-0928,Cameroun,cameroun,moyen,Combien de departements compte la region : Sud-Ouest ?,6,8,12,3,A,200,25,La region : Sud-Ouest compte 6 departements.,"cameroun,geographie,regions"
cmr-0929,Cameroun,cameroun,challenge,Quel est le chef-lieu du departement du Wouri ?,Douala,Tibati,Limbe,Baham,A,300,30,"Douala est le chef-lieu du Wouri, dans la region : Littoral.","cameroun,geographie,departements"
cmr-0930,Cameroun,cameroun,moyen,Combien de departements compte la region : Ouest ?,11,4,5,8,D,200,25,La region : Ouest compte 8 departements.,"cameroun,geographie,regions"
cmr-0931,Cameroun,cameroun,moyen,Dans quelle region du Cameroun se trouve la ville de Yaounde ?,Sud-Ouest,Extreme-Nord,Centre,Ouest,C,200,25,Yaounde est situee dans la region : Centre.,"cameroun,geographie,villes"
cmr-0932,Cameroun,cameroun,moyen,Le departement du Haute-Sanaga appartient a quelle region ?,Sud-Ouest,Nord-Ouest,Ouest,Centre,D,200,25,Le Haute-Sanaga se situe dans la region : Centre.,"cameroun,geographie,departements"
cmr-0933,Cameroun,cameroun,facile,Quel fruit tropical est tres consomme au Cameroun ?,La cerise du Japon,La mangue,Le raisin de Bourgogne,La pomme des Alpes,B,100,20,"Mangues, ananas et papayes sont courants.","cameroun,culture-generale"
cmr-0934,Cameroun,cameroun,challenge,Quelle entreprise camerounaise correspond a cette description : la mission d'amenagement des zones industrielles ?,ENEO,la CNPS,la SEMC,la MAGZI,D,300,30,Il s'agit de la MAGZI.,"cameroun,economie,entreprises"
cmr-0935,Cameroun,cameroun,facile,Quelle est la plus grande richesse du Cameroun selon son slogan touristique ?,Sa diversite,Son uniformite,Sa petite taille,Son isolement,A,100,20,La diversite culturelle et naturelle est mise en avant.,"cameroun,culture-generale"
cmr-0936,Cameroun,cameroun,moyen,Le departement du Bamboutos appartient a quelle region ?,Centre,Extreme-Nord,Ouest,Sud,C,200,25,Le Bamboutos se situe dans la region : Ouest.,"cameroun,geographie,departements"
cmr-0937,Cameroun,cameroun,challenge,"Dans le langage populaire camerounais, que designe le tchakala ?",La prison,Un vehicule de transport en commun surcharge,"L'intimidation, le fait de faire peur",Ce qui est de mauvaise qualite ou bricole,D,300,30,Le tchakala : ce qui est de mauvaise qualite ou bricole.,"cameroun,culture,expressions"
cmr-0938,Cameroun,cameroun,facile,Quelle entreprise camerounaise correspond a cette description : l'exploitant du reseau ferre camerounais ?,les Brasseries du Cameroun,CAMTEL,Guinness Cameroun,CAMRAIL,D,100,20,Il s'agit de CAMRAIL.,"cameroun,economie,entreprises"
cmr-0939,Cameroun,cameroun,facile,Comment appelle-t-on les collectivites de base dirigees par un maire au Cameroun ?,Les communes,Les provinces,Les prefectures,Les cantons,A,100,20,Le Cameroun compte environ 360 communes.,"cameroun,institutions,symboles"
cmr-0940,Cameroun,cameroun,moyen,De quelle ville camerounaise le club de football Victoria United est-il originaire ?,Loum,Yaounde,Bamenda,Limbe,D,200,25,"Victoria United est base a Limbe, dans la region : Le Sud-Ouest.","cameroun,sport"
cmr-0941,Cameroun,cameroun,moyen,Quel pays partage la plus longue frontiere terrestre avec le Cameroun ?,Le Gabon,Le Congo,Le Tchad,Le Nigeria,D,200,25,La frontiere avec le Nigeria depasse 1 600 km.,"cameroun,geographie"
cmr-0942,Cameroun,cameroun,challenge,Quel est le chef-lieu du departement du Mayo-Louti ?,Kousseri,Edea,Meiganga,Guider,D,300,30,"Guider est le chef-lieu du Mayo-Louti, dans la region : Nord.","cameroun,geographie,departements"
cmr-0943,Cameroun,cameroun,moyen,Quelle entreprise camerounaise correspond a cette description : le fabricant de chocolats et confiseries ?,les Brasseries du Cameroun,Chococam,CAMRAIL,la BICEC,B,200,25,Il s'agit de Chococam.,"cameroun,economie,entreprises"
cmr-0944,Cameroun,cameroun,moyen,Le departement du Manyu appartient a quelle region ?,Centre,Nord,Littoral,Sud-Ouest,D,200,25,Le Manyu se situe dans la region : Sud-Ouest.,"cameroun,geographie,departements"
cmr-0945,Cameroun,cameroun,challenge,Quelle affirmation est exacte a propos du riz au Cameroun ?,"En resume, elle entre dans la preparation du ndole et des sauces","En resume, il beneficie d'une indication geographique protegee","En resume, il pousse sur les hautes terres","En resume, la SEMRY exploite les perimetres de Yagoua et Maga",D,300,30,Pour le riz : la SEMRY exploite les perimetres de Yagoua et Maga.,"cameroun,economie,agriculture"
cmr-0946,Cameroun,cameroun,challenge,Quel est le chef-lieu du departement du Mayo-Tsanaga ?,Akonolinga,Kribi,Mokolo,Yokadouma,C,300,30,"Mokolo est le chef-lieu du Mayo-Tsanaga, dans la region : Extreme-Nord.","cameroun,geographie,departements"
cmr-0947,Cameroun,cameroun,moyen,Combien de langues nationales estime-t-on parler au Cameroun ?,Environ 12,Plus de 250,Plus de 900,Environ 40,B,200,25,On denombre entre 250 et 280 langues au Cameroun.,"cameroun,culture"
cmr-0948,Cameroun,cameroun,challenge,Quelle personnalite camerounaise est connue pour avoir cree le moteur de recherche d'emploi Njorku ?,Churchill Mambe,Eric Maxim Choupo-Moting,Andre Onana,Ni John Fru Ndi,A,300,30,Il s'agit de Churchill Mambe.,"cameroun,personnalites"
cmr-0949,Cameroun,cameroun,facile,Quelles sont les deux regions anglophones du Cameroun ?,Le Nord et l'Extreme-Nord,Le Centre et le Sud,Le Nord-Ouest et le Sud-Ouest,L'Ouest et le Littoral,C,100,20,Le Nord-Ouest et le Sud-Ouest sont issus du Southern Cameroons britannique.,"cameroun,geographie"
cmr-0950,Cameroun,cameroun,moyen,Quel village touristique des monts Mandara est celebre pour ses paysages de pitons ?,Mora,Kaele,Rhumsiki,Mokolo,C,200,25,Rhumsiki est l'un des paysages les plus photographies du Cameroun.,"cameroun,geographie"
cmr-0951,Cameroun,cameroun,facile,Quel est l'ingredient principal utilise pour preparer le poisson braise ?,le poisson grille au feu de bois,le fruit du safoutier,les feuilles de gnetum,le pain garni de spaghetti et d'omelette,A,100,20,Le poisson braise se prepare avec le poisson grille au feu de bois.,"cameroun,gastronomie"
cmr-0952,Cameroun,cameroun,moyen,Quelle personnalite camerounaise est connue pour avoir lance le hip-hop camerounais a l'international avec Hein Pere ?,Joseph-Antoine Bell,Charlotte Dipanda,Paul Biya,Stanley Enow,D,200,25,Il s'agit de Stanley Enow.,"cameroun,personnalites"
cmr-0953,Cameroun,cameroun,challenge,Dans quel domaine Nicolas Nkoulou s'est-il ou s'est-elle illustre(e) ?,La politique,La mode,Le football,Le cinema,C,300,30,Nicolas Nkoulou est connu(e) pour avoir ete defenseur central des Lions Indomptables a Marseille.,"cameroun,personnalites"
cmr-0954,Cameroun,cameroun,challenge,Le barrage de Lagdo se trouve dans quelle region ?,L'Adamaoua,Le Nord,L'Est,L'Extreme-Nord,B,300,30,"Lagdo est situe sur la Benoue, pres de Garoua.","cameroun,geographie"
cmr-0955,Cameroun,cameroun,moyen,Le departement du Noun appartient a quelle region ?,Est,Centre,Ouest,Adamaoua,C,200,25,Le Noun se situe dans la region : Ouest.,"cameroun,geographie,departements"
cmr-0956,Cameroun,cameroun,challenge,Dans quel domaine Gaelle Enganamouit s'est-il ou s'est-elle illustre(e) ?,L'athletisme,La litterature,Le football,Le cinema,C,300,30,Gaelle Enganamouit est connu(e) pour avoir ete elue meilleure joueuse africaine en 2015 avec les Lionnes Indomptables.,"cameroun,personnalites"
cmr-0957,Cameroun,cameroun,facile,Quelle ville abrite le siege de l'Union africaine ?,Douala,Addis-Abeba,Yaounde,Abuja,B,100,20,Le siege de l'UA est en Ethiopie.,"cameroun,culture-generale"
cmr-0958,Cameroun,cameroun,moyen,Quel tissu traditionnel est associe aux chefferies de l'Ouest du Cameroun ?,Le ndop,Le kente,Le wax hollandais,Le bogolan,A,200,25,"Le tissu ndop, indigo et blanc, orne les ceremonies.","cameroun,divers"
cmr-0959,Cameroun,cameroun,challenge,Dans quel domaine Rene Philombe s'est-il ou s'est-elle illustre(e) ?,La technologie,Les affaires et l'entrepreneuriat,Le football,La litterature,D,300,30,Rene Philombe est connu(e) pour avoir ecrit le poeme L'homme qui te ressemble.,"cameroun,personnalites"
cmr-0960,Cameroun,cameroun,facile,Quel animal donne son surnom a l'equipe nationale camerounaise ?,Le chameau,Le crocodile,Le zebre,Le lion,D,100,20,Les Lions Indomptables.,"cameroun,culture-generale"
cmr-0961,Cameroun,cameroun,facile,Le Cameroun partage-t-il une frontiere terrestre avec le Gabon ?,"Non, ce pays n'existe pas en Afrique","Non, il en est separe par un ocean",Oui,"Non, il en est separe par un autre pays",C,100,20,Le Gabon est bien un voisin du Cameroun (au sud).,"cameroun,geographie,frontieres"
cmr-0962,Cameroun,cameroun,moyen,Quelle entreprise camerounaise correspond a cette description : un producteur historique de ciment au Cameroun ?,la SABC,Cimencam,la BICEC,Camair-Co,B,200,25,Il s'agit de Cimencam.,"cameroun,economie,entreprises"
cmr-0963,Cameroun,cameroun,moyen,Quel oleoduc traverse le Cameroun pour exporter le petrole d'un pays voisin ?,Le pipeline Nigeria-Cameroun,Le pipeline Gabon-Cameroun,Le pipeline Tchad-Cameroun,Le pipeline Congo-Cameroun,C,200,25,Le petrole tchadien est exporte via le terminal de Kribi.,"cameroun,economie"
cmr-0964,Cameroun,cameroun,moyen,Quel vetement traditionnel masculin est courant dans le Nord du Cameroun ?,Le poncho,Le kilt,Le kimono,Le gandoura (boubou),D,200,25,Le gandoura est porte dans les regions septentrionales.,"cameroun,divers"
cmr-0965,Cameroun,cameroun,challenge,Quel est l'ingredient principal utilise pour preparer le kpwem ?,les epices noires grillees et le poisson,les feuilles de manioc pilees,les feuilles de ndole et l'arachide,la noix de palme,B,300,30,Le kpwem se prepare avec les feuilles de manioc pilees.,"cameroun,gastronomie"
cmr-0966,Cameroun,cameroun,moyen,Dans quelle region du Cameroun se trouve la ville de Bangangte ?,Ouest,Nord,Nord-Ouest,Littoral,A,200,25,Bangangte est situee dans la region : Ouest.,"cameroun,geographie,villes"
cmr-0967,Cameroun,cameroun,facile,Comment appelle-t-on un commercant qui vend a la sauvette au bord de la route ?,Un pilote,Un notaire,Un banquier,Un sauveteur,D,100,20,Le sauveteur est une figure du commerce de rue.,"cameroun,culture-generale"
cmr-0968,Cameroun,cameroun,moyen,Dans quel domaine Arthur Zang s'est-il ou s'est-elle illustre(e) ?,La lutte contre la colonisation,La politique,La technologie,La musique,C,200,25,"Arthur Zang est connu(e) pour avoir invente le Cardiopad, tablette medicale pour le coeur.","cameroun,personnalites"
cmr-0969,Cameroun,cameroun,challenge,Quelle affirmation est exacte a propos du miel blanc d'Oku au Cameroun ?,"En resume, le Cameroun figure parmi les premiers producteurs mondiaux","En resume, il beneficie d'une indication geographique protegee","En resume, elle est cultivee autour du Moungo et du Fako","En resume, il est une cereale de base des hautes terres",B,300,30,Pour le miel blanc d'Oku : il beneficie d'une indication geographique protegee.,"cameroun,economie,agriculture"
cmr-0970,Cameroun,cameroun,facile,Quel moyen de transport relie Douala a Ngaoundere ?,Le train,Le teleferique,Le tramway,Le metro,A,100,20,Le Transcamerounais relie Douala au Nord.,"cameroun,culture-generale"
cmr-0971,Cameroun,cameroun,moyen,Dans quelle region du Cameroun se trouve la ville de Yagoua ?,Extreme-Nord,Ouest,Est,Littoral,A,200,25,Yagoua est situee dans la region : Extreme-Nord.,"cameroun,geographie,villes"
cmr-0972,Cameroun,cameroun,facile,Quel est le principal port maritime historique du Cameroun ?,Le port de Garoua,Le port de Limbe,Le port de Douala,Le port de Kribi,C,100,20,Douala traite la majeure partie du trafic portuaire national.,"cameroun,geographie"
cmr-0973,Cameroun,cameroun,facile,Quel est le principal jour de repos hebdomadaire dans l'administration camerounaise ?,Le jeudi,Le dimanche,Le mardi,Le lundi,B,100,20,Le week-end administratif comprend le samedi et le dimanche.,"cameroun,culture-generale"
cmr-0974,Cameroun,cameroun,moyen,Quelle entreprise camerounaise correspond a cette description : le Port Autonome de Kribi ?,Dangote Cement Cameroun,CAMWATER,le PAK,la SEMC,C,200,25,Il s'agit du PAK.,"cameroun,economie,entreprises"
cmr-0975,Cameroun,cameroun,moyen,Comment surnomme-t-on la ville de Kribi ?,La perle du Sud,Abakwa,La cite des arts,La ville aux sept collines,A,200,25,Kribi est reputee pour ses plages.,"cameroun,divers"
cmr-0976,Cameroun,cameroun,moyen,Quelle presqu'ile a fait l'objet d'un differend entre le Cameroun et le Nigeria ?,La presqu'ile de Bakassi,L'ile de Manoka,La presqu'ile de Kribi,La plaine de Ndop,A,200,25,La CIJ a tranche en faveur du Cameroun en 2002.,"cameroun,geographie"
cmr-0977,Cameroun,cameroun,challenge,Quel est le chef-lieu du departement du Vina ?,Yagoua,Guider,Douala,Ngaoundere,D,300,30,"Ngaoundere est le chef-lieu du Vina, dans la region : Adamaoua.","cameroun,geographie,departements"
cmr-0978,Cameroun,cameroun,moyen,Le departement du Mefou-et-Afamba appartient a quelle region ?,Ouest,Centre,Adamaoua,Nord-Ouest,B,200,25,Le Mefou-et-Afamba se situe dans la region : Centre.,"cameroun,geographie,departements"
cmr-0979,Cameroun,cameroun,moyen,Quelle entreprise camerounaise correspond a cette description : un reseau camerounais de transfert d'argent ?,la SEMC,Express Union,la CDC,la SODECOTON,B,200,25,Il s'agit de Express Union.,"cameroun,economie,entreprises"
cmr-0980,Cameroun,cameroun,moyen,Quel est l'ingredient principal utilise pour preparer le couscous de mais ?,le manioc trempe,les feuilles de gnetum,"la morelle noire, un legume-feuille",la farine de mais,D,200,25,Le couscous de mais se prepare avec la farine de mais.,"cameroun,gastronomie"
cmr-0981,Cameroun,cameroun,facile,Quel animal figure sur les armoiries et symbolise le Cameroun ?,L'elephant,La panthere,Le lion,L'aigle,C,100,20,Le lion inspire le surnom des Lions Indomptables.,"cameroun,institutions,symboles"
cmr-0982,Cameroun,cameroun,challenge,Dans quel domaine Leonora Miano s'est-il ou s'est-elle illustre(e) ?,La musique,La mode,La litterature,La lutte contre la colonisation,C,300,30,Leonora Miano est connu(e) pour avoir recu le prix Femina pour La Saison de l'ombre.,"cameroun,personnalites"
cmr-0983,Cameroun,cameroun,moyen,Dans quelle region du Cameroun les Tikar sont-ils principalement etablis ?,Le Littoral,Le Nord-Ouest,Le Sud-Ouest,L'Adamaoua,D,200,25,Les Tikar vivent principalement dans cette region.,"cameroun,peuples,langues"
cmr-0984,Cameroun,cameroun,moyen,Le departement du Bui appartient a quelle region ?,Nord-Ouest,Centre,Sud-Ouest,Nord,A,200,25,Le Bui se situe dans la region : Nord-Ouest.,"cameroun,geographie,departements"
cmr-0985,Cameroun,cameroun,challenge,Dans quel domaine Jean-Marie Teno s'est-il ou s'est-elle illustre(e) ?,La musique,La litterature,Le cinema,Le football,C,300,30,Jean-Marie Teno est connu(e) pour etre un documentariste camerounais reconnu.,"cameroun,personnalites"
cmr-0986,Cameroun,cameroun,moyen,Dans quel secteur d'activite intervient le PAD ?,Le transport ferroviaire,L'agroalimentaire,Le transfert d'argent,La logistique portuaire,D,200,25,Le PAD est le Port Autonome de Douala.,"cameroun,economie,entreprises"
cmr-0987,Cameroun,cameroun,moyen,Quelle est la superficie approximative du Cameroun ?,Environ 900 000 km2,Environ 120 000 km2,Environ 1 200 000 km2,Environ 475 000 km2,D,200,25,Le Cameroun couvre 475 442 km2.,"cameroun,geographie"
cmr-0988,Cameroun,cameroun,challenge,"Quelle personnalite camerounaise est connue pour etre une sprinteuse ivoirienne, et non camerounaise ?",Marie-Jose Ta Lou,Rene Philombe,John Ngu Foncha,Anne-Marie Nzie,A,300,30,Il s'agit de Marie-Jose Ta Lou.,"cameroun,personnalites"
cmr-0989,Cameroun,cameroun,moyen,Quelle personnalite camerounaise est connue pour etre un milieu de terrain decede en plein match en 2003 ?,Werewere Liking,Tala Andre Marie,Rigobert Song,Marc-Vivien Foe,D,200,25,Il s'agit de Marc-Vivien Foe.,"cameroun,personnalites"
cmr-0990,Cameroun,cameroun,moyen,Quelle personnalite camerounaise est connue pour avoir joue au PSG et au Bayern Munich ?,Rigobert Song,Jovi,Eric Maxim Choupo-Moting,Dina Bell,C,200,25,Il s'agit de Eric Maxim Choupo-Moting.,"cameroun,personnalites"
cmr-0991,Cameroun,cameroun,challenge,Dans quel domaine Clinton Njie s'est-il ou s'est-elle illustre(e) ?,L'athletisme,Le football,La musique,Les affaires et l'entrepreneuriat,B,300,30,Clinton Njie est connu(e) pour avoir joue a Lyon et Tottenham.,"cameroun,personnalites"
cmr-0992,Cameroun,cameroun,moyen,A quelle communaute economique regionale le Cameroun appartient-il ?,La SADC,L'UEMOA,La CEDEAO,La CEMAC,D,200,25,La Communaute economique et monetaire de l'Afrique centrale.,"cameroun,institutions,symboles"
cmr-0993,Cameroun,cameroun,challenge,Quelle personnalite camerounaise est connue pour avoir ete un dirigeant de l'UPC execute en 1971 ?,Locko,Manu Dibango,Ernest Ouandie,Rudolf Douala Manga Bell,C,300,30,Il s'agit de Ernest Ouandie.,"cameroun,personnalites"
cmr-0994,Cameroun,cameroun,moyen,Quelle activite economique domine autour du lac Tchad cote camerounais ?,L'industrie automobile,L'extraction de diamants,La peche et l'elevage,La production de vin,C,200,25,"Les riverains vivent de la peche, de l'elevage et du commerce.","cameroun,divers"
cmr-0995,Cameroun,cameroun,facile,Quel surnom porte l'equipe nationale masculine de football du Cameroun ?,Les Elephants,Les Lions Indomptables,Les Aigles,Les Etalons,B,100,20,Les Lions Indomptables sont l'un des symboles du pays.,"cameroun,personnalites,sport,culture"
cmr-0996,Cameroun,cameroun,moyen,Dans quelle region du Cameroun se trouve la ville de Ekondo-Titi ?,Est,Ouest,Sud-Ouest,Centre,C,200,25,Ekondo-Titi est situee dans la region : Sud-Ouest.,"cameroun,geographie,villes"
cmr-0997,Cameroun,cameroun,moyen,Dans quelle region du Cameroun se trouve la ville de Tibati ?,Extreme-Nord,Centre,Adamaoua,Nord,C,200,25,Tibati est situee dans la region : Adamaoua.,"cameroun,geographie,villes"
cmr-0998,Cameroun,cameroun,moyen,Quelle personnalite camerounaise est connue pour etre surnommee la Reine d'or de la chanson camerounaise ?,Anne-Marie Nzie,Ekambi Brillant,Ruben Um Nyobe,Hortense Bewouda,A,200,25,Il s'agit de Anne-Marie Nzie.,"cameroun,personnalites"
cmr-0999,Cameroun,cameroun,moyen,Le departement du Mbam-et-Inoubou appartient a quelle region ?,Ouest,Nord,Centre,Est,C,200,25,Le Mbam-et-Inoubou se situe dans la region : Centre.,"cameroun,geographie,departements"
cmr-1000,Cameroun,cameroun,facile,Quelle entreprise camerounaise correspond a cette description : le principal brasseur du pays ?,les Brasseries du Cameroun,ENEO,la SONARA,la MAGZI,A,100,20,Il s'agit des Brasseries du Cameroun.,"cameroun,economie,entreprises"
