id,category,category_slug,difficulty,question,option_a,option_b,option_c,option_d,correct_answer,points,time_limit,explanation,tags
mix-0001,Challenge Mixte,mixte,moyen,Dans quel secteur d'activite Econet Wireless s'est-elle developpee ?,Les paiements en ligne,Les telecommunications,La chaussure ecologique,L'electronique grand public,B,200,25,Econet Wireless intervient dans : les telecommunications.,"mixte,entrepreneuriat,figures"
mix-0002,Challenge Mixte,mixte,facile,Quel role joue la microfinance pour les petits entrepreneurs ?,Offrir des credits et de l'epargne adaptes aux petites activites,Remplacer l'administration fiscale,Financer uniquement les multinationales,Distribuer des subventions internationales,A,100,20,La microfinance sert les exclus du systeme bancaire classique.,"mixte,entrepreneuriat,financement"
mix-0003,Challenge Mixte,mixte,moyen,De quelle region du Cameroun l'okok est-il originaire ou le plus consomme ?,Le Centre,L'Extreme-Nord,Le Nord,Le Sud,D,200,25,L'okok est surtout associe a cette region.,"mixte,cameroun,gastronomie"
mix-0004,Challenge Mixte,mixte,moyen,A quel besoin repond principalement cette solution : La reconnaissance vocale ?,Recommander des produits complementaires a un acheteur en ligne,Comprendre pourquoi les visiteurs quittent un site sans acheter,Transcrire automatiquement une reunion en compte rendu,Prevoir les ventes de la saison prochaine,C,200,25,La reconnaissance vocale sert notamment a transcrire automatiquement une reunion en compte rendu.,"mixte,innovation,usages"
mix-0005,Challenge Mixte,mixte,moyen,"Qui est a l'origine de cette avancee : le Cardiopad, tablette d'examen cardiaque ?",Verone Mankou,John McCarthy,Arthur Zang,Alexander Graham Bell,C,200,25,Il s'agit de Arthur Zang.,"mixte,innovation,histoire"
mix-0006,Challenge Mixte,mixte,moyen,Quel impot libere les petites entreprises camerounaises de faible chiffre d'affaires ?,L'impot libératoire,L'impot sur les societes,La taxe fonciere,La taxe d'apprentissage,A,200,25,L'impot libératoire vise les tres petites activites.,"mixte,cameroun,economie"
mix-0007,Challenge Mixte,mixte,challenge,Dans quel domaine Ajara Nchout s'est-il ou s'est-elle illustre(e) ?,Les affaires et l'entrepreneuriat,La politique,Le football,L'athletisme,C,300,30,Ajara Nchout est connu(e) pour avoir marque des buts decisifs avec les Lionnes Indomptables en Coupe du monde.,"mixte,cameroun,personnalites"
mix-0008,Challenge Mixte,mixte,facile,Quelle question un entrepreneur doit-il se poser en premier avant de creer son produit ?,Quelle sera la couleur de mon logo ?,"Quel probleme reel est-ce que je resous, et pour qui ?",Combien de bureaux vais-je louer ?,Quel nom sonne le mieux en anglais ?,B,100,20,Le probleme client precede la solution.,"mixte,entrepreneuriat,marketing"
mix-0009,Challenge Mixte,mixte,moyen,Que finance-t-on avec un credit de tresorerie ?,Les besoins courants a court terme,Une acquisition d'entreprise,La construction d'une usine,L'achat d'un terrain,A,200,25,Le credit de tresorerie couvre les decalages de court terme.,"mixte,entrepreneuriat,financement"
mix-0010,Challenge Mixte,mixte,moyen,Ou se situe la Republique centrafricaine par rapport au Cameroun ?,au sud-est,a l'est,au sud,au nord-est,B,200,25,La Republique centrafricaine borde le Cameroun a l'est.,"mixte,cameroun,geographie,frontieres"
mix-0011,Challenge Mixte,mixte,facile,Quel est l'interet de s'entourer d'un mentor ?,Obtenir un financement automatique,Eviter de travailler,Deleguer toutes ses decisions,Beneficier d'une experience et d'un regard exterieur,D,100,20,Le mentor accelere l'apprentissage.,"mixte,entrepreneuriat,posture"
mix-0012,Challenge Mixte,mixte,facile,"Dans le monde numerique, que designe un moteur de traduction ?",Le document decrivant precisement les fonctions attendues d'un outil,Une mesure chiffree du fonctionnement d'un service en ligne,Une innovation qui bouleverse un marche et remplace les solutions existantes,Un systeme qui convertit automatiquement un texte d'une langue a une autre,D,100,20,Un moteur de traduction : un systeme qui convertit automatiquement un texte d'une langue a une autre.,"mixte,innovation,glossaire"
mix-0013,Challenge Mixte,mixte,facile,Quelle est l'activite principale de Jumia ?,L'intelligence artificielle appliquee aux entreprises,La vente en ligne de produits varies,Le paiement et le transfert par telephone,Le developpement de jeux video,B,100,20,Jumia : la vente en ligne de produits varies (le Nigeria).,"mixte,innovation,afrique"
mix-0014,Challenge Mixte,mixte,moyen,Quel diplome sanctionne le cycle secondaire anglophone au Cameroun ?,Le GCE Advanced Level,Le baccalaureat,Le BEPC,Le CEP,A,200,25,Le General Certificate of Education est delivre par le GCE Board.,"mixte,cameroun,culture"
mix-0015,Challenge Mixte,mixte,moyen,Quel est le principal benefice de cette demarche : savoir quels produits se vendent le mieux chaque semaine ?,Produire rapidement un brouillon a corriger ensuite,Donner acces a l'information sans vendeur disponible,Decider a partir de chiffres reels,Retrouver ses donnees en cas d'incident,C,200,25,Le gain principal : decider a partir de chiffres reels.,"mixte,innovation,usages"
mix-0016,Challenge Mixte,mixte,challenge,Quelle personnalite camerounaise est connue pour avoir marque des buts decisifs avec les Lionnes Indomptables en Coupe du monde ?,Ajara Nchout,Ekambi Brillant,Manu Dibango,Salatiel,A,300,30,Il s'agit de Ajara Nchout.,"mixte,cameroun,personnalites"
mix-0017,Challenge Mixte,mixte,moyen,"En entrepreneuriat, que designe la levee de fonds ?",Le developpement de l'activite au-dela des frontieres nationales,Une depense durable destinee a produire des revenus futurs,L'operation par laquelle une entreprise obtient des capitaux d'investisseurs,Un document qui annule ou reduit une facture deja emise,C,200,25,La levee de fonds : l'operation par laquelle une entreprise obtient des capitaux d'investisseurs.,"mixte,entrepreneuriat,glossaire"
mix-0018,Challenge Mixte,mixte,moyen,"Dans le monde numerique, que designe un systeme d'exploitation ?",Le retour d'une somme au client via un canal numerique,Les actions visant a permettre a tous d'utiliser les outils numeriques,Le logiciel de base qui fait fonctionner un ordinateur ou un telephone,La surveillance organisee des evolutions techniques d'un secteur,C,200,25,Un systeme d'exploitation : le logiciel de base qui fait fonctionner un ordinateur ou un telephone.,"mixte,innovation,glossaire"
mix-0019,Challenge Mixte,mixte,moyen,Quelle preparation est indispensable avant une negociation importante ?,Ignorer ses couts,Connaitre son prix plancher et ses marges de manoeuvre,Improviser totalement,Fixer un prix au hasard,B,200,25,"Sans prix plancher, on cede trop.","mixte,entrepreneuriat,vente"
mix-0020,Challenge Mixte,mixte,challenge,Qui est a l'origine de cette avancee : l'expression intelligence artificielle ?,Yann LeCun,Vint Cerf,Steve Wozniak,John McCarthy,D,300,30,Il s'agit de John McCarthy.,"mixte,innovation,histoire"
mix-0021,Challenge Mixte,mixte,moyen,Pour quelle contribution Karl Benz est-il ou est-elle connu(e) ?,la premiere automobile a moteur a essence,la premiere tablette concue en Afrique centrale,la telegraphie sans fil,les protocoles de communication d'internet,A,200,25,Karl Benz est associe(e) a la premiere automobile a moteur a essence.,"mixte,innovation,histoire"
mix-0022,Challenge Mixte,mixte,moyen,Comment qualifie-t-on cette charge : la commission versee au vendeur par vente ?,Un produit d'exploitation,Une charge fixe,Une charge variable,Un actif immobilise,C,200,25,La commission versee au vendeur par vente est une charge variable.,"mixte,entrepreneuriat,couts"
mix-0023,Challenge Mixte,mixte,facile,Quel est l'interet de faire partie d'un reseau d'entrepreneurs ?,"Echanger des informations, des opportunites et des solutions",Copier les autres sans reflechir,Eviter la concurrence par la loi,Obtenir des clients garantis,A,100,20,Le reseau est une source d'opportunites et d'entraide.,"mixte,entrepreneuriat,posture"
mix-0024,Challenge Mixte,mixte,facile,La ville de Bertoua est le chef-lieu de quelle region du Cameroun ?,Sud-Ouest,Est,Nord,Nord-Ouest,B,100,20,Bertoua est le chef-lieu de la region : Est.,"mixte,cameroun,geographie,regions"
mix-0025,Challenge Mixte,mixte,facile,Quel est le principal benefice de cette demarche : envoyer un rappel de rendez-vous aux clients ?,Suivre chaque vente et fiabiliser les comptes,Relancer les clients endormis au bon moment,Reduire les rendez-vous manques,Mieux dimensionner les achats et les stocks,C,100,20,Le gain principal : reduire les rendez-vous manques.,"mixte,innovation,usages"
mix-0026,Challenge Mixte,mixte,moyen,Quelle forme juridique est la plus utilisee par les PME camerounaises ?,Le GIE international,La SA cotee,La societe anonyme europeenne,La SARL (Societe a Responsabilite Limitee),D,200,25,La SARL est simple a creer et limite la responsabilite.,"mixte,cameroun,economie"
mix-0027,Challenge Mixte,mixte,moyen,"Dans le langage populaire camerounais, que designe un bayam-sellam ?","S'etonner, etre surpris","Un revendeur, souvent une commercante de vivres",Quelque chose d'obtenu gratuitement,Un moto-taxi,B,200,25,"Un bayam-sellam : un revendeur, souvent une commercante de vivres.","mixte,cameroun,culture,expressions"
mix-0028,Challenge Mixte,mixte,challenge,Dans quelle partie du Cameroun le miel blanc d'Oku est-il ou est-elle principalement cultive(e) ?,L'Adamaoua,L'Ouest et le Nord-Ouest,Le Grand Nord,Le Littoral et le Sud-Ouest,B,300,30,Pour le miel blanc d'Oku : il beneficie d'une indication geographique protegee.,"mixte,cameroun,economie,agriculture"
mix-0029,Challenge Mixte,mixte,challenge,Une entreprise realise 2 500 000 FCFA de chiffre d'affaires et 500 000 FCFA de benefice. Quelle est sa rentabilite nette ?,25 %,40 %,20 %,80 %,C,300,30,Rentabilite = benefice / CA x 100 = 20 %.,"mixte,entrepreneuriat,calcul,rentabilite"
mix-0030,Challenge Mixte,mixte,facile,"En entrepreneuriat, que designe un entrepreneur ?",Le decoupage du marche en groupes de clients homogenes,Une personne qui cree et dirige une activite economique en prenant des risques,Un particulier qui investit son propre argent dans une jeune entreprise,L'arret d'un projet qui n'a pas trouve son marche ou sa rentabilite,B,100,20,Un entrepreneur : une personne qui cree et dirige une activite economique en prenant des risques.,"mixte,entrepreneuriat,glossaire"
mix-0031,Challenge Mixte,mixte,moyen,"En entrepreneuriat, que designe le crowdfunding ?",La collecte de fonds aupres d'un grand nombre de personnes via une plateforme,Le document qui decrit precisement ce qui est attendu d'un projet,Un element favorable de l'environnement que l'entreprise peut saisir,Une proposition chiffree adressee au client avant la commande,A,200,25,Le crowdfunding : la collecte de fonds aupres d'un grand nombre de personnes via une plateforme.,"mixte,entrepreneuriat,glossaire"
mix-0032,Challenge Mixte,mixte,facile,Que signifie fideliser un client ?,Faire en sorte qu'il revienne acheter regulierement,Ne plus jamais le contacter,Le forcer a signer un contrat a vie,Lui interdire d'aller ailleurs,A,100,20,La fidelisation repose sur la satisfaction.,"mixte,entrepreneuriat,marketing"
mix-0033,Challenge Mixte,mixte,moyen,Combien de blocs compte le Business Model Canvas ?,Six,Douze,Neuf,Quatre,C,200,25,Le canvas d'Osterwalder comporte neuf blocs.,"mixte,entrepreneuriat,methodes"
mix-0034,Challenge Mixte,mixte,moyen,Dans quelle region du Cameroun se trouve la ville de Kumba ?,Sud-Ouest,Est,Nord,Extreme-Nord,A,200,25,Kumba est situee dans la region : Sud-Ouest.,"mixte,cameroun,geographie,villes"
mix-0035,Challenge Mixte,mixte,moyen,"En entrepreneuriat, que designe une niche de marche ?",Le niveau de ventes a partir duquel l'entreprise ne perd plus d'argent,L'organisation des priorites pour utiliser efficacement ses journees,Un accord durable entre entreprises pour atteindre un objectif commun,Un segment etroit et specialise peu couvert par les concurrents,D,200,25,Une niche de marche : un segment etroit et specialise peu couvert par les concurrents.,"mixte,entrepreneuriat,glossaire"
mix-0036,Challenge Mixte,mixte,moyen,"En entrepreneuriat, que designe un prototype ?",Un outil de gestion de la relation client,Une offre temporaire destinee a stimuler les ventes,Une maquette fonctionnelle realisee avant la production en serie,La prise en compte des enjeux sociaux et environnementaux par l'entreprise,C,200,25,Un prototype : une maquette fonctionnelle realisee avant la production en serie.,"mixte,entrepreneuriat,glossaire"
mix-0037,Challenge Mixte,mixte,moyen,Dans quelle region du Cameroun se trouve la ville de Idenau ?,Adamaoua,Sud-Ouest,Littoral,Ouest,B,200,25,Idenau est situee dans la region : Sud-Ouest.,"mixte,cameroun,geographie,villes"
mix-0038,Challenge Mixte,mixte,challenge,Comment appelle-t-on ceci : La production obtenue rapportee au temps de travail utilise ?,un delai de paiement,l'amortissement,la productivite du travail,un avantage concurrentiel,C,300,30,Il s'agit de la productivite du travail.,"mixte,entrepreneuriat,glossaire"
mix-0039,Challenge Mixte,mixte,moyen,Quel indicatif telephonique international correspond au Cameroun ?,+229,+241,+225,+237,D,200,25,L'indicatif du Cameroun est le +237.,"mixte,cameroun,divers"
mix-0040,Challenge Mixte,mixte,facile,Quelle precaution prendre avec les mots de passe professionnels ?,Les ecrire sur la vitrine,Les partager publiquement,Utiliser des mots de passe forts et differents pour chaque service,Utiliser le meme partout,C,100,20,La securite des acces protege l'activite.,"mixte,entrepreneuriat,digital"
mix-0041,Challenge Mixte,mixte,facile,De quel pays Walt Disney est-il ou est-elle originaire ?,le Cameroun,le Congo,les Etats-Unis,la Chine,C,100,20,Walt Disney est originaire de ce pays : les Etats-Unis.,"mixte,entrepreneuriat,figures"
mix-0042,Challenge Mixte,mixte,moyen,Quelle entreprise camerounaise correspond a cette description : un reseau camerounais de transfert d'argent ?,la SEMC,Express Union,la CDC,la SODECOTON,B,200,25,Il s'agit de Express Union.,"mixte,cameroun,economie,entreprises"
mix-0043,Challenge Mixte,mixte,moyen,Une boutique realise 1 200 000 FCFA de ventes aupres de 300 clients dans la semaine. Quel est le panier moyen ?,8 000 FCFA,2 000 FCFA,4 000 FCFA,1 200 000 FCFA,C,200,25,Panier moyen = CA / nombre de clients = 1 200 000 FCFA / 300 = 4 000 FCFA.,"mixte,entrepreneuriat,calcul,indicateurs"
mix-0044,Challenge Mixte,mixte,facile,Dans quel domaine Alexander Graham Bell a-t-il ou a-t-elle laisse sa marque ?,Les telecommunications,La programmation,L'electronique,Internet,A,100,20,Alexander Graham Bell a marque ce domaine : Les telecommunications.,"mixte,innovation,histoire"
mix-0045,Challenge Mixte,mixte,moyen,Dans quel domaine Ni John Fru Ndi s'est-il ou s'est-elle illustre(e) ?,Le football,L'athletisme,La musique,La politique,D,200,25,Ni John Fru Ndi est connu(e) pour avoir fonde le Social Democratic Front a Bamenda en 1990.,"mixte,cameroun,personnalites"
mix-0046,Challenge Mixte,mixte,moyen,Comment appelle-t-on ceci : Le contrat de location d'un local ?,un bail,la dilution,une licence,la formalisation,A,200,25,Il s'agit d'un bail.,"mixte,entrepreneuriat,glossaire"
mix-0047,Challenge Mixte,mixte,moyen,Que designe la CONAC au Cameroun ?,La Commission nationale anti-corruption,La Caisse nationale de credit,Le Conseil national du commerce,La Commission nationale des concours,A,200,25,La CONAC lutte contre la corruption.,"mixte,cameroun,institutions,symboles"
mix-0048,Challenge Mixte,mixte,facile,Quelle attitude adopter face a un employe qui commet une erreur honnete ?,L'humilier devant l'equipe,Le licencier immediatement,Ignorer completement l'erreur,"Corriger, expliquer et transformer l'erreur en apprentissage",D,100,20,Le droit a l'erreur encadre developpe les competences.,"mixte,entrepreneuriat,gestion"
mix-0049,Challenge Mixte,mixte,moyen,De quel pays Daniel Ek est-il ou est-elle originaire ?,la Suede,le Nigeria,le Soudan,le Ghana,A,200,25,Daniel Ek est originaire de ce pays : la Suede.,"mixte,entrepreneuriat,figures"
mix-0050,Challenge Mixte,mixte,moyen,Que signifie le sigle SMIG dans le monde de l'entreprise ?,Optimisation pour les moteurs de recherche,Salaire Minimum Interprofessionnel Garanti,Vente d'entreprise a entreprise,"Chambre de Commerce, d'Industrie, des Mines et de l'Artisanat",B,200,25,SMIG : Salaire Minimum Interprofessionnel Garanti.,"mixte,entrepreneuriat,sigles"
mix-0051,Challenge Mixte,mixte,moyen,Quel outil numerique permet de : Mesurer la frequentation d'un site web ?,un outil d'analyse d'audience,un logiciel de presentation,un outil no-code,une plateforme de formation en ligne,A,200,25,Il s'agit d'un outil d'analyse d'audience.,"mixte,innovation,outils"
mix-0052,Challenge Mixte,mixte,moyen,Quel terme correspond a cette definition : L'usage de l'intelligence artificielle dans le respect des personnes et de la loi ?,un biais algorithmique,les donnees personnelles,l'IA responsable,une tablette,C,200,25,Il s'agit de l'IA responsable.,"mixte,innovation,glossaire"
mix-0053,Challenge Mixte,mixte,moyen,Quelle communaute economique facilite les echanges entre le Cameroun et ses voisins d'Afrique centrale ?,L'ASEAN,Le Mercosur,La CEMAC,La CEDEAO,C,200,25,La CEMAC constitue un marche regional de plus de 50 millions d'habitants.,"mixte,entrepreneuriat,cameroun"
mix-0054,Challenge Mixte,mixte,moyen,Quelle entreprise camerounaise correspond a cette description : le fabricant de chocolats et confiseries ?,les Brasseries du Cameroun,Chococam,CAMRAIL,la BICEC,B,200,25,Il s'agit de Chococam.,"mixte,cameroun,economie,entreprises"
mix-0055,Challenge Mixte,mixte,challenge,Quelle affirmation est exacte a propos de l'ananas au Cameroun ?,"En resume, les hautes terres offrent un climat favorable","En resume, il est cultive dans le Moungo","En resume, il beneficie d'une indication geographique protegee","En resume, il fournit le caoutchouc naturel",B,300,30,Pour l'ananas : il est cultive dans le Moungo.,"mixte,cameroun,economie,agriculture"
mix-0056,Challenge Mixte,mixte,moyen,Dans quel domaine Sam Fan Thomas s'est-il ou s'est-elle illustre(e) ?,La lutte contre la colonisation,La musique,La politique,Le cinema,B,200,25,Sam Fan Thomas est connu(e) pour avoir popularise African Typic Collection.,"mixte,cameroun,personnalites"
mix-0057,Challenge Mixte,mixte,challenge,Quel systeme comptable les entreprises camerounaises appliquent-elles ?,Le SYSCOHADA revise,Les IFRS obligatoires pour toutes,Le plan comptable francais 1982,Le plan comptable americain,A,300,30,Le SYSCOHADA revise est en vigueur depuis 2018.,"mixte,cameroun,economie"
mix-0058,Challenge Mixte,mixte,challenge,Quelle bourse des valeurs mobilieres est basee a Douala et integree au marche regional ?,La Bourse des Valeurs Mobilieres de l'Afrique Centrale (BVMAC),La Bourse de Nairobi,La Bourse de Lagos,La BRVM,A,300,30,"La BVMAC, unifiee en 2019, a son siege a Douala.","mixte,cameroun,economie"
mix-0059,Challenge Mixte,mixte,facile,Le Cameroun partage-t-il une frontiere terrestre avec le Tchad ?,"Non, il en est separe par un autre pays","Non, ce pays n'existe pas en Afrique",Oui,"Non, il en est separe par un ocean",C,100,20,Le Tchad est bien un voisin du Cameroun (au nord-est).,"mixte,cameroun,geographie,frontieres"
mix-0060,Challenge Mixte,mixte,moyen,Vous voulez tester la demande pour un service de livraison. Quel indicateur suivre en priorite ?,Le nombre de likes sur une photo,La couleur de votre moto,Le nombre de commandes reellement passees,Le nombre de reunions internes,C,200,25,Seules les commandes reelles prouvent la demande.,"mixte,entrepreneuriat,mise-en-situation"
mix-0061,Challenge Mixte,mixte,moyen,Dans quelle region du Cameroun se trouve la ville de Lagdo ?,Littoral,Adamaoua,Extreme-Nord,Nord,D,200,25,Lagdo est situee dans la region : Nord.,"mixte,cameroun,geographie,villes"
mix-0062,Challenge Mixte,mixte,moyen,Le departement du Djerem appartient a quelle region ?,Nord,Sud-Ouest,Littoral,Adamaoua,D,200,25,Le Djerem se situe dans la region : Adamaoua.,"mixte,cameroun,geographie,departements"
mix-0063,Challenge Mixte,mixte,moyen,A quelle categorie d'outils appartient un logiciel de comptabilite ?,L'organisation,La gestion,L'intelligence artificielle,La numerisation,B,200,25,Un logiciel de comptabilite appartient a cette categorie : la gestion.,"mixte,innovation,outils"
mix-0064,Challenge Mixte,mixte,moyen,Quelle organisation regionale a son secretariat permanent a Yaounde et harmonise le droit des affaires ?,La CEDEAO,La SADC,L'UEMOA,L'OHADA,D,200,25,Le Secretariat permanent de l'OHADA est bien base a Yaounde.,"mixte,cameroun,institutions,symboles"
mix-0065,Challenge Mixte,mixte,facile,Que designe la marque camerounaise Mambo ?,Un service de telecommunication,Un service de mobile money,Un chocolat a tartiner,Une pate a tartiner,C,100,20,Mambo : il est produit par Chococam.,"mixte,cameroun,marques"
mix-0066,Challenge Mixte,mixte,moyen,Le departement du Mifi appartient a quelle region ?,Sud,Est,Ouest,Adamaoua,C,200,25,Le Mifi se situe dans la region : Ouest.,"mixte,cameroun,geographie,departements"
mix-0067,Challenge Mixte,mixte,facile,Comment appelle-t-on ceci : Un developpement qui repond aux besoins presents sans compromettre l'avenir ?,la segmentation,un audit,un plan B,le developpement durable,D,100,20,Il s'agit du developpement durable.,"mixte,entrepreneuriat,glossaire"
mix-0068,Challenge Mixte,mixte,facile,De quelle region du Cameroun le poulet DG est-il originaire ou le plus consomme ?,L'Ouest,Le Littoral,L'Extreme-Nord,Le Centre,B,100,20,Le poulet DG est surtout associe a cette region.,"mixte,cameroun,gastronomie"
mix-0069,Challenge Mixte,mixte,moyen,Comment appelle-t-on ceci : La presentation visuelle d'un projet destinee aux investisseurs ?,un pitch deck,la formalisation,un avoir,un local commercial,A,200,25,Il s'agit d'un pitch deck.,"mixte,entrepreneuriat,glossaire"
mix-0070,Challenge Mixte,mixte,moyen,Quelle est la premiere cause d'echec des jeunes entreprises ?,Un logo mal dessine,Un local trop petit,Un nom d'entreprise trop court,"Un marche insuffisant ou mal compris, souvent double de problemes de tresorerie",D,200,25,L'absence de demande reelle et les tensions de tresorerie dominent les causes d'echec.,"mixte,entrepreneuriat,gestion"
mix-0071,Challenge Mixte,mixte,moyen,Un client vous demande un produit moins cher que votre gamme. Quelle reponse est la plus commerciale ?,Lui proposer une alternative adaptee a son budget dans votre offre,Lui dire qu'il n'a pas les moyens,Lui vendre a perte,L'envoyer chez un concurrent sans rien proposer,A,200,25,Une gamme d'entree retient le client.,"mixte,entrepreneuriat,mise-en-situation"
mix-0072,Challenge Mixte,mixte,challenge,"Un produit est achete 1 500 FCFA et vendu 2 000 FCFA. Quel est le taux de marge, calcule sur le prix de vente ?",25 %,35 %,75 %,33.3 %,A,300,30,Taux de marge = (PV - PA) / PV x 100 = 25 %.,"mixte,entrepreneuriat,calcul,marge"
mix-0073,Challenge Mixte,mixte,facile,"En entrepreneuriat, que designe un mentor ?",L'ensemble des elements qui permettent d'exploiter une clientele,Un entrepreneur experimente qui conseille un porteur de projet,Un compte dedie a l'activite de l'entreprise,La surveillance organisee de ce que font les concurrents,B,100,20,Un mentor : un entrepreneur experimente qui conseille un porteur de projet.,"mixte,entrepreneuriat,glossaire"
mix-0074,Challenge Mixte,mixte,moyen,Un article coute 80 000 FCFA. Le vendeur accorde une remise de 15 %. Quel est le prix a payer ?,68 000 FCFA,80 000 FCFA,79 985 FCFA,12 000 FCFA,A,200,25,Prix remise = 80 000 FCFA x (1 - 15/100) = 68 000 FCFA.,"mixte,entrepreneuriat,calcul,prix"
mix-0075,Challenge Mixte,mixte,facile,Quel terme correspond a cette definition : Le harcelement d'une personne au moyen des outils numeriques ?,une arnaque en ligne,un contrat de maintenance,un site frauduleux,le cyberharcelement,D,100,20,Il s'agit du cyberharcelement.,"mixte,innovation,glossaire"
mix-0076,Challenge Mixte,mixte,moyen,Quel est le nom du domaine internet national du Cameroun ?,.ca,.cm,.cd,.cr,B,200,25,Le domaine de premier niveau camerounais est le .cm.,"mixte,cameroun,divers"
mix-0077,Challenge Mixte,mixte,moyen,Quelle entreprise Rebecca Enonchong a-t-il ou a-t-elle fondee ou dirigee ?,AppsTech,Berkshire Hathaway,Himore Medical,le groupe Dangote,A,200,25,"Rebecca Enonchong : AppsTech - secteur les logiciels d'entreprise, le Cameroun.","mixte,entrepreneuriat,figures"
mix-0078,Challenge Mixte,mixte,moyen,Comment appelle-t-on ceci : Un contrat qui couvre les risques lies a l'activite ?,une assurance professionnelle,un partenaire cle,un risque,la propriete intellectuelle,A,200,25,Il s'agit d'une assurance professionnelle.,"mixte,entrepreneuriat,glossaire"
mix-0079,Challenge Mixte,mixte,facile,Quel usage du code QR se developpe fortement dans le commerce africain ?,Le stockage d'eau,Le paiement et l'acces rapide a une information produit,Le remplacement des routes,La production d'electricite,B,100,20,Le QR code sert au paiement et a l'information.,"mixte,innovation,afrique"
mix-0080,Challenge Mixte,mixte,facile,Une commercante achete un article a 900 FCFA et le revend a 1 500 FCFA. Quelle est sa marge sur une unite vendue ?,2 400 FCFA,600 FCFA,900 FCFA,300 FCFA,B,100,20,Marge = prix de vente - prix d'achat = 1 500 FCFA - 900 FCFA = 600 FCFA.,"mixte,entrepreneuriat,calcul,marge"
mix-0081,Challenge Mixte,mixte,facile,"Dans le monde numerique, que designe un commentaire ?",L'image d'une personne ou d'une entreprise telle qu'elle apparait sur internet,Le fait de confier a une machine une tache repetitive realisee auparavant a la main,Une reaction ecrite laissee sous une publication,Un paiement recurrent qui donne acces a un service,C,100,20,Un commentaire : une reaction ecrite laissee sous une publication.,"mixte,innovation,glossaire"
mix-0082,Challenge Mixte,mixte,moyen,Comment appelle-t-on ceci : La representation de l'organisation et des liens hierarchiques ?,un influenceur,la valorisation,un GIE,un organigramme,D,200,25,Il s'agit d'un organigramme.,"mixte,entrepreneuriat,glossaire"
mix-0083,Challenge Mixte,mixte,challenge,"En entrepreneuriat, que designe le taux de marge ?",Le changement de direction strategique apres avoir teste le marche,L'espace physique ou l'entreprise recoit ses clients,"Le rapport entre la marge et le prix de vente, exprime en pourcentage",Un document qui annule ou reduit une facture deja emise,C,300,30,"Le taux de marge : le rapport entre la marge et le prix de vente, exprime en pourcentage.","mixte,entrepreneuriat,glossaire"
mix-0084,Challenge Mixte,mixte,moyen,Quel est le principal benefice de cette demarche : identifier les clients qui n'ont pas commande depuis trois mois ?,Suivre le stock en temps reel,Fiabiliser les chiffres transmis aux clients,Relancer les clients endormis au bon moment,Suivre chaque vente et fiabiliser les comptes,C,200,25,Le gain principal : relancer les clients endormis au bon moment.,"mixte,innovation,usages"
mix-0085,Challenge Mixte,mixte,facile,Pourquoi faut-il rediger une consigne claire quand on utilise une IA generative ?,Parce que l'IA refuse les phrases courtes,Parce que la loi impose un format,Parce que la qualite de la reponse depend directement de la precision de la demande,Parce que l'IA ne lit que les majuscules,C,100,20,Un prompt precis donne un resultat exploitable.,"mixte,innovation,comprehension"
mix-0086,Challenge Mixte,mixte,challenge,Vous constatez que vos couts fixes sont tres eleves et vos ventes irregulieres. Quelle piste explorer ?,Ignorer la structure de couts,Supprimer toute activite commerciale,Augmenter encore les couts fixes,Transformer une partie des couts fixes en couts variables,D,300,30,Des couts variables amortissent mieux les variations d'activite.,"mixte,entrepreneuriat,mise-en-situation"
mix-0087,Challenge Mixte,mixte,moyen,Pourquoi de nombreuses innovations echouent-elles malgre une bonne technologie ?,Parce qu'elles ne repondent pas a un besoin reel ou ne sont pas adoptees,Parce que la technologie est toujours mauvaise,Parce que les clients sont trop nombreux,Parce que le prix est toujours trop bas,A,200,25,L'adoption par les utilisateurs decide du succes.,"mixte,innovation,comprehension"
mix-0088,Challenge Mixte,mixte,challenge,Dans quel domaine Rene Philombe s'est-il ou s'est-elle illustre(e) ?,La technologie,Les affaires et l'entrepreneuriat,Le football,La litterature,D,300,30,Rene Philombe est connu(e) pour avoir ecrit le poeme L'homme qui te ressemble.,"mixte,cameroun,personnalites"
mix-0089,Challenge Mixte,mixte,moyen,Dans quel domaine Rigobert Song s'est-il ou s'est-elle illustre(e) ?,La musique,La lutte contre la colonisation,La mode,Le football,D,200,25,Rigobert Song est connu(e) pour avoir ete capitaine des Lions Indomptables puis leur selectionneur.,"mixte,cameroun,personnalites"
mix-0090,Challenge Mixte,mixte,challenge,Une entreprise realise 620 000 FCFA de chiffre d'affaires et 93 000 FCFA de benefice. Quelle est sa rentabilite nette ?,30 %,17.6 %,15 %,7.5 %,C,300,30,Rentabilite = benefice / CA x 100 = 15 %.,"mixte,entrepreneuriat,calcul,rentabilite"
mix-0091,Challenge Mixte,mixte,moyen,"Dans le langage populaire camerounais, que designe un clando ?",Un point de vente de credit telephonique dans la rue,Payer ou glisser discretement de l'argent,"Un revendeur, souvent une commercante de vivres",Un taxi ou vehicule de transport non officiel,D,200,25,Un clando : un taxi ou vehicule de transport non officiel.,"mixte,cameroun,culture,expressions"
mix-0092,Challenge Mixte,mixte,challenge,"Dans le langage populaire camerounais, que designe faire le wandah ?",La prison,"S'etonner, etre surpris",Un taxi ou vehicule de transport non officiel,Payer ou glisser discretement de l'argent,B,300,30,"Faire le wandah : s'etonner, etre surpris.","mixte,cameroun,culture,expressions"
mix-0093,Challenge Mixte,mixte,challenge,Pour quelle contribution Jack Kilby est-il ou est-elle connu(e) ?,la telegraphie sans fil,la premiere automobile a moteur a essence,le circuit integre,"ELIZA, l'un des premiers agents conversationnels",C,300,30,Jack Kilby est associe(e) a le circuit integre.,"mixte,innovation,histoire"
mix-0094,Challenge Mixte,mixte,moyen,A quoi sert le Cardiopad invente par Arthur Zang ?,A traduire les langues locales,A realiser des examens cardiaques a distance,A recharger les telephones,A purifier l'eau,B,200,25,Le Cardiopad permet des electrocardiogrammes en zone rurale.,"mixte,cameroun,personnalites,sport,culture"
mix-0095,Challenge Mixte,mixte,challenge,Comment appelle-t-on ceci : La capacite d'une activite a grandir sans que les couts augmentent proportionnellement ?,la scalabilite,l'amortissement,une campagne publicitaire,la transmission,A,300,30,Il s'agit de la scalabilite.,"mixte,entrepreneuriat,glossaire"
mix-0096,Challenge Mixte,mixte,facile,Une entreprise realise 150 000 FCFA de chiffre d'affaires et supporte 95 000 FCFA de charges. Quel est son benefice ?,95 000 FCFA,245 000 FCFA,27 500 FCFA,55 000 FCFA,D,100,20,Benefice = CA - charges = 150 000 FCFA - 95 000 FCFA = 55 000 FCFA.,"mixte,entrepreneuriat,calcul,resultat"
mix-0097,Challenge Mixte,mixte,moyen,"En entrepreneuriat, que designe un objectif SMART ?",L'espace physique ou l'entreprise recoit ses clients,"La demarche qui consiste a analyser les clients, la concurrence et l'environnement","Un objectif specifique, mesurable, atteignable, realiste et temporel",L'estimation chiffree des recettes et depenses a venir,C,200,25,"Un objectif SMART : un objectif specifique, mesurable, atteignable, realiste et temporel.","mixte,entrepreneuriat,glossaire"
mix-0098,Challenge Mixte,mixte,facile,Que designe la marque camerounaise Supermont ?,Une eau minerale,Un service de mobile money,Une biere,Un service de telecommunication,A,100,20,Supermont : elle est embouteillee au Cameroun.,"mixte,cameroun,marques"
mix-0099,Challenge Mixte,mixte,facile,Comment appelle-t-on ceci : Une entreprise qui propose une offre similaire aux memes clients ?,un concurrent,un devis,un partenariat,un GIE,A,100,20,Il s'agit d'un concurrent.,"mixte,entrepreneuriat,glossaire"
mix-0100,Challenge Mixte,mixte,challenge,Quel est le principal benefice de cette demarche : detecter une transaction bancaire anormale ?,Communiquer a grande echelle a faible cout,Limiter les pertes financieres,Decider a partir de chiffres reels,Gagner du temps et limiter les erreurs,B,300,30,Le gain principal : limiter les pertes financieres.,"mixte,innovation,usages"
mix-0101,Challenge Mixte,mixte,moyen,"Comment appelle-t-on ceci : La periode, generalement de douze mois, couverte par les comptes annuels ?",le prix de revient,une licence,un actionnaire,un exercice comptable,D,200,25,Il s'agit d'un exercice comptable.,"mixte,entrepreneuriat,glossaire"
mix-0102,Challenge Mixte,mixte,moyen,Quelle est la principale ressource miniere exportee par le Cameroun ?,Le diamant uniquement,Le petrole brut,L'or uniquement,Le charbon,B,200,25,Le petrole reste la premiere ressource d'exportation en valeur.,"mixte,cameroun,economie"
mix-0103,Challenge Mixte,mixte,challenge,"Dans le monde numerique, que designe un pixel de suivi ?",Une monnaie numerique fonctionnant sans banque centrale,Un procede qui authentifie un signataire sur un document numerique,Un programme qui dialogue automatiquement avec les utilisateurs,Un petit element qui mesure le comportement des visiteurs d'un site,D,300,30,Un pixel de suivi : un petit element qui mesure le comportement des visiteurs d'un site.,"mixte,innovation,glossaire"
mix-0104,Challenge Mixte,mixte,challenge,Quelle entreprise camerounaise correspond a cette description : un grand groupe de distribution camerounais ?,la CNPS,Fokou,CAMRAIL,la SEMC,B,300,30,Il s'agit de Fokou.,"mixte,cameroun,economie,entreprises"
mix-0105,Challenge Mixte,mixte,moyen,Quel terme correspond a cette definition : Une tentative de vol d'informations en se faisant passer pour un organisme de confiance ?,le phishing,le wifi,un logiciel de caisse,la numerisation,A,200,25,Il s'agit du phishing.,"mixte,innovation,glossaire"
mix-0106,Challenge Mixte,mixte,facile,Comment appelle-t-on ceci : Le cout du credit exprime en pourcentage du montant emprunte ?,un taux d'interet,un plan B,un incoterm,un expert-comptable,A,100,20,Il s'agit d'un taux d'interet.,"mixte,entrepreneuriat,glossaire"
mix-0107,Challenge Mixte,mixte,moyen,Comment appelle-t-on ceci : Un outil de suivi qui reunit les indicateurs essentiels ?,un tableau de bord,un concurrent,l'export,l'internationalisation,A,200,25,Il s'agit d'un tableau de bord.,"mixte,entrepreneuriat,glossaire"
mix-0108,Challenge Mixte,mixte,facile,Vous avez une idee de service mais aucun budget. Quelle premiere etape est la plus raisonnable ?,Louer un immeuble entier,Tester l'idee a petite echelle avec les moyens disponibles,Emprunter 10 millions de FCFA immediatement,Recruter dix salaries,B,100,20,Le test a petite echelle limite le risque financier.,"mixte,entrepreneuriat,mise-en-situation"
mix-0109,Challenge Mixte,mixte,facile,"Dans le monde numerique, que designe la reconnaissance vocale ?",Un ordinateur qui fournit des services ou des donnees a d'autres appareils,L'ensemble des personnes touchees par un contenu numerique,Un programme installe sur un telephone pour rendre un service,La transformation automatique de la parole en texte,D,100,20,La reconnaissance vocale : la transformation automatique de la parole en texte.,"mixte,innovation,glossaire"
mix-0110,Challenge Mixte,mixte,facile,Quel avantage le mobile money apporte-t-il a un commercant de quartier ?,Eviter de servir les clients,Encaisser sans especes et garder une trace de ses ventes,Garantir un benefice,Supprimer ses fournisseurs,B,100,20,Il securise et trace les encaissements.,"mixte,innovation,afrique"
mix-0111,Challenge Mixte,mixte,moyen,A quoi sert principalement un outil d'analyse d'audience ?,Envoyer et recevoir des courriers numeriques,Detecter et neutraliser les logiciels malveillants,Mesurer la frequentation d'un site web,Editer et suivre les factures clients,C,200,25,Un outil d'analyse d'audience sert a : mesurer la frequentation d'un site web.,"mixte,innovation,outils"
mix-0112,Challenge Mixte,mixte,moyen,Quel terme correspond a cette definition : L'accord libre et informe donne avant l'utilisation de ses donnees ?,une sauvegarde,un partage,le consentement,un profil en ligne,C,200,25,Il s'agit du consentement.,"mixte,innovation,glossaire"
mix-0113,Challenge Mixte,mixte,moyen,Le departement du Lekie appartient a quelle region ?,Centre,Nord-Ouest,Adamaoua,Sud-Ouest,A,200,25,Le Lekie se situe dans la region : Centre.,"mixte,cameroun,geographie,departements"
mix-0114,Challenge Mixte,mixte,challenge,Qu'appelle-t-on le saut technologique en Afrique ?,L'obligation d'utiliser d'anciennes machines,Le refus des technologies,L'interdiction d'importer,Le fait d'adopter directement une technologie recente sans passer par les etapes intermediaires,D,300,30,Exemple : passer du cash au mobile money sans generaliser le cheque.,"mixte,innovation,comprehension"
mix-0115,Challenge Mixte,mixte,facile,Comment appelle-t-on ceci : Un element favorable de l'environnement que l'entreprise peut saisir ?,une opportunite,une marque,l'inbound marketing,un prototype,A,100,20,Il s'agit d'une opportunite.,"mixte,entrepreneuriat,glossaire"
mix-0116,Challenge Mixte,mixte,facile,Quelle entreprise camerounaise correspond a cette description : la compagnie aerienne nationale ?,Camair-Co,Chococam,ENEO,MTN Cameroon,A,100,20,Il s'agit de Camair-Co.,"mixte,cameroun,economie,entreprises"
mix-0117,Challenge Mixte,mixte,challenge,"En entrepreneuriat, que designe un associe dormant ?",Ce que l'entreprise possede,L'operation par laquelle une entreprise obtient des capitaux d'investisseurs,Une strategie de prix bas visant a conquerir vite une large clientele,Un associe qui apporte des fonds sans participer a la gestion,D,300,30,Un associe dormant : un associe qui apporte des fonds sans participer a la gestion.,"mixte,entrepreneuriat,glossaire"
mix-0118,Challenge Mixte,mixte,moyen,Que faut-il verifier avant de baisser ses prix pour repondre a un concurrent ?,Que le concurrent est d'accord,Que les clients ne s'en apercoivent pas,Que le local est assez grand,Que la marge restante permet toujours de couvrir les charges,D,200,25,"Une baisse de prix se calcule, elle ne s'improvise pas.","mixte,entrepreneuriat,marketing"
mix-0119,Challenge Mixte,mixte,challenge,Le chiffre d'affaires est passe de 250 000 FCFA a 300 000 FCFA en un an. Quel est le taux de croissance ?,16.7 %,40 %,20 %,10 %,C,300,30,Croissance = (nouveau - ancien) / ancien x 100 = 20 %.,"mixte,entrepreneuriat,calcul,indicateurs"
mix-0120,Challenge Mixte,mixte,facile,Quel terme correspond a cette definition : Un outil qui detecte et corrige les fautes dans un texte ?,un mode hors ligne,un correcteur automatique,une version beta,un logiciel libre,B,100,20,Il s'agit d'un correcteur automatique.,"mixte,innovation,glossaire"
mix-0121,Challenge Mixte,mixte,moyen,Dans quel domaine Richard Bona s'est-il ou s'est-elle illustre(e) ?,La musique,La litterature,La lutte contre la colonisation,Les affaires et l'entrepreneuriat,A,200,25,Richard Bona est connu(e) pour etre un bassiste et chanteur de jazz reconnu mondialement.,"mixte,cameroun,personnalites"
mix-0122,Challenge Mixte,mixte,facile,La ville de Yaounde est le chef-lieu de quelle region du Cameroun ?,Nord-Ouest,Centre,Sud-Ouest,Est,B,100,20,Yaounde est le chef-lieu de la region : Centre.,"mixte,cameroun,geographie,regions"
mix-0123,Challenge Mixte,mixte,challenge,Combien d'Etats membres compte la CEMAC ?,Six,Quinze,Quatre,Huit,A,300,30,"Cameroun, Congo, Gabon, Guinee equatoriale, RCA et Tchad.","mixte,cameroun,institutions,symboles"
mix-0124,Challenge Mixte,mixte,moyen,Comment appelle-t-on ceci : Le sous-ensemble de personnes interrogees pour representer une population ?,un logo,une facture,un echantillon,un persona,C,200,25,Il s'agit d'un echantillon.,"mixte,entrepreneuriat,glossaire"
mix-0125,Challenge Mixte,mixte,moyen,Une petite entreprise veut accepter des paiements depuis l'etranger. Quelle solution numerique est la plus adaptee ?,Une newsletter ou une liste de diffusion,Un systeme de detection automatique de fraude,Une solution de paiement en ligne,Un code QR imprime sur l'etiquette,C,200,25,"Pour accepter des paiements depuis l'etranger, une solution de paiement en ligne est la reponse la plus directe.","mixte,innovation,usages"
mix-0126,Challenge Mixte,mixte,moyen,Un vendeur achete des articles a 250 FCFA l'unite et les revend a 400 FCFA. Il en vend 300 dans le mois. Quelle est sa marge totale ?,195 000 FCFA,75 000 FCFA,150 FCFA,45 000 FCFA,D,200,25,Marge totale = (400 FCFA - 250 FCFA) x 300 = 45 000 FCFA.,"mixte,entrepreneuriat,calcul,marge"
mix-0127,Challenge Mixte,mixte,facile,Comment appelle-t-on ceci : L'espace physique ou l'entreprise recoit ses clients ?,la gestion du temps,un entrepreneur,un local commercial,un MVP,C,100,20,Il s'agit d'un local commercial.,"mixte,entrepreneuriat,glossaire"
mix-0128,Challenge Mixte,mixte,facile,Quel outil numerique permet de : Enregistrer les ventes et editer les tickets ?,un logiciel de presentation,un logiciel de caisse,un logiciel de comptabilite,un antivirus,B,100,20,Il s'agit d'un logiciel de caisse.,"mixte,innovation,outils"
mix-0129,Challenge Mixte,mixte,moyen,Combien de departements compte la region : Sud ?,8,2,7,4,D,200,25,La region : Sud compte 4 departements.,"mixte,cameroun,geographie,regions"
mix-0130,Challenge Mixte,mixte,facile,Quelle precaution prendre avec une reponse fournie par une IA ?,Les considerer comme des faits certains,Les publier telles quelles,Verifier les informations importantes avant des utiliser,Les transmettre sans lecture,C,100,20,La verification humaine reste indispensable.,"mixte,innovation,comprehension"
mix-0131,Challenge Mixte,mixte,facile,Quel est le principal benefice de cette demarche : connaitre l'avis des clients apres un achat ?,Produire rapidement un brouillon a corriger ensuite,Echanger sans frais de deplacement,Corriger les points de blocage du tunnel de vente,Ameliorer l'offre grace aux retours,D,100,20,Le gain principal : ameliorer l'offre grace aux retours.,"mixte,innovation,usages"
mix-0132,Challenge Mixte,mixte,moyen,Quel service correspond a cette activite : Le transfert d'argent mobile a bas cout ?,Wave,Yoco,M-Pesa,Yassir,A,200,25,Wave correspond a cette activite.,"mixte,innovation,afrique"
mix-0133,Challenge Mixte,mixte,moyen,Un client vous demande un delai de paiement de 90 jours alors que vous payez vos fournisseurs comptant. Quel est le risque ?,Une amelioration immediate de votre image,Un manque de tresorerie pour financer votre activite,Une reduction de vos impots,Une hausse automatique de vos benefices,B,200,25,Le decalage entre encaissements et decaissements cree un besoin de financement.,"mixte,entrepreneuriat,mise-en-situation"
mix-0134,Challenge Mixte,mixte,facile,Comment appelle-t-on ceci : Une personne qui detient des parts dans une societe ?,un cout variable,un associe,un commissaire aux comptes,un plan de croissance,B,100,20,Il s'agit d'un associe.,"mixte,entrepreneuriat,glossaire"
mix-0135,Challenge Mixte,mixte,moyen,"Dans le monde numerique, que designe l'usurpation d'identite ?",Le fait de se faire passer pour quelqu'un d'autre,La surveillance organisee des evolutions techniques d'un secteur,Une technologie qui permet a une machine d'accomplir des taches demandant habituellement de l'intelligence humaine,Un modele ou des particuliers partagent biens et services via des plateformes,A,200,25,L'usurpation d'identite : le fait de se faire passer pour quelqu'un d'autre.,"mixte,innovation,glossaire"
mix-0136,Challenge Mixte,mixte,facile,Quelle est la mission principale d'un graphiste numerique ?,Creer les visuels et l'identite graphique,Assembler et retoucher des sequences video,Exploiter les donnees pour aider a decider,Definir les priorites d'un produit numerique au nom des utilisateurs,A,100,20,Un graphiste numerique : creer les visuels et l'identite graphique.,"mixte,innovation,metiers"
mix-0137,Challenge Mixte,mixte,moyen,Quel terme correspond a cette definition : Le document expliquant comment un service traite les donnees personnelles ?,un mot de passe,une politique de confidentialite,la e-reputation,le deepfake,B,200,25,Il s'agit d'une politique de confidentialite.,"mixte,innovation,glossaire"
mix-0138,Challenge Mixte,mixte,moyen,Que designe la marque camerounaise Beaufort ?,Un service de telecommunication,Une biere,Un chocolat a tartiner,Un service de mobile money,B,200,25,Beaufort : elle appartient au portefeuille des Brasseries du Cameroun.,"mixte,cameroun,marques"
mix-0139,Challenge Mixte,mixte,moyen,Quelle personnalite camerounaise est connue pour etre un gardien international passe par l'Ajax et l'Inter Milan ?,Ruben Um Nyobe,Bernard Nanga,Andre Onana,Tala Andre Marie,C,200,25,Il s'agit de Andre Onana.,"mixte,cameroun,personnalites"
mix-0140,Challenge Mixte,mixte,challenge,Pour quelle contribution Yann LeCun est-il ou est-elle connu(e) ?,la telegraphie sans fil,les avancees majeures de l'apprentissage profond,les reseaux de neurones convolutifs pour l'image,les protocoles de communication d'internet,C,300,30,Yann LeCun est associe(e) a les reseaux de neurones convolutifs pour l'image.,"mixte,innovation,histoire"
mix-0141,Challenge Mixte,mixte,moyen,"En entrepreneuriat, que designe la formalisation ?",Une aide financiere qui n'a pas a etre remboursee,Le portrait type d'un client ideal utilise pour orienter l'offre,Le passage d'une activite informelle a une activite enregistree,La vitesse a laquelle le stock se renouvelle par les ventes,C,200,25,La formalisation : le passage d'une activite informelle a une activite enregistree.,"mixte,entrepreneuriat,glossaire"
mix-0142,Challenge Mixte,mixte,challenge,Dans quel secteur d'activite African Leadership University s'est-elle developpee ?,Les reseaux sociaux,L'education,L'hebergement entre particuliers,Le mobilier,B,300,30,African Leadership University intervient dans : l'education.,"mixte,entrepreneuriat,figures"
mix-0143,Challenge Mixte,mixte,facile,"En entrepreneuriat, que designe un influenceur ?",Un contrat qui couvre les risques lies a l'activite,Un developpement qui repond aux besoins presents sans compromettre l'avenir,"Le passage de l'entreprise a un successeur, souvent familial",Une personne dont l'audience peut recommander une offre,D,100,20,Un influenceur : une personne dont l'audience peut recommander une offre.,"mixte,entrepreneuriat,glossaire"
mix-0144,Challenge Mixte,mixte,moyen,"Dans le monde numerique, que designe une imprimante 3D ?","Un aeronef sans pilote a bord, pilote a distance ou automatiquement",Une machine qui fabrique un objet en deposant de la matiere couche par couche,Un commentaire public laisse par un acheteur sur un produit ou un service,Un logiciel qui organise des donnees en lignes et colonnes et effectue des calculs,B,200,25,Une imprimante 3D : une machine qui fabrique un objet en deposant de la matiere couche par couche.,"mixte,innovation,glossaire"
mix-0145,Challenge Mixte,mixte,moyen,Qui est a l'origine de cette avancee : la penicilline ?,Arthur Zang,Louis Pasteur,Alexander Fleming,Les freres Wright,C,200,25,Il s'agit de Alexander Fleming.,"mixte,innovation,histoire"
mix-0146,Challenge Mixte,mixte,moyen,Quel terme correspond a cette definition : Une reponse inventee par l'IA mais presentee comme vraie ?,une hallucination d'IA,l'anonymisation,la telemedecine,un systeme d'exploitation,A,200,25,Il s'agit d'une hallucination d'IA.,"mixte,innovation,glossaire"
mix-0147,Challenge Mixte,mixte,challenge,Quelle personnalite camerounaise est connue pour avoir cofonde Gifted Mom pour la sante maternelle ?,Ruben Um Nyobe,Francoise Ellong,Solomon Tandeng Muna,Alain Nteff,D,300,30,Il s'agit de Alain Nteff.,"mixte,cameroun,personnalites"
mix-0148,Challenge Mixte,mixte,moyen,Dans quelle region du Cameroun se trouve la ville de Ngaoundere ?,Ouest,Nord-Ouest,Adamaoua,Sud,C,200,25,Ngaoundere est situee dans la region : Adamaoua.,"mixte,cameroun,geographie,villes"
mix-0149,Challenge Mixte,mixte,facile,Quel terme correspond a cette definition : Un programme malveillant qui se propage et endommage un systeme ?,le no-code,un virus informatique,l'annotation de donnees,un ticket d'assistance,B,100,20,Il s'agit d'un virus informatique.,"mixte,innovation,glossaire"
mix-0150,Challenge Mixte,mixte,challenge,Quel terme correspond a cette definition : Un petit element qui mesure le comportement des visiteurs d'un site ?,un pixel de suivi,la sobriete numerique,l'informatique en periphérie,la double authentification,A,300,30,Il s'agit d'un pixel de suivi.,"mixte,innovation,glossaire"
mix-0151,Challenge Mixte,mixte,moyen,Dans quel domaine Les freres Wright a-t-il ou a-t-elle laisse sa marque ?,L'imprimerie,L'informatique,Les transports,Internet,C,200,25,Les freres Wright a marque ce domaine : Les transports.,"mixte,innovation,histoire"
mix-0152,Challenge Mixte,mixte,facile,Que faut-il faire dans cette situation : vous utilisez le meme mot de passe pour tous vos comptes ?,Creer un mot de passe different pour chaque service,Refuser de communiquer le code et raccrocher,Ne pas l'ouvrir et verifier l'expediteur,Desactiver immediatement ses comptes et acces,A,100,20,Bonne pratique : creer un mot de passe different pour chaque service.,"mixte,innovation,cybersecurite"
mix-0153,Challenge Mixte,mixte,facile,A quel besoin repond principalement cette solution : Une IA generative de texte ?,Identifier les clients qui n'ont pas commande depuis trois mois,Verifier la disponibilite d'un produit avant de se deplacer,Rediger une premiere version d'annonce publicitaire,Savoir quels produits se vendent le mieux chaque semaine,C,100,20,Une IA generative de texte sert notamment a rediger une premiere version d'annonce publicitaire.,"mixte,innovation,usages"
mix-0154,Challenge Mixte,mixte,moyen,"En entrepreneuriat, que designe un entrepreneur social ?",Une personne qui cree une activite pour resoudre un probleme social,Une somme avancee par une banque et remboursee avec interets,Une epargne collective ou chaque membre recoit la cagnotte a tour de role,L'accompagnement du client apres l'achat,A,200,25,Un entrepreneur social : une personne qui cree une activite pour resoudre un probleme social.,"mixte,entrepreneuriat,glossaire"
mix-0155,Challenge Mixte,mixte,facile,"Dans le monde numerique, que designe le e-commerce ?",Un fichier consultable et modifiable a plusieurs en ligne,Un outil qui enregistre les ventes et edite les tickets,La vente de produits ou services sur internet,La prise de decisions fondee sur des chiffres mesures plutot que sur l'intuition,C,100,20,Le e-commerce : la vente de produits ou services sur internet.,"mixte,innovation,glossaire"
mix-0156,Challenge Mixte,mixte,facile,"Dans le monde numerique, que designe une tablette ?",Une observation de personnes reelles utilisant le produit,Un appareil externe relie a un ordinateur,La mise en oeuvre concrete d'une idee nouvelle qui apporte de la valeur,Un appareil tactile intermediaire entre le telephone et l'ordinateur,D,100,20,Une tablette : un appareil tactile intermediaire entre le telephone et l'ordinateur.,"mixte,innovation,glossaire"
mix-0157,Challenge Mixte,mixte,facile,Comment appelle-t-on ceci : L'expression d'un mecontentement par un client ?,la veille concurrentielle,une reclamation,la diversification,le taux de conversion,B,100,20,Il s'agit d'une reclamation.,"mixte,entrepreneuriat,glossaire"
mix-0158,Challenge Mixte,mixte,challenge,Quel service correspond a cette activite : Les services de sante numeriques ?,Twiga Foods,Yassir,Zipline,Healthlane,D,300,30,Healthlane correspond a cette activite.,"mixte,innovation,afrique"
mix-0159,Challenge Mixte,mixte,moyen,"Dans le monde numerique, que designe la personnalisation ?",Un petit fichier depose par un site pour retenir des informations sur la visite,La qualite du ressenti d'une personne lorsqu'elle utilise un service,Un message envoye par une application sur l'ecran du telephone,L'adaptation d'un service aux preferences de chaque utilisateur,D,200,25,La personnalisation : l'adaptation d'un service aux preferences de chaque utilisateur.,"mixte,innovation,glossaire"
mix-0160,Challenge Mixte,mixte,challenge,Pour quelle contribution Martin Cooper est-il ou est-elle connu(e) ?,le premier appel depuis un telephone mobile,la premiere tablette concue en Afrique centrale,l'imprimerie a caracteres mobiles en Europe,le World Wide Web,A,300,30,Martin Cooper est associe(e) a le premier appel depuis un telephone mobile.,"mixte,innovation,histoire"
mix-0161,Challenge Mixte,mixte,challenge,Quelle personnalite camerounaise est connue pour etre un documentariste camerounais reconnu ?,Longue Longue,Jean-Marie Teno,Hortense Bewouda,Ferdinand Oyono,B,300,30,Il s'agit de Jean-Marie Teno.,"mixte,cameroun,personnalites"
mix-0162,Challenge Mixte,mixte,facile,"Dans le monde numerique, que designe une donnee ?",Une information enregistree qui peut etre traitee par un ordinateur,La demande enregistree d'un utilisateur aupres du support,"Une intelligence artificielle capable de produire du texte, des images ou du son",Un message non sollicite envoye en masse,A,100,20,Une donnee : une information enregistree qui peut etre traitee par un ordinateur.,"mixte,innovation,glossaire"
mix-0163,Challenge Mixte,mixte,facile,Un commercant veut utiliser l'IA pour repondre a ses clients la nuit. Quelle solution simple ?,Recruter cinq employes de nuit immediatement,Fermer le service client,Supprimer les questions des clients,Mettre en place un agent conversationnel repondant aux questions frequentes,D,100,20,Le chatbot couvre les questions repetitives 24 h/24.,"mixte,innovation,mise-en-situation"
mix-0164,Challenge Mixte,mixte,facile,Pour quelle contribution Alexander Graham Bell est-il ou est-elle connu(e) ?,le telephone,la telegraphie sans fil,la penicilline,les premiers ordinateurs Apple,A,100,20,Alexander Graham Bell est associe(e) a le telephone.,"mixte,innovation,histoire"
mix-0165,Challenge Mixte,mixte,facile,Quel climat caracterise l'Extreme-Nord du Cameroun ?,Un climat oceanique,Un climat de montagne froid,"Un climat sahelien, chaud et sec",Un climat equatorial humide,C,100,20,La saison seche y est longue et marquee.,"mixte,cameroun,geographie"
mix-0166,Challenge Mixte,mixte,facile,Comment appelle-t-on ceci : L'enregistrement organise des operations financieres de l'entreprise ?,la comptabilite,un plan de croissance,la ZLECAf,un appel a projets,A,100,20,Il s'agit de la comptabilite.,"mixte,entrepreneuriat,glossaire"
mix-0167,Challenge Mixte,mixte,moyen,Le departement du Mefou-et-Afamba appartient a quelle region ?,Ouest,Centre,Adamaoua,Nord-Ouest,B,200,25,Le Mefou-et-Afamba se situe dans la region : Centre.,"mixte,cameroun,geographie,departements"
mix-0168,Challenge Mixte,mixte,facile,"Dans le monde numerique, que designe le teletravail ?",Le fait de travailler a distance grace aux outils numeriques,L'usage de donnees et de capteurs pour optimiser les cultures,Une approche qui limite les effets negatifs sociaux et ecologiques du numerique,Le delai entre la demande d'un utilisateur et la reponse recue,A,100,20,Le teletravail : le fait de travailler a distance grace aux outils numeriques.,"mixte,innovation,glossaire"
mix-0169,Challenge Mixte,mixte,moyen,Quel est l'ingredient principal utilise pour preparer le taro sauce jaune ?,les feuilles de ndole et l'arachide,le manioc fermente,la viande de boeuf grillee et epicee en brochettes,le taro et l'huile de palme aux epices,D,200,25,Le taro sauce jaune se prepare avec le taro et l'huile de palme aux epices.,"mixte,cameroun,gastronomie"
mix-0170,Challenge Mixte,mixte,facile,Quelle entreprise Henry Ford a-t-il ou a-t-elle fondee ou dirigee ?,Celtel,Alibaba,Ford,OpenAI,C,100,20,"Henry Ford : Ford - secteur l'automobile, les Etats-Unis.","mixte,entrepreneuriat,figures"
mix-0171,Challenge Mixte,mixte,moyen,De quelle ville camerounaise le club de football Bamboutos FC est-il originaire ?,Mbouda,Ngoumou,Dschang,Yaounde,A,200,25,"Bamboutos FC est base a Mbouda, dans la region : L'Ouest.","mixte,cameroun,sport"
mix-0172,Challenge Mixte,mixte,moyen,Le departement du Vallee-du-Ntem appartient a quelle region ?,Littoral,Nord,Centre,Sud,D,200,25,Le Vallee-du-Ntem se situe dans la region : Sud.,"mixte,cameroun,geographie,departements"
mix-0173,Challenge Mixte,mixte,challenge,"Quelle personnalite camerounaise est connue pour etre ecrivaine, dramaturge et fondatrice du village Ki-Yi ?",Francoise Ellong,Richard Bona,Achille Emana,Werewere Liking,D,300,30,Il s'agit de Werewere Liking.,"mixte,cameroun,personnalites"
mix-0174,Challenge Mixte,mixte,moyen,Comment appelle-t-on ceci : Les ressources apportees par les associes a la creation de la societe ?,un budget previsionnel,un incoterm,la dilution,le capital social,D,200,25,Il s'agit du capital social.,"mixte,entrepreneuriat,glossaire"
mix-0175,Challenge Mixte,mixte,moyen,Dans quel domaine Alexandre Song s'est-il ou s'est-elle illustre(e) ?,Le football,La musique,Le cinema,La litterature,A,200,25,Alexandre Song est connu(e) pour avoir joue a Arsenal et au FC Barcelone.,"mixte,cameroun,personnalites"
mix-0176,Challenge Mixte,mixte,facile,Quel terme correspond a cette definition : Une reaction ecrite laissee sous une publication ?,une piece jointe,un systeme de recommandation,un devis en ligne,un commentaire,D,100,20,Il s'agit d'un commentaire.,"mixte,innovation,glossaire"
mix-0177,Challenge Mixte,mixte,challenge,Une activite supporte 150 000 FCFA de charges fixes par mois. Chaque produit se vend 1 500 FCFA et coute 900 FCFA a produire. Combien faut-il en vendre pour atteindre le seuil de rentabilite ?,100 unites,500 unites,125 unites,250 unites,D,300,30,Seuil = charges fixes / marge sur cout variable = 150 000 FCFA / 600 FCFA = 250 unites.,"mixte,entrepreneuriat,calcul,seuil-rentabilite"
mix-0178,Challenge Mixte,mixte,facile,"En entrepreneuriat, que designe la resilience ?",La capacite a rebondir apres une difficulte,"Une societe a responsabilite limitee, tres utilisee par les PME",L'organisation des priorites pour utiliser efficacement ses journees,"La combinaison produit, prix, distribution et communication",A,100,20,La resilience : la capacite a rebondir apres une difficulte.,"mixte,entrepreneuriat,glossaire"
mix-0179,Challenge Mixte,mixte,moyen,Quelle affirmation est exacte a propos de la pomme de terre au Cameroun ?,"En resume, la SEMRY exploite les perimetres de Yagoua et Maga","En resume, les plantations de Djuttitsa et Ndu sont connues","En resume, il est encadre par la SODECOTON","En resume, les hautes terres offrent un climat favorable",D,200,25,Pour la pomme de terre : les hautes terres offrent un climat favorable.,"mixte,cameroun,economie,agriculture"
mix-0180,Challenge Mixte,mixte,moyen,Dans quelle region du Cameroun se trouve la ville de Guider ?,Est,Centre,Sud,Nord,D,200,25,Guider est situee dans la region : Nord.,"mixte,cameroun,geographie,villes"
mix-0181,Challenge Mixte,mixte,challenge,Quels deux produits camerounais beneficient d'une indication geographique protegee reconnue ?,Le poivre de Penja et le miel blanc d'Oku,Le cacao de Kribi et le the de Buea,Le safou de Bafia et l'ananas de Loum,Le riz de Yagoua et le mais de Ndop,A,300,30,Ces deux produits ont obtenu une IGP reconnue a l'international.,"mixte,cameroun,economie"
mix-0182,Challenge Mixte,mixte,moyen,Quel est l'ingredient principal utilise pour preparer le kondre ?,les feuilles de manioc pilees,la banane plantain et la viande,les feuilles de gnetum,la chevre et la banane plantain,B,200,25,Le kondre se prepare avec la banane plantain et la viande.,"mixte,cameroun,gastronomie"
mix-0183,Challenge Mixte,mixte,moyen,Quelle grande ecole camerounaise forme les ingenieurs a Yaounde ?,L'Ecole Nationale Superieure Polytechnique,L'ENAM,L'IRIC,L'ESSEC,A,200,25,L'ENSP forme les ingenieurs a Yaounde.,"mixte,cameroun,culture"
mix-0184,Challenge Mixte,mixte,facile,Comment appelle-t-on ceci : Un prelevement obligatoire verse a l'Etat ?,un fournisseur agree,un impot,un pret bancaire,la responsabilite illimitee,B,100,20,Il s'agit d'un impot.,"mixte,entrepreneuriat,glossaire"
mix-0185,Challenge Mixte,mixte,moyen,Quel est le role de la vision dans un projet entrepreneurial ?,Choisir les couleurs du logo,Donner une direction claire aux decisions et a l'equipe,Remplacer la comptabilite,Fixer les impots,B,200,25,La vision aligne les efforts.,"mixte,entrepreneuriat,posture"
mix-0186,Challenge Mixte,mixte,challenge,Votre application compte beaucoup d'inscrits mais peu d'utilisateurs actifs. Que revele cet indicateur ?,Que la valeur d'usage reelle du service reste faible,Que le marche est sature,Que le produit est deja rentable,Que la publicite est inutile,A,300,30,L'activite reelle compte plus que le nombre d'inscriptions.,"mixte,entrepreneuriat,mise-en-situation"
mix-0187,Challenge Mixte,mixte,moyen,Dans quelle region du Cameroun se trouve la ville de Bali ?,Est,Sud-Ouest,Nord-Ouest,Centre,C,200,25,Bali est situee dans la region : Nord-Ouest.,"mixte,cameroun,geographie,villes"
mix-0188,Challenge Mixte,mixte,facile,Quel terme correspond a cette definition : Un commentaire public laisse par un acheteur sur un produit ou un service ?,un test de charge,une communaute en ligne,un avis client en ligne,un identifiant,C,100,20,Il s'agit d'un avis client en ligne.,"mixte,innovation,glossaire"
mix-0189,Challenge Mixte,mixte,facile,Quelle situation justifie cette bonne pratique : Activer un code ou un verrouillage biometrique ?,Votre telephone professionnel n'a aucun code de verrouillage,Vous notez vos mots de passe sur un papier colle a l'ecran,Vous recevez un SMS annoncant que vous avez gagne un prix et demandant votre code secret,Un fichier joint inattendu arrive d'un expediteur inconnu,A,100,20,Cette pratique repond au cas suivant : votre telephone professionnel n'a aucun code de verrouillage.,"mixte,innovation,cybersecurite"
mix-0190,Challenge Mixte,mixte,facile,De quelle region du Cameroun le bobolo est-il originaire ou le plus consomme ?,Le Centre,Le Nord-Ouest,Le Sud-Ouest,Le Littoral,A,100,20,Le bobolo est surtout associe a cette region.,"mixte,cameroun,gastronomie"
mix-0191,Challenge Mixte,mixte,moyen,Un restaurant recoit beaucoup d'avis negatifs en ligne. Quelle demarche adopter ?,Supprimer son compte,Acheter de faux avis positifs,Insulter les clients mecontents,"Repondre publiquement, corriger les problemes reels et suivre l'evolution",D,200,25,La e-reputation se travaille par des actions reelles.,"mixte,innovation,mise-en-situation"
mix-0192,Challenge Mixte,mixte,facile,Que designe la marque camerounaise Top ?,Une boisson gazeuse,Un service de mobile money,Un chocolat a tartiner,Une eau minerale,A,100,20,Top : elle est declinee en plusieurs parfums fruites.,"mixte,cameroun,marques"
mix-0193,Challenge Mixte,mixte,moyen,Dans quelle region du Cameroun se trouve la ville de Bamenda ?,Nord-Ouest,Nord,Extreme-Nord,Centre,A,200,25,Bamenda est situee dans la region : Nord-Ouest.,"mixte,cameroun,geographie,villes"
mix-0194,Challenge Mixte,mixte,facile,A quel besoin repond principalement cette solution : Un tableur avec formules automatiques ?,Recommander des produits complementaires a un acheteur en ligne,Trier automatiquement les commandes recues par messagerie,Reduire les erreurs de calcul dans les devis,Reduire le temps d'attente au guichet,C,100,20,Un tableur avec formules automatiques sert notamment a reduire les erreurs de calcul dans les devis.,"mixte,innovation,usages"
mix-0195,Challenge Mixte,mixte,facile,"Dans le monde numerique, que designe un avis client en ligne ?",Un commentaire public laisse par un acheteur sur un produit ou un service,Un ecran qui reagit directement au contact du doigt,Un espace de rangement qui regroupe des fichiers,La phase pendant laquelle un systeme d'IA apprend a partir de donnees,A,100,20,Un avis client en ligne : un commentaire public laisse par un acheteur sur un produit ou un service.,"mixte,innovation,glossaire"
mix-0196,Challenge Mixte,mixte,moyen,Que signifie le sigle ZLECAf dans le monde de l'entreprise ?,"Chambre de Commerce, d'Industrie, des Mines et de l'Artisanat",Progiciel de Gestion Integre,Zone de Libre-Echange Continentale Africaine,Taxe sur la Valeur Ajoutee,C,200,25,ZLECAf : Zone de Libre-Echange Continentale Africaine.,"mixte,entrepreneuriat,sigles"
mix-0197,Challenge Mixte,mixte,moyen,Une boutique realise 330 000 FCFA de ventes aupres de 110 clients dans la semaine. Quel est le panier moyen ?,3 000 FCFA,1 500 FCFA,110 FCFA,330 000 FCFA,A,200,25,Panier moyen = CA / nombre de clients = 330 000 FCFA / 110 = 3 000 FCFA.,"mixte,entrepreneuriat,calcul,indicateurs"
mix-0198,Challenge Mixte,mixte,moyen,Quel est le risque de tout vouloir faire soi-meme dans une entreprise qui grandit ?,Motiver automatiquement l'equipe,Economiser durablement sur tout,Devenir un goulot d'etranglement et freiner la croissance,Ameliorer la qualite de chaque tache,C,200,25,Le fondateur devient le frein principal.,"mixte,entrepreneuriat,gestion"
mix-0199,Challenge Mixte,mixte,facile,Quelle activite pratique-t-on beaucoup dans les villages camerounais ?,La production de neige artificielle,L'exploitation petroliere offshore,La construction navale,L'agriculture,D,100,20,L'agriculture fait vivre la majorite des zones rurales.,"mixte,cameroun,culture-generale"
mix-0200,Challenge Mixte,mixte,facile,Quel est le chef-lieu de la region de l'Ouest ?,Douala,Bafoussam,Bertoua,Ngaoundere,B,100,20,Bafoussam est le chef-lieu de la region de l'Ouest.,"mixte,cameroun,geographie,regions"
mix-0201,Challenge Mixte,mixte,moyen,Quel est le meilleur moment pour conclure une vente ?,Des les premieres secondes,Apres avoir epuise le client,Uniquement par ecrit trois mois plus tard,Quand le client a exprime son accord sur la valeur et n'a plus d'objection majeure,D,200,25,La conclusion suit la levee des objections.,"mixte,entrepreneuriat,vente"
mix-0202,Challenge Mixte,mixte,facile,Comment appelle-t-on ceci : L'accompagnement du client apres l'achat ?,le service apres-vente,l'export,une promotion,la chaine de valeur,A,100,20,Il s'agit du service apres-vente.,"mixte,entrepreneuriat,glossaire"
mix-0203,Challenge Mixte,mixte,moyen,Quelle entreprise Coco Chanel a-t-il ou a-t-elle fondee ou dirigee ?,Econet Wireless,Microsoft,Chanel,Paystack,C,200,25,"Coco Chanel : Chanel - secteur la mode et le luxe, la France.","mixte,entrepreneuriat,figures"
mix-0204,Challenge Mixte,mixte,challenge,Quel est le chef-lieu du departement du Boyo ?,Mora,Mbengwi,Fundong,Yagoua,C,300,30,"Fundong est le chef-lieu du Boyo, dans la region : Nord-Ouest.","mixte,cameroun,geographie,departements"
mix-0205,Challenge Mixte,mixte,challenge,Quelle personnalite camerounaise est connue pour avoir ete fusille par les Allemands en 1914 ?,Martin-Paul Samba,Bernard Nanga,Stanley Enow,Marie-Jose Ta Lou,A,300,30,Il s'agit de Martin-Paul Samba.,"mixte,cameroun,personnalites"
mix-0206,Challenge Mixte,mixte,facile,Comment appelle-t-on ceci : La capacite a inspirer et a entrainer une equipe vers un objectif ?,la formalisation,une campagne publicitaire,l'ecremage,le leadership,D,100,20,Il s'agit du leadership.,"mixte,entrepreneuriat,glossaire"
mix-0207,Challenge Mixte,mixte,facile,Sur quel ocean le Cameroun possede-t-il une facade maritime ?,L'ocean Atlantique,L'ocean Indien,La mer Rouge,L'ocean Pacifique,A,100,20,Le golfe de Guinee ouvre sur l'Atlantique.,"mixte,cameroun,geographie"
mix-0208,Challenge Mixte,mixte,moyen,Que se passe-t-il en cas de non-respect d'un contrat commercial ?,Le contrat devient automatiquement gratuit,L'entreprise est dissoute d'office,Rien du tout,La partie lesee peut demander l'execution ou des dommages et interets,D,200,25,L'inexecution ouvre droit a reparation.,"mixte,entrepreneuriat,juridique"
mix-0209,Challenge Mixte,mixte,facile,"Dans le langage populaire camerounais, que designe un kombi ?","Un ami proche, un complice","S'etonner, etre surpris","Un revendeur, souvent une commercante de vivres",Une formule de compassion ou d'encouragement,A,100,20,"Un kombi : un ami proche, un complice.","mixte,cameroun,culture,expressions"
mix-0210,Challenge Mixte,mixte,facile,Quel terme correspond a cette definition : Un defaut de fonctionnement dans un programme ?,un tableur,une arnaque en ligne,un bug,un reseau social,C,100,20,Il s'agit d'un bug.,"mixte,innovation,glossaire"
mix-0211,Challenge Mixte,mixte,moyen,Quelle affirmation est exacte a propos du mais au Cameroun ?,"En resume, il pousse sur les hautes terres","En resume, il est une cereale de base des hautes terres","En resume, la region de Maroua en est un bassin reconnu","En resume, ce sont les cereales de base en zone sahelienne",B,200,25,Pour le mais : il est une cereale de base des hautes terres.,"mixte,cameroun,economie,agriculture"
mix-0212,Challenge Mixte,mixte,moyen,A quel besoin repond principalement cette solution : Un outil d'automatisation des taches ?,Trier automatiquement les commandes recues par messagerie,Accepter des paiements depuis l'etranger,Eviter de perdre du temps a compter le stock a la main,Repondre automatiquement aux questions frequentes des clients,A,200,25,Un outil d'automatisation des taches sert notamment a trier automatiquement les commandes recues par messagerie.,"mixte,innovation,usages"
mix-0213,Challenge Mixte,mixte,moyen,Comment appelle-t-on ceci : Une procedure de mise en concurrence pour attribuer un marche ?,un appel d'offres,un concurrent,un associe dormant,le besoin en fonds de roulement,A,200,25,Il s'agit d'un appel d'offres.,"mixte,entrepreneuriat,glossaire"
mix-0214,Challenge Mixte,mixte,facile,Une petite entreprise veut eviter que la caisse ne soit fausse en fin de journee. Quelle solution numerique est la plus adaptee ?,Un outil no-code,Un logiciel de caisse,Un envoi automatique de SMS ou de notifications,L'analyse du parcours utilisateur,B,100,20,"Pour eviter que la caisse ne soit fausse en fin de journee, un logiciel de caisse est la reponse la plus directe.","mixte,innovation,usages"
mix-0215,Challenge Mixte,mixte,moyen,Quel pays ne partage PAS de frontiere avec le Cameroun ?,Le Tchad,Le Gabon,Le Niger,Le Congo,C,200,25,Le Niger n'a pas de frontiere commune avec le Cameroun.,"mixte,cameroun,geographie"
mix-0216,Challenge Mixte,mixte,moyen,Dans quelle region du Cameroun se trouve la ville de Figuil ?,Sud,Nord,Nord-Ouest,Littoral,B,200,25,Figuil est situee dans la region : Nord.,"mixte,cameroun,geographie,villes"
mix-0217,Challenge Mixte,mixte,challenge,Quel est le chef-lieu du departement du Mayo-Danay ?,Yagoua,Bangangte,Bafia,Sangmelima,A,300,30,"Yagoua est le chef-lieu du Mayo-Danay, dans la region : Extreme-Nord.","mixte,cameroun,geographie,departements"
mix-0218,Challenge Mixte,mixte,challenge,Quelle personnalite camerounaise est connue pour avoir ete vice-president puis president de l'Assemblee nationale ?,Churchill Mambe,Solomon Tandeng Muna,Charles Atangana,Andre Onana,B,300,30,Il s'agit de Solomon Tandeng Muna.,"mixte,cameroun,personnalites"
mix-0219,Challenge Mixte,mixte,facile,Quelle personnalite camerounaise est connue pour avoir ete le premier president de la Republique du Cameroun ?,Rene Philombe,Vincent Aboubakar,Ahmadou Ahidjo,Roger Milla,C,100,20,Il s'agit de Ahmadou Ahidjo.,"mixte,cameroun,personnalites"
mix-0220,Challenge Mixte,mixte,challenge,Dans quelle region se trouve le lac Nyos ?,L'Adamaoua,L'Ouest,Le Nord-Ouest,Le Sud-Ouest,C,300,30,Le lac Nyos est situe dans le departement du Menchum.,"mixte,cameroun,geographie"
mix-0221,Challenge Mixte,mixte,challenge,Quel evenement sportif populaire relie Douala a d'autres villes par la route ?,Le Tour du Cameroun cycliste,Le Rallye du Wouri,La Traversee du Ntem,Le Marathon de Waza,A,300,30,Le Tour cycliste international du Cameroun est une competition annuelle.,"mixte,cameroun,culture"
mix-0222,Challenge Mixte,mixte,facile,"Quel terme correspond a cette definition : L'assistance au client apres l'achat, par des canaux numeriques ?",un service apres-vente en ligne,un abonnement mensuel,le traitement du langage naturel,la publicite ciblee,A,100,20,Il s'agit d'un service apres-vente en ligne.,"mixte,innovation,glossaire"
mix-0223,Challenge Mixte,mixte,moyen,Que se passe-t-il si une entreprise exerce sans immatriculation ?,Elle accede automatiquement aux marches publics,Elle beneficie d'avantages fiscaux,Elle obtient plus facilement des credits,Elle reste dans l'informel et s'expose a des sanctions et a des blocages commerciaux,D,200,25,L'absence d'immatriculation ferme de nombreuses portes.,"mixte,entrepreneuriat,juridique"
mix-0224,Challenge Mixte,mixte,facile,Comment appelle-t-on le chef de l'Etat camerounais ?,Le president de la Republique,Le roi,Le chancelier,L'empereur,A,100,20,Le Cameroun est une republique.,"mixte,cameroun,culture-generale"
mix-0225,Challenge Mixte,mixte,moyen,Quel autre frein majeur les entrepreneurs camerounais citent-ils frequemment ?,Le manque de terres agricoles partout,Le cout et la fiabilite de l'energie electrique,L'absence de reseau telephonique dans les villes,L'interdiction de vendre en ligne,B,200,25,Les coupures d'electricite pesent sur la production.,"mixte,entrepreneuriat,cameroun"
mix-0226,Challenge Mixte,mixte,facile,Quel terme correspond a cette definition : Un systeme qui convertit automatiquement un texte d'une langue a une autre ?,un moteur de traduction,un virus informatique,un biais algorithmique,l'usurpation d'identite,A,100,20,Il s'agit d'un moteur de traduction.,"mixte,innovation,glossaire"
mix-0227,Challenge Mixte,mixte,moyen,Dans quel domaine Tim Berners-Lee a-t-il ou a-t-elle laisse sa marque ?,Internet,L'electronique,Les telecommunications,L'intelligence artificielle,A,200,25,Tim Berners-Lee a marque ce domaine : Internet.,"mixte,innovation,histoire"
mix-0228,Challenge Mixte,mixte,moyen,"En entrepreneuriat, que designe un KPI ?",La difference entre le prix de vente et le cout d'achat des marchandises,Un indicateur cle qui mesure la performance d'une activite,Le fait d'associer les employes au capital de l'entreprise,La capacite d'une activite a grandir sans que les couts augmentent proportionnellement,B,200,25,Un KPI : un indicateur cle qui mesure la performance d'une activite.,"mixte,entrepreneuriat,glossaire"
mix-0229,Challenge Mixte,mixte,moyen,Quel est le principal benefice de cette demarche : consulter un medecin depuis un village eloigne ?,Reduire les rendez-vous manques,Repondre plus vite et a toute heure,Acceder aux soins sans long deplacement,Gagner du temps de lecture,C,200,25,Le gain principal : acceder aux soins sans long deplacement.,"mixte,innovation,usages"
mix-0230,Challenge Mixte,mixte,facile,Comment appelle-t-on ceci : Le temps accorde au client pour regler sa facture ?,l'echec entrepreneurial,un delai de paiement,le seuil de rentabilite,une facture,B,100,20,Il s'agit d'un delai de paiement.,"mixte,entrepreneuriat,glossaire"
mix-0231,Challenge Mixte,mixte,facile,Comment appelle-t-on ceci : La presentation courte et convaincante d'un projet ?,le pitch,un contrat,l'internationalisation,un echeancier,A,100,20,Il s'agit du pitch.,"mixte,entrepreneuriat,glossaire"
mix-0232,Challenge Mixte,mixte,moyen,Quel terme correspond a cette definition : Un site qui met en relation de nombreux vendeurs et acheteurs ?,une place de marche en ligne,la transformation digitale,la desinformation en ligne,un modem,A,200,25,Il s'agit d'une place de marche en ligne.,"mixte,innovation,glossaire"
mix-0233,Challenge Mixte,mixte,challenge,Combien d'Etats membres compte l'OHADA ?,12,8,27,17,D,300,30,L'OHADA regroupe 17 Etats africains.,"mixte,entrepreneuriat,juridique"
mix-0234,Challenge Mixte,mixte,challenge,Pourquoi faut-il eviter les promotions permanentes ?,Parce qu'elles detruisent la valeur percue et la marge,Parce qu'elles augmentent les stocks,Parce que la loi les interdit,Parce qu'elles attirent trop de clients,A,300,30,Une remise permanente devient le prix de reference.,"mixte,entrepreneuriat,marketing"
mix-0235,Challenge Mixte,mixte,facile,"En entrepreneuriat, que designe un business plan ?",Le developpement de l'activite au-dela des frontieres nationales,Le calendrier des remboursements d'un credit,"Le document qui presente le projet, le marche, la strategie et les previsions financieres",Un accord durable entre entreprises pour atteindre un objectif commun,C,100,20,"Un business plan : le document qui presente le projet, le marche, la strategie et les previsions financieres.","mixte,entrepreneuriat,glossaire"
mix-0236,Challenge Mixte,mixte,moyen,Vous hesitez entre baisser le prix ou ajouter un service. Quel raisonnement privilegier ?,Comparer l'effet sur la marge et sur la valeur percue par le client,Toujours augmenter le prix,Choisir au hasard,Toujours baisser le prix,A,200,25,La decision se prend sur la marge et la perception client.,"mixte,entrepreneuriat,mise-en-situation"
mix-0237,Challenge Mixte,mixte,facile,"En entrepreneuriat, que designe un plan B ?",L'enregistrement organise des operations financieres de l'entreprise,Une solution de rechange prevue si le plan initial echoue,Un associe qui apporte des fonds sans participer a la gestion,Un professionnel qui tient ou controle la comptabilite de l'entreprise,B,100,20,Un plan B : une solution de rechange prevue si le plan initial echoue.,"mixte,entrepreneuriat,glossaire"
mix-0238,Challenge Mixte,mixte,facile,A quoi sert principalement un outil de creation graphique en ligne ?,Envoyer et recevoir des courriers numeriques,Realiser des visuels sans competence de designer,Echanger des messages en temps reel,Enregistrer les operations financieres de l'entreprise,B,100,20,Un outil de creation graphique en ligne sert a : realiser des visuels sans competence de designer.,"mixte,innovation,outils"
mix-0239,Challenge Mixte,mixte,challenge,"Dans le monde numerique, que designe un taux de disponibilite ?",Un robot qui traite les demandes courantes des clients,Le composant qui execute les calculs d'un appareil,La proportion de temps pendant laquelle un service fonctionne,Le harcelement d'une personne au moyen des outils numeriques,C,300,30,Un taux de disponibilite : la proportion de temps pendant laquelle un service fonctionne.,"mixte,innovation,glossaire"
mix-0240,Challenge Mixte,mixte,moyen,Dans quel domaine Longue Longue s'est-il ou s'est-elle illustre(e) ?,La lutte contre la colonisation,La musique,L'athletisme,Le football,B,200,25,Longue Longue est connu(e) pour chanter un makossa engage et populaire.,"mixte,cameroun,personnalites"
mix-0241,Challenge Mixte,mixte,challenge,Combien d'universites d'Etat le Cameroun compte-t-il aujourd'hui ?,Onze,Vingt,Trois,Six,A,300,30,"Aux huit universites historiques se sont ajoutees Bertoua, Ebolowa et Garoua.","mixte,cameroun,culture"
mix-0242,Challenge Mixte,mixte,challenge,"Quel professionnel du numerique a pour mission de : Organiser, securiser et optimiser le stockage des donnees ?",un specialiste du support client en ligne,un gestionnaire de bases de donnees,un developpeur web,un expert en cybersecurite,B,300,30,Il s'agit d'un gestionnaire de bases de donnees.,"mixte,innovation,metiers"
mix-0243,Challenge Mixte,mixte,facile,A quelle categorie d'outils appartient un assistant IA conversationnel ?,La gestion,L'intelligence artificielle,La formation,La numerisation,B,100,20,Un assistant IA conversationnel appartient a cette categorie : l'intelligence artificielle.,"mixte,innovation,outils"
mix-0244,Challenge Mixte,mixte,moyen,Une boutique realise 96 000 FCFA de ventes aupres de 48 clients dans la semaine. Quel est le panier moyen ?,2 000 FCFA,4 000 FCFA,1 000 FCFA,48 FCFA,A,200,25,Panier moyen = CA / nombre de clients = 96 000 FCFA / 48 = 2 000 FCFA.,"mixte,entrepreneuriat,calcul,indicateurs"
mix-0245,Challenge Mixte,mixte,moyen,Le departement du Momo appartient a quelle region ?,Adamaoua,Sud,Nord,Nord-Ouest,D,200,25,Le Momo se situe dans la region : Nord-Ouest.,"mixte,cameroun,geographie,departements"
mix-0246,Challenge Mixte,mixte,moyen,"En entrepreneuriat, que designe le marketing mix ?",Un particulier qui investit son propre argent dans une jeune entreprise,La facon dont l'entreprise cree de la valeur et gagne de l'argent,"La combinaison produit, prix, distribution et communication",La capacite d'une activite a grandir sans que les couts augmentent proportionnellement,C,200,25,"Le marketing mix : la combinaison produit, prix, distribution et communication.","mixte,entrepreneuriat,glossaire"
mix-0247,Challenge Mixte,mixte,moyen,Quel est l'ingredient principal utilise pour preparer le njama njama ?,"la morelle noire, un legume-feuille",le pain garni de spaghetti et d'omelette,les epices noires grillees et le poisson,le taro pile et la soupe jaune,A,200,25,"Le njama njama se prepare avec la morelle noire, un legume-feuille.","mixte,cameroun,gastronomie"
mix-0248,Challenge Mixte,mixte,facile,Quel est le principal benefice de cette demarche : permettre a un client de retrouver une fiche produit en magasin ?,Produire des visuels corrects a faible cout,Donner acces a l'information sans vendeur disponible,Fiabiliser les chiffres transmis aux clients,Observer l'etat des cultures sans se deplacer partout,B,100,20,Le gain principal : donner acces a l'information sans vendeur disponible.,"mixte,innovation,usages"
mix-0249,Challenge Mixte,mixte,moyen,Pour quelle contribution Tim Berners-Lee est-il ou est-elle connu(e) ?,la vaccination moderne et la pasteurisation,la telegraphie sans fil,le premier vol motorise controle,le World Wide Web,D,200,25,Tim Berners-Lee est associe(e) a le World Wide Web.,"mixte,innovation,histoire"
mix-0250,Challenge Mixte,mixte,moyen,Une intelligence artificielle comprend-elle vraiment le sens de ce qu'elle ecrit ?,"Oui, elle possede une conscience","Oui, exactement comme un humain","Non, elle produit des reponses probables a partir de donnees d'entrainement","Oui, elle a des emotions",C,200,25,"L'IA calcule des probabilites, elle ne comprend pas comme un humain.","mixte,innovation,comprehension"
mix-0251,Challenge Mixte,mixte,facile,Quel journal quotidien public parait au Cameroun ?,Le Monde,Cameroon Tribune,The Guardian,Jeune Afrique,B,100,20,Cameroon Tribune est le quotidien national bilingue.,"mixte,cameroun,divers"
mix-0252,Challenge Mixte,mixte,facile,Quel terme correspond a cette definition : Un appareil tactile intermediaire entre le telephone et l'ordinateur ?,les donnees personnelles,un panier d'achat,une tablette,la e-reputation,C,100,20,Il s'agit d'une tablette.,"mixte,innovation,glossaire"
mix-0253,Challenge Mixte,mixte,facile,Quel terme correspond a cette definition : Un service qui repond a des commandes prononcees a voix haute ?,un abonne,une tablette,un identifiant,un assistant vocal,D,100,20,Il s'agit d'un assistant vocal.,"mixte,innovation,glossaire"
mix-0254,Challenge Mixte,mixte,challenge,Quelle personnalite camerounaise est connue pour avoir ecrit la piece Trois pretendants un mari ?,Rene Philombe,Guillaume Oyono Mbia,Jovi,Leonora Miano,B,300,30,Il s'agit de Guillaume Oyono Mbia.,"mixte,cameroun,personnalites"
mix-0255,Challenge Mixte,mixte,challenge,Dans quel secteur d'activite intervient Tradex ?,Les hydrocarbures,La banque,La distribution de carburants,La protection sociale,C,300,30,Tradex est un distributeur de produits petroliers.,"mixte,cameroun,economie,entreprises"
mix-0256,Challenge Mixte,mixte,facile,Quel terme correspond a cette definition : Un message d'information envoye regulierement a une liste d'abonnes ?,une newsletter,l'automatisation,un taux de disponibilite,le numerique responsable,A,100,20,Il s'agit d'une newsletter.,"mixte,innovation,glossaire"
mix-0257,Challenge Mixte,mixte,facile,Quel produit agricole d'exportation place le Cameroun parmi les premiers producteurs mondiaux ?,Le riz,La vigne,Le cacao,Le ble,C,100,20,Le Cameroun est un acteur majeur du cacao mondial.,"mixte,cameroun,economie"
mix-0258,Challenge Mixte,mixte,moyen,Le departement du Mayo-Tsanaga appartient a quelle region ?,Littoral,Extreme-Nord,Sud,Adamaoua,B,200,25,Le Mayo-Tsanaga se situe dans la region : Extreme-Nord.,"mixte,cameroun,geographie,departements"
mix-0259,Challenge Mixte,mixte,moyen,Quel surnom porte l'equipe nationale feminine de football du Cameroun ?,Les Etoiles,Les Lionnes Indomptables,Les Panthers,Les Gazelles,B,200,25,Les Lionnes Indomptables ont dispute plusieurs Coupes du monde.,"mixte,cameroun,personnalites,sport,culture"
mix-0260,Challenge Mixte,mixte,moyen,"Dans le monde numerique, que designe l'innovation incrementale ?",L'usage de l'intelligence artificielle dans le respect des personnes et de la loi,"Une periode ou le service est accessible sans payer, pour le tester",L'usage de donnees et de capteurs pour optimiser les cultures,Une amelioration progressive d'un produit ou service existant,D,200,25,L'innovation incrementale : une amelioration progressive d'un produit ou service existant.,"mixte,innovation,glossaire"
mix-0261,Challenge Mixte,mixte,moyen,Dans quel secteur d'activite intervient Afriland First Bank ?,Le transport ferroviaire,La banque,La logistique portuaire,Les hydrocarbures,B,200,25,Afriland First Bank est une banque camerounaise fondee par Paul Kammogne Fokam.,"mixte,cameroun,economie,entreprises"
mix-0262,Challenge Mixte,mixte,facile,"Dans le langage populaire camerounais, que designe ashia ?",Un taxi ou vehicule de transport non officiel,Une formule de compassion ou d'encouragement,Une combine ou un arrangement pour obtenir quelque chose,"S'etonner, etre surpris",B,100,20,Ashia : une formule de compassion ou d'encouragement.,"mixte,cameroun,culture,expressions"
mix-0263,Challenge Mixte,mixte,challenge,Quelle personnalite camerounaise est connue pour avoir cree le moteur de recherche d'emploi Njorku ?,Churchill Mambe,Eric Maxim Choupo-Moting,Andre Onana,Ni John Fru Ndi,A,300,30,Il s'agit de Churchill Mambe.,"mixte,cameroun,personnalites"
mix-0264,Challenge Mixte,mixte,moyen,Comment appelle-t-on ceci : Ce que l'entreprise possede ?,le marketing mix,un entrepreneur,un local commercial,un actif,D,200,25,Il s'agit d'un actif.,"mixte,entrepreneuriat,glossaire"
mix-0265,Challenge Mixte,mixte,facile,Comment reagir face a une video suspecte partagee sur les reseaux ?,Verifier la source et croiser avec des medias fiables avant de partager,La croire sans reflechir,L'utiliser comme preuve officielle,La partager immediatement,A,100,20,La verification limite la propagation de fausses informations.,"mixte,innovation,comprehension"
mix-0266,Challenge Mixte,mixte,facile,Quel est l'ingredient principal utilise pour preparer le bobolo ?,les haricots ecrases,le manioc fermente,la noix de palme,les feuilles de manioc pilees,B,100,20,Le bobolo se prepare avec le manioc fermente.,"mixte,cameroun,gastronomie"
mix-0267,Challenge Mixte,mixte,moyen,De quelle region du Cameroun le water fufu est-il originaire ou le plus consomme ?,Le Centre,Le Sud-Ouest,L'Est,Le Nord-Ouest,B,200,25,Le water fufu est surtout associe a cette region.,"mixte,cameroun,gastronomie"
mix-0268,Challenge Mixte,mixte,moyen,Qui est a l'origine de cette avancee : le test de Turing et les bases de l'informatique moderne ?,Geoffrey Hinton,Yann LeCun,Alan Turing,Tim Berners-Lee,C,200,25,Il s'agit de Alan Turing.,"mixte,innovation,histoire"
mix-0269,Challenge Mixte,mixte,facile,Que faire d'un echec entrepreneurial ?,Renoncer definitivement,En tirer des enseignements pour le projet suivant,Accuser uniquement les autres,Le cacher et l'oublier,B,100,20,L'echec est une source d'apprentissage.,"mixte,entrepreneuriat,posture"
mix-0270,Challenge Mixte,mixte,moyen,Quel terme correspond a cette definition : Une monnaie numerique fonctionnant sans banque centrale ?,un identifiant,une cryptomonnaie,un code-barres,la telemedecine,B,200,25,Il s'agit d'une cryptomonnaie.,"mixte,innovation,glossaire"
mix-0271,Challenge Mixte,mixte,moyen,Le departement du Mayo-Louti appartient a quelle region ?,Nord,Est,Nord-Ouest,Centre,A,200,25,Le Mayo-Louti se situe dans la region : Nord.,"mixte,cameroun,geographie,departements"
mix-0272,Challenge Mixte,mixte,moyen,Dans quel secteur d'activite Netflix s'est-elle developpee ?,Le transport aerien et la musique,L'investissement,Les logiciels d'entreprise,Le streaming video,D,200,25,Netflix intervient dans : le streaming video.,"mixte,entrepreneuriat,figures"
mix-0273,Challenge Mixte,mixte,moyen,"En entrepreneuriat, que designe un pitch deck ?",Le principe selon lequel les biens personnels peuvent etre engages,La presentation visuelle d'un projet destinee aux investisseurs,Une organisation detenue et geree par ses membres pour leur benefice commun,L'accord qui lie l'employeur et le salarie,B,200,25,Un pitch deck : la presentation visuelle d'un projet destinee aux investisseurs.,"mixte,entrepreneuriat,glossaire"
mix-0274,Challenge Mixte,mixte,facile,"Comment appelle-t-on ceci : Le document qui presente le projet, le marche, la strategie et les previsions financieres ?",un business plan,un actionnariat salarie,un contrat de travail,un associe,A,100,20,Il s'agit d'un business plan.,"mixte,entrepreneuriat,glossaire"
mix-0275,Challenge Mixte,mixte,moyen,Quel terme correspond a cette definition : Un petit fichier depose par un site pour retenir des informations sur la visite ?,un cookie,la synthese vocale,le pilotage par la donnee,un paiement fractionne,A,200,25,Il s'agit d'un cookie.,"mixte,innovation,glossaire"
mix-0276,Challenge Mixte,mixte,moyen,Qu'est-ce qu'un avantage concurrentiel durable ?,Un prix bas temporaire,Une promotion valable une journee,Un local plus grand,Un atout difficile a copier par les concurrents,D,200,25,La durabilite vient de la difficulte d'imitation.,"mixte,entrepreneuriat,marketing"
mix-0277,Challenge Mixte,mixte,facile,Le Cameroun partage-t-il une frontiere terrestre avec le Nigeria ?,Oui,"Non, il en est separe par un ocean","Non, ce pays n'existe pas en Afrique","Non, il en est separe par un autre pays",A,100,20,Le Nigeria est bien un voisin du Cameroun (a l'ouest et au nord-ouest).,"mixte,cameroun,geographie,frontieres"
mix-0278,Challenge Mixte,mixte,facile,Une entreprise vend 125 produits a 2 000 FCFA l'unite. Quel est son chiffre d'affaires ?,25 000 FCFA,250 000 FCFA,500 000 FCFA,125 000 FCFA,B,100,20,Chiffre d'affaires = prix x quantite = 2 000 FCFA x 125 = 250 000 FCFA.,"mixte,entrepreneuriat,calcul,chiffre-affaires"
mix-0279,Challenge Mixte,mixte,facile,Quelle est la premiere etape d'un entretien de vente reussi ?,Parler de soi pendant dix minutes,Reciter tout le catalogue,Annoncer le prix immediatement,Comprendre le besoin du client en posant des questions,D,100,20,La decouverte du besoin precede l'argumentaire.,"mixte,entrepreneuriat,vente"
mix-0280,Challenge Mixte,mixte,moyen,Quelle entreprise Phil Knight a-t-il ou a-t-elle fondee ou dirigee ?,Nike,SoleRebels,Kiro'o Games,Netflix,A,200,25,"Phil Knight : Nike - secteur l'equipement sportif, les Etats-Unis.","mixte,entrepreneuriat,figures"
mix-0281,Challenge Mixte,mixte,facile,Le Cameroun partage-t-il une frontiere terrestre avec le Congo ?,Oui,"Non, il en est separe par un autre pays","Non, ce pays n'existe pas en Afrique","Non, il en est separe par un ocean",A,100,20,Le Congo est bien un voisin du Cameroun (au sud-est).,"mixte,cameroun,geographie,frontieres"
mix-0282,Challenge Mixte,mixte,facile,Quel est le chef-lieu de la region du Centre ?,Ebolowa,Yaounde,Bamenda,Ngaoundere,B,100,20,Yaounde est le chef-lieu de la region de l'Centre.,"mixte,cameroun,geographie,regions"
mix-0283,Challenge Mixte,mixte,moyen,Que faire face a l'objection c'est trop cher ?,Dire au client qu'il a tort,"Reformuler, comprendre la reference du client et rappeler la valeur apportee",Baisser le prix immediatement,Mettre fin a la discussion,B,200,25,"Une objection prix se traite par la valeur, pas par la remise reflexe.","mixte,entrepreneuriat,vente"
mix-0284,Challenge Mixte,mixte,challenge,Quel est le chef-lieu du departement du Ocean ?,Kribi,Bandjoun,Abong-Mbang,Tignere,A,300,30,"Kribi est le chef-lieu du Ocean, dans la region : Sud.","mixte,cameroun,geographie,departements"
mix-0285,Challenge Mixte,mixte,challenge,"Un produit est achete 2 400 FCFA et vendu 3 000 FCFA. Quel est le taux de marge, calcule sur le prix de vente ?",20 %,30 %,80 %,25 %,A,300,30,Taux de marge = (PV - PA) / PV x 100 = 20 %.,"mixte,entrepreneuriat,calcul,marge"
mix-0286,Challenge Mixte,mixte,moyen,Dans quel domaine Alexander Fleming a-t-il ou a-t-elle laisse sa marque ?,Internet,La sante,L'energie,L'intelligence artificielle,B,200,25,Alexander Fleming a marque ce domaine : La sante.,"mixte,innovation,histoire"
mix-0287,Challenge Mixte,mixte,facile,Quel terme correspond a cette definition : Un fichier consultable et modifiable a plusieurs en ligne ?,une carte SIM,un MOOC,un programme de fidelite numerique,un document partage,D,100,20,Il s'agit d'un document partage.,"mixte,innovation,glossaire"
mix-0288,Challenge Mixte,mixte,facile,Qui est a l'origine de cette avancee : l'ampoule electrique commercialisable ?,Thomas Edison,Alexander Graham Bell,Yann LeCun,Tim Berners-Lee,A,100,20,Il s'agit de Thomas Edison.,"mixte,innovation,histoire"
mix-0289,Challenge Mixte,mixte,facile,Dans quelle partie du Cameroun le manioc est-il ou est-elle principalement cultive(e) ?,Le Littoral et le Sud-Ouest,Le Sud et l'Est,L'Adamaoua,Le Grand Nord,B,100,20,"Pour le manioc : il sert a preparer bobolo, gari et miondo.","mixte,cameroun,economie,agriculture"
mix-0290,Challenge Mixte,mixte,challenge,A quelle categorie d'outils appartient un VPN ?,L'intelligence artificielle,Le stockage,La bureautique,La securite,D,300,30,Un VPN appartient a cette categorie : la securite.,"mixte,innovation,outils"
mix-0291,Challenge Mixte,mixte,facile,A quoi sert principalement un scanner de documents sur telephone ?,Creer des diaporamas pour presenter un projet,Echanger des messages en temps reel,Numeriser des papiers avec l'appareil photo,Organiser des donnees et faire des calculs,C,100,20,Un scanner de documents sur telephone sert a : numeriser des papiers avec l'appareil photo.,"mixte,innovation,outils"
mix-0292,Challenge Mixte,mixte,moyen,"Dans le monde numerique, que designe l'IA generative ?","Un service utilisable directement depuis un navigateur, sans installation","Un logiciel dont le code peut etre utilise, modifie et partage librement",Le partage de la connexion internet d'un telephone avec d'autres appareils,"Une intelligence artificielle capable de produire du texte, des images ou du son",D,200,25,"L'IA generative : une intelligence artificielle capable de produire du texte, des images ou du son.","mixte,innovation,glossaire"
mix-0293,Challenge Mixte,mixte,facile,Quel terme correspond a cette definition : La transformation automatique de la parole en texte ?,une signature electronique,un contrat de maintenance,la reconnaissance vocale,un ordinateur portable,C,100,20,Il s'agit de la reconnaissance vocale.,"mixte,innovation,glossaire"
mix-0294,Challenge Mixte,mixte,facile,Votre premier prototype ne plait pas aux clients testeurs. Quelle attitude adopter ?,Ecouter leurs remarques et ameliorer le produit,Ignorer les avis et lancer la production,Abandonner definitivement le projet,Accuser les clients de ne rien comprendre,A,100,20,Les retours negatifs sont une information precieuse.,"mixte,entrepreneuriat,mise-en-situation"
mix-0295,Challenge Mixte,mixte,moyen,Quel terme correspond a cette definition : Une innovation qui bouleverse un marche et remplace les solutions existantes ?,une visioconference,la verification des sources,l'innovation de rupture,un programme de fidelite numerique,C,200,25,Il s'agit de l'innovation de rupture.,"mixte,innovation,glossaire"
mix-0296,Challenge Mixte,mixte,moyen,Dans quel domaine Baba Danpullo s'est-il ou s'est-elle illustre(e) ?,Les affaires et l'entrepreneuriat,Le cinema,La musique,La lutte contre la colonisation,A,200,25,Baba Danpullo est connu(e) pour etre l'un des hommes d'affaires les plus riches du Cameroun.,"mixte,cameroun,personnalites"
mix-0297,Challenge Mixte,mixte,facile,"Dans le monde numerique, que designe un PDF ?",L'accord qui organise l'entretien et le depannage d'un systeme,Une technologie qui plonge l'utilisateur dans un environnement entierement simule,Un message texte court envoye par le reseau telephonique,Un format de document qui conserve la mise en page a l'identique,D,100,20,Un PDF : un format de document qui conserve la mise en page a l'identique.,"mixte,innovation,glossaire"
mix-0298,Challenge Mixte,mixte,moyen,De quel pays Coco Chanel est-il ou est-elle originaire ?,le Ghana,le Soudan,la France,le Nigeria,C,200,25,Coco Chanel est originaire de ce pays : la France.,"mixte,entrepreneuriat,figures"
mix-0299,Challenge Mixte,mixte,moyen,Un produit coute 2 500 FCFA a produire. L'entrepreneur veut une marge de 50 % sur ce cout. A quel prix doit-il le vendre ?,7 500 FCFA,3 750 FCFA,1 250 FCFA,2 500 FCFA,B,200,25,Prix = cout x (1 + marge) = 2 500 FCFA x 1.50 = 3 750 FCFA.,"mixte,entrepreneuriat,calcul,prix"
mix-0300,Challenge Mixte,mixte,moyen,"En entrepreneuriat, que designe un bail ?",Le contrat de location d'un local,Le regroupement de deux entreprises en une seule entite,Une charge qui ne varie pas avec le volume d'activite,Un accord de cooperation entre deux organisations,A,200,25,Un bail : le contrat de location d'un local.,"mixte,entrepreneuriat,glossaire"
mix-0301,Challenge Mixte,mixte,moyen,Vous constatez que vos clients reviennent surtout grace au bouche-a-oreille. Comment l'amplifier ?,Interdire aux clients d'en parler,Augmenter les prix sans prevenir,Encourager le parrainage et soigner la qualite de service,Supprimer le service apres-vente,C,200,25,Le parrainage structure le bouche-a-oreille.,"mixte,entrepreneuriat,mise-en-situation"
mix-0302,Challenge Mixte,mixte,moyen,"En entrepreneuriat, que designe un marche public ?",La vente de produits ou services vers un autre pays,"L'analyse des forces, faiblesses, opportunites et menaces",L'espace physique ou l'entreprise recoit ses clients,Un contrat passe par une administration avec une entreprise,D,200,25,Un marche public : un contrat passe par une administration avec une entreprise.,"mixte,entrepreneuriat,glossaire"
mix-0303,Challenge Mixte,mixte,moyen,Dans quelle region du Cameroun se trouve la ville de Garoua-Boulai ?,Ouest,Sud,Nord,Est,D,200,25,Garoua-Boulai est situee dans la region : Est.,"mixte,cameroun,geographie,villes"
mix-0304,Challenge Mixte,mixte,facile,Comment appelle-t-on ceci : Le temps entre la commande et la remise du produit au client ?,une etude de marche,la gouvernance,un delai de livraison,une facture,C,100,20,Il s'agit d'un delai de livraison.,"mixte,entrepreneuriat,glossaire"
mix-0305,Challenge Mixte,mixte,facile,Quel terme correspond a cette definition : La formation a distance via des supports numeriques ?,un abandon de panier,un profil en ligne,l'e-learning,un nom de domaine,C,100,20,Il s'agit de l'e-learning.,"mixte,innovation,glossaire"
mix-0306,Challenge Mixte,mixte,moyen,"Pour fabriquer un produit, un artisan depense 2 200 FCFA de matieres, 900 FCFA de main-d'oeuvre et 400 FCFA d'autres charges. Quel est son prix de revient ?",7 000 FCFA,1 300 FCFA,3 500 FCFA,2 200 FCFA,C,200,25,Prix de revient = 2 200 FCFA + 900 FCFA + 400 FCFA = 3 500 FCFA.,"mixte,entrepreneuriat,calcul,couts"
mix-0307,Challenge Mixte,mixte,moyen,"Dans le monde numerique, que designe un serveur ?",Un ordinateur qui fournit des services ou des donnees a d'autres appareils,Un modele ou des particuliers partagent biens et services via des plateformes,Un espace de rangement qui regroupe des fichiers,Un site qui met en relation de nombreux vendeurs et acheteurs,A,200,25,Un serveur : un ordinateur qui fournit des services ou des donnees a d'autres appareils.,"mixte,innovation,glossaire"
mix-0308,Challenge Mixte,mixte,moyen,Quel stade de Yaounde a accueilli des matchs de la CAN 2021 ?,Le stade Reunification de Douala,Le stade de Limbe uniquement,Le stade de Bafoussam uniquement,Le stade Olembe,D,200,25,"Le stade Olembe, aussi appele stade Paul Biya.","mixte,cameroun,personnalites,sport,culture"
mix-0309,Challenge Mixte,mixte,facile,Quel outil numerique permet de : Traduire rapidement un texte d'une langue a une autre ?,un outil de creation graphique en ligne,un outil de traduction en ligne,un outil de gestion de taches,une application de messagerie instantanee,B,100,20,Il s'agit d'un outil de traduction en ligne.,"mixte,innovation,outils"
mix-0310,Challenge Mixte,mixte,moyen,"Dans le monde numerique, que designe une politique de confidentialite ?",Le document expliquant comment un service traite les donnees personnelles,Une application qui organise et suit les livraisons en temps reel,Un logiciel malveillant qui bloque les donnees et reclame une rancon,L'estimation d'une valeur future a partir de donnees passees,A,200,25,Une politique de confidentialite : le document expliquant comment un service traite les donnees personnelles.,"mixte,innovation,glossaire"
mix-0311,Challenge Mixte,mixte,moyen,Combien de departements compte la region : Est ?,9,4,5,10,B,200,25,La region : Est compte 4 departements.,"mixte,cameroun,geographie,regions"
mix-0312,Challenge Mixte,mixte,moyen,"Pour fabriquer un produit, un artisan depense 1 200 FCFA de matieres, 500 FCFA de main-d'oeuvre et 300 FCFA d'autres charges. Quel est son prix de revient ?",4 000 FCFA,800 FCFA,1 200 FCFA,2 000 FCFA,D,200,25,Prix de revient = 1 200 FCFA + 500 FCFA + 300 FCFA = 2 000 FCFA.,"mixte,entrepreneuriat,calcul,couts"
mix-0313,Challenge Mixte,mixte,facile,Quel est le principal benefice de cette demarche : faire connaitre une boutique aupres des habitants du quartier ?,Relancer les clients endormis au bon moment,Toucher des clients proches a faible cout,Observer l'etat des cultures sans se deplacer partout,Eviter les versions multiples et les pertes,B,100,20,Le gain principal : toucher des clients proches a faible cout.,"mixte,innovation,usages"
mix-0314,Challenge Mixte,mixte,moyen,"Dans le monde numerique, que designe un test utilisateur ?",Une observation de personnes reelles utilisant le produit,L'ecart entre ceux qui ont acces au numerique et ceux qui en sont prives,Une suite de caracteres donnant droit a une reduction en ligne,La capacite de stockage disponible sur un appareil,A,200,25,Un test utilisateur : une observation de personnes reelles utilisant le produit.,"mixte,innovation,glossaire"
mix-0315,Challenge Mixte,mixte,challenge,Quelle ecole de commerce publique est rattachee a l'Universite de Douala ?,L'ENSP,L'ESSEC de Douala,L'IRIC,L'ENAM,B,300,30,L'ESSEC de Douala forme aux metiers de la gestion.,"mixte,cameroun,culture"
mix-0316,Challenge Mixte,mixte,challenge,De quel pays Yoco est-il ou est-elle originaire ?,l'Afrique du Sud,la Tunisie,le Nigeria,l'Algerie,A,300,30,Yoco vient de ce pays : l'Afrique du Sud.,"mixte,innovation,afrique"
mix-0317,Challenge Mixte,mixte,moyen,"Dans le monde numerique, que designe la realite virtuelle ?",Une technologie qui plonge l'utilisateur dans un environnement entierement simule,Le traitement automatique de tache repetitives comme la saisie ou les relances,Un ecran qui rassemble les indicateurs cles d'une activite,"Un logiciel dont le code peut etre utilise, modifie et partage librement",A,200,25,La realite virtuelle : une technologie qui plonge l'utilisateur dans un environnement entierement simule.,"mixte,innovation,glossaire"
mix-0318,Challenge Mixte,mixte,moyen,Quel professionnel du numerique a pour mission de : Concevoir l'apparence et l'ergonomie des ecrans ?,un chef de projet numerique,un expert en cybersecurite,un specialiste du support client en ligne,un designer d'interface,D,200,25,Il s'agit d'un designer d'interface.,"mixte,innovation,metiers"
mix-0319,Challenge Mixte,mixte,facile,"Dans le monde numerique, que designe le wifi ?",Un dispositif qui suggere des contenus ou produits selon les gouts de l'utilisateur,Un ensemble d'informations organisees pour etre retrouvees facilement,Une technologie de connexion a internet sans fil sur une courte distance,Le plan des evolutions prevues pour un service numerique,C,100,20,Le wifi : une technologie de connexion a internet sans fil sur une courte distance.,"mixte,innovation,glossaire"
mix-0320,Challenge Mixte,mixte,challenge,Quelle information est la plus utile pour ameliorer une offre ?,L'avis du meilleur ami du fondateur,La superficie du local,Les retours des clients qui n'ont pas achete,Le nombre d'abonnes sur les reseaux,C,300,30,Comprendre les refus revele les freins a l'achat.,"mixte,entrepreneuriat,marketing"
mix-0321,Challenge Mixte,mixte,challenge,Quel est le chef-lieu du departement du Mvila ?,Mundemba,Kumbo,Ebolowa,Yagoua,C,300,30,"Ebolowa est le chef-lieu du Mvila, dans la region : Sud.","mixte,cameroun,geographie,departements"
mix-0322,Challenge Mixte,mixte,moyen,Quel est l'interet d'un argumentaire structure ?,Eviter de repondre aux questions,Reciter les caracteristiques techniques uniquement,Presenter les benefices clients de facon claire et convaincante,Parler le plus longtemps possible,C,200,25,"On vend des benefices, pas des caracteristiques.","mixte,entrepreneuriat,vente"
mix-0323,Challenge Mixte,mixte,challenge,Le chiffre d'affaires est passe de 400 000 FCFA a 500 000 FCFA en un an. Quel est le taux de croissance ?,12.5 %,50 %,20 %,25 %,D,300,30,Croissance = (nouveau - ancien) / ancien x 100 = 25 %.,"mixte,entrepreneuriat,calcul,indicateurs"
mix-0324,Challenge Mixte,mixte,moyen,Dans quel secteur d'activite AppsTech s'est-elle developpee ?,Les logiciels d'entreprise,Le streaming video,Les processeurs graphiques,Le streaming musical,A,200,25,AppsTech intervient dans : les logiciels d'entreprise.,"mixte,entrepreneuriat,figures"
mix-0325,Challenge Mixte,mixte,challenge,Une petite entreprise veut reduire la consommation d'electricite d'un atelier. Quelle solution numerique est la plus adaptee ?,Une imprimante 3D,La biometrie,La verification des sources,Des compteurs connectes et un suivi des consommations,D,300,30,"Pour reduire la consommation d'electricite d'un atelier, des compteurs connectes et un suivi des consommations est la reponse la plus directe.","mixte,innovation,usages"
mix-0326,Challenge Mixte,mixte,moyen,A quel besoin repond principalement cette solution : Un logiciel de gestion de stock avec code-barres ?,Identifier un client sans carte grace a son empreinte,Eviter de perdre du temps a compter le stock a la main,Vendre a des clients situes dans une autre ville,Eviter que la caisse ne soit fausse en fin de journee,B,200,25,Un logiciel de gestion de stock avec code-barres sert notamment a eviter de perdre du temps a compter le stock a la main.,"mixte,innovation,usages"
mix-0327,Challenge Mixte,mixte,challenge,"En entrepreneuriat, que designe un actionnariat salarie ?",Une jeune entreprise innovante qui cherche un modele economique reproductible,Le fait d'associer les employes au capital de l'entreprise,L'organisation des flux de marchandises et d'informations,La collecte de fonds aupres d'un grand nombre de personnes via une plateforme,B,300,30,Un actionnariat salarie : le fait d'associer les employes au capital de l'entreprise.,"mixte,entrepreneuriat,glossaire"
mix-0328,Challenge Mixte,mixte,challenge,"Un produit est achete 1 750 FCFA et vendu 2 500 FCFA. Quel est le taux de marge, calcule sur le prix de vente ?",42.9 %,70 %,30 %,15 %,C,300,30,Taux de marge = (PV - PA) / PV x 100 = 30 %.,"mixte,entrepreneuriat,calcul,marge"
mix-0329,Challenge Mixte,mixte,moyen,Que signifie le sigle APME dans le monde de l'entreprise ?,Communaute Economique et Monetaire de l'Afrique Centrale,Agence de Promotion des Petites et Moyennes Entreprises,Indicateur Cle de Performance,Organisation pour l'Harmonisation en Afrique du Droit des Affaires,B,200,25,APME : Agence de Promotion des Petites et Moyennes Entreprises.,"mixte,entrepreneuriat,sigles"
mix-0330,Challenge Mixte,mixte,moyen,"En entrepreneuriat, que designe une acquisition ?",Une reduction accordee sur le prix de vente,Le registre ou sont immatriculees les entreprises commerciales,Le rachat d'une entreprise par une autre,Une petite ou moyenne entreprise,C,200,25,Une acquisition : le rachat d'une entreprise par une autre.,"mixte,entrepreneuriat,glossaire"
mix-0331,Challenge Mixte,mixte,moyen,Dans quelle region du Cameroun se trouve la ville de Yaounde ?,Sud-Ouest,Extreme-Nord,Centre,Ouest,C,200,25,Yaounde est situee dans la region : Centre.,"mixte,cameroun,geographie,villes"
mix-0332,Challenge Mixte,mixte,moyen,"Dans le monde numerique, que designe l'experience utilisateur ?",Une representation geographique consultable en ligne,Une observation de personnes reelles utilisant le produit,La qualite du ressenti d'une personne lorsqu'elle utilise un service,Un modele ou des particuliers partagent biens et services via des plateformes,C,200,25,L'experience utilisateur : la qualite du ressenti d'une personne lorsqu'elle utilise un service.,"mixte,innovation,glossaire"
mix-0333,Challenge Mixte,mixte,moyen,"Dans le monde numerique, que designe le consentement ?",L'appareil qui permet d'encaisser un paiement par carte,L'accord libre et informe donne avant l'utilisation de ses donnees,Un espace en ligne d'echange de questions et de reponses,Une technologie de cable permettant des debits internet tres eleves,B,200,25,Le consentement : l'accord libre et informe donne avant l'utilisation de ses donnees.,"mixte,innovation,glossaire"
mix-0334,Challenge Mixte,mixte,moyen,Dans quel domaine Ruben Um Nyobe s'est-il ou s'est-elle illustre(e) ?,Le cinema,La technologie,La politique,La lutte contre la colonisation,D,200,25,Ruben Um Nyobe est connu(e) pour avoir dirige l'UPC dans le combat pour l'independance.,"mixte,cameroun,personnalites"
mix-0335,Challenge Mixte,mixte,facile,La ville de Douala est batie sur l'estuaire de quel fleuve ?,La Sanaga,Le Mungo,Le Wouri,Le Nyong,C,100,20,Le pont sur le Wouri est un symbole de Douala.,"mixte,cameroun,geographie"
mix-0336,Challenge Mixte,mixte,moyen,Pourquoi l'agroalimentaire est-il considere comme un secteur porteur au Cameroun ?,Parce que la production agricole est abondante mais peu transformee localement,Parce qu'il n'y a pas de clients,Parce que les matieres premieres sont importees,Parce que la loi l'impose,A,200,25,La transformation locale reste faible face au potentiel agricole.,"mixte,entrepreneuriat,cameroun"
mix-0337,Challenge Mixte,mixte,facile,Une entreprise realise 7 500 000 FCFA de chiffre d'affaires et supporte 6 200 000 FCFA de charges. Quel est son benefice ?,13 700 000 FCFA,650 000 FCFA,7 500 000 FCFA,1 300 000 FCFA,D,100,20,Benefice = CA - charges = 7 500 000 FCFA - 6 200 000 FCFA = 1 300 000 FCFA.,"mixte,entrepreneuriat,calcul,resultat"
mix-0338,Challenge Mixte,mixte,moyen,Qui est a l'origine de cette avancee : l'imprimerie a caracteres mobiles en Europe ?,Karl Benz,Ray Tomlinson,Johannes Gutenberg,Alexander Graham Bell,C,200,25,Il s'agit de Johannes Gutenberg.,"mixte,innovation,histoire"
mix-0339,Challenge Mixte,mixte,moyen,De quel pays Reed Hastings est-il ou est-elle originaire ?,la Suede,le Soudan,les Etats-Unis,le Royaume-Uni,C,200,25,Reed Hastings est originaire de ce pays : les Etats-Unis.,"mixte,entrepreneuriat,figures"
mix-0340,Challenge Mixte,mixte,challenge,"Dans le monde numerique, que designe la redondance ?",La reduction de la taille d'un fichier pour l'envoyer plus facilement,Un groupe de personnes reunies autour d'un interet commun sur internet,Une tentative de vol d'informations en se faisant passer pour un organisme de confiance,Le fait de dupliquer un equipement ou une donnee pour eviter une interruption,D,300,30,La redondance : le fait de dupliquer un equipement ou une donnee pour eviter une interruption.,"mixte,innovation,glossaire"
mix-0341,Challenge Mixte,mixte,challenge,Quel rocher emblematique se trouve sur la cote de Kribi ?,Le Rocher de Manoka,Le Rocher du Lion,La Pierre de Buea,Le Rocher du Loup,D,300,30,Le Rocher du Loup est un site touristique de Kribi.,"mixte,cameroun,culture"
mix-0342,Challenge Mixte,mixte,facile,"Quel terme correspond a cette definition : Un outil qui aide a suivre les stocks, les ventes ou la comptabilite ?",un logiciel de gestion,une publication,un lecteur de code-barres,un filtre anti-spam,A,100,20,Il s'agit d'un logiciel de gestion.,"mixte,innovation,glossaire"
mix-0343,Challenge Mixte,mixte,facile,Quel outil numerique permet de : Diffuser des cours accessibles a distance ?,un agenda partage,un CRM,une plateforme de formation en ligne,un outil de gestion de stock,C,100,20,Il s'agit d'une plateforme de formation en ligne.,"mixte,innovation,outils"
mix-0344,Challenge Mixte,mixte,challenge,Quelle est l'activite principale de Gifted Mom ?,Le transport a la demande et la livraison,La recherche d'emploi en ligne,Le suivi de la sante maternelle par mobile,La teleconsultation medicale,C,300,30,Gifted Mom : le suivi de la sante maternelle par mobile (le Cameroun).,"mixte,innovation,afrique"
mix-0345,Challenge Mixte,mixte,moyen,Comment appelle-t-on ceci : La part des visiteurs ou prospects qui deviennent clients ?,le leadership,une subvention,une rupture de stock,le taux de conversion,D,200,25,Il s'agit du taux de conversion.,"mixte,entrepreneuriat,glossaire"
mix-0346,Challenge Mixte,mixte,moyen,Que designe une fintech ?,Une exploitation agricole,Une compagnie aerienne,Une entreprise qui utilise la technologie pour proposer des services financiers,Une usine de textile,C,200,25,Financial technology.,"mixte,innovation,afrique"
mix-0347,Challenge Mixte,mixte,facile,Comment appelle-t-on les etablissements financiers de proximite tres presents au Cameroun ?,Les banques centrales,Les fonds souverains,Les etablissements de microfinance (EMF),Les compagnies d'assurance-vie,C,100,20,Les EMF financent les petites activites.,"mixte,cameroun,economie"
mix-0348,Challenge Mixte,mixte,moyen,"En entrepreneuriat, que designe la prospection ?",La constatation comptable de la perte de valeur d'un bien dans le temps,La recherche active de nouveaux clients,Une personne qui achete reellement le produit ou le service,La recommandation spontanee d'un client a son entourage,B,200,25,La prospection : la recherche active de nouveaux clients.,"mixte,entrepreneuriat,glossaire"
mix-0349,Challenge Mixte,mixte,facile,"Dans le monde numerique, que designe une communaute en ligne ?",Un groupe de personnes reunies autour d'un interet commun sur internet,Une offre de base gratuite completee par des options payantes,Le fait de dupliquer un equipement ou une donnee pour eviter une interruption,Les informations qui permettent d'identifier une personne,A,100,20,Une communaute en ligne : un groupe de personnes reunies autour d'un interet commun sur internet.,"mixte,innovation,glossaire"
mix-0350,Challenge Mixte,mixte,moyen,Quel est l'ingredient principal utilise pour preparer le mbongo tchobi ?,les feuilles de manioc pilees,le mais et les haricots,la noix de palme,les epices noires grillees et le poisson,D,200,25,Le mbongo tchobi se prepare avec les epices noires grillees et le poisson.,"mixte,cameroun,gastronomie"
mix-0351,Challenge Mixte,mixte,challenge,Dans quel domaine Geoffrey Hinton a-t-il ou a-t-elle laisse sa marque ?,Internet,Les telecommunications,L'intelligence artificielle,L'imprimerie,C,300,30,Geoffrey Hinton a marque ce domaine : L'intelligence artificielle.,"mixte,innovation,histoire"
mix-0352,Challenge Mixte,mixte,moyen,"Quelle personnalite camerounaise est connue pour avoir invente le Cardiopad, tablette medicale pour le coeur ?",Arthur Zang,Sam Fan Thomas,Stanley Enow,Dina Bell,A,200,25,Il s'agit de Arthur Zang.,"mixte,cameroun,personnalites"
mix-0353,Challenge Mixte,mixte,moyen,A quelle communaute economique regionale le Cameroun appartient-il ?,La SADC,L'UEMOA,La CEDEAO,La CEMAC,D,200,25,La Communaute economique et monetaire de l'Afrique centrale.,"mixte,cameroun,institutions,symboles"
mix-0354,Challenge Mixte,mixte,moyen,Dans quelle region du Cameroun se trouve la ville de Garoua ?,Adamaoua,Sud-Ouest,Ouest,Nord,D,200,25,Garoua est situee dans la region : Nord.,"mixte,cameroun,geographie,villes"
mix-0355,Challenge Mixte,mixte,facile,Une petite entreprise veut faire connaitre une boutique aupres des habitants du quartier. Quelle solution numerique est la plus adaptee ?,Une sauvegarde dans le cloud,Une presence sur les reseaux sociaux locaux,Une solution de paiement en ligne,La reconnaissance vocale,B,100,20,"Pour faire connaitre une boutique aupres des habitants du quartier, une presence sur les reseaux sociaux locaux est la reponse la plus directe.","mixte,innovation,usages"
mix-0356,Challenge Mixte,mixte,moyen,Comment appelle-t-on ceci : Un bien ou un engagement qui securise le preteur en cas de non-remboursement ?,une garantie,une SA,une PME,une etude de marche,A,200,25,Il s'agit d'une garantie.,"mixte,entrepreneuriat,glossaire"
mix-0357,Challenge Mixte,mixte,facile,Que faut-il faire dans cette situation : vous recevez un SMS annoncant que vous avez gagne un prix et demandant votre code secret ?,Creer un mot de passe different pour chaque service,Ne jamais communiquer son code et supprimer le message,Ne jamais publier ses coordonnees bancaires en ligne,Mettre en place une sauvegarde reguliere et automatique,B,100,20,Bonne pratique : ne jamais communiquer son code et supprimer le message.,"mixte,innovation,cybersecurite"
mix-0358,Challenge Mixte,mixte,moyen,Comment appelle-t-on ceci : Les flux d'argent qui entrent et sortent de l'entreprise ?,le positionnement,le cash-flow,la microfinance,le service apres-vente,B,200,25,Il s'agit du cash-flow.,"mixte,entrepreneuriat,glossaire"
mix-0359,Challenge Mixte,mixte,moyen,Le departement du Ocean appartient a quelle region ?,Nord-Ouest,Nord,Sud-Ouest,Sud,D,200,25,Le Ocean se situe dans la region : Sud.,"mixte,cameroun,geographie,departements"
mix-0360,Challenge Mixte,mixte,facile,Quelles sont les deux langues officielles du Cameroun ?,Le francais et le fulfulde,Le francais et l'anglais,Le francais et l'allemand,L'anglais et le douala,B,100,20,Le bilinguisme officiel decoule de l'histoire coloniale.,"mixte,cameroun,institutions,symboles"
mix-0361,Challenge Mixte,mixte,moyen,Quel terme correspond a cette definition : Le retour d'une somme au client via un canal numerique ?,un ecran tactile,un remboursement en ligne,un site frauduleux,une audience en ligne,B,200,25,Il s'agit d'un remboursement en ligne.,"mixte,innovation,glossaire"
mix-0362,Challenge Mixte,mixte,facile,Combien de composantes classiques compte le marketing mix ?,Quatre,Dix,Deux,Six,A,100,20,"Produit, prix, distribution et communication.","mixte,entrepreneuriat,marketing"
mix-0363,Challenge Mixte,mixte,moyen,Dans quel domaine Blanche Bailly s'est-il ou s'est-elle illustre(e) ?,Les affaires et l'entrepreneuriat,Le cinema,La lutte contre la colonisation,La musique,D,200,25,Blanche Bailly est connu(e) pour etre une chanteuse afropop connue pour Mimbayeur.,"mixte,cameroun,personnalites"
mix-0364,Challenge Mixte,mixte,moyen,Quelle est l'activite principale de Glotelho ?,La vente en ligne d'appareils et d'electromenager,La livraison medicale par drone,Le transport a la demande et la livraison,L'intelligence artificielle appliquee aux entreprises,A,200,25,Glotelho : la vente en ligne d'appareils et d'electromenager (le Cameroun).,"mixte,innovation,afrique"
mix-0365,Challenge Mixte,mixte,challenge,Le chiffre d'affaires est passe de 900 000 FCFA a 1 080 000 FCFA en un an. Quel est le taux de croissance ?,16.7 %,80 %,20 %,10 %,C,300,30,Croissance = (nouveau - ancien) / ancien x 100 = 20 %.,"mixte,entrepreneuriat,calcul,indicateurs"
mix-0366,Challenge Mixte,mixte,moyen,Comment appelle-t-on la fete traditionnelle des Bamoun celebree a Foumban ?,Le Fete du Mbaya,Le Ngondo,Le Medumba,Le Nguon,D,200,25,Le Nguon est inscrit au patrimoine immateriel de l'UNESCO.,"mixte,cameroun,culture"
mix-0367,Challenge Mixte,mixte,moyen,Quel secteur du numerique africain attire le plus de financements ces dernieres annees ?,L'industrie du charbon,La construction navale,L'aeronautique lourde,La fintech,D,200,25,Les paiements et services financiers dominent les levees de fonds.,"mixte,innovation,afrique"
mix-0368,Challenge Mixte,mixte,facile,Dans quelle partie du Cameroun le cacao est-il ou est-elle principalement cultive(e) ?,Le Sud et l'Est,Le Centre,Le Grand Nord,L'Ouest et le Nord-Ouest,B,100,20,Pour le cacao : le Cameroun figure parmi les premiers producteurs mondiaux.,"mixte,cameroun,economie,agriculture"
mix-0369,Challenge Mixte,mixte,challenge,Dans quel domaine Gaelle Enganamouit s'est-il ou s'est-elle illustre(e) ?,L'athletisme,La litterature,Le football,Le cinema,C,300,30,Gaelle Enganamouit est connu(e) pour avoir ete elue meilleure joueuse africaine en 2015 avec les Lionnes Indomptables.,"mixte,cameroun,personnalites"
mix-0370,Challenge Mixte,mixte,challenge,Dans quel domaine Alain Nteff s'est-il ou s'est-elle illustre(e) ?,La politique,Les affaires et l'entrepreneuriat,La mode,La technologie,D,300,30,Alain Nteff est connu(e) pour avoir cofonde Gifted Mom pour la sante maternelle.,"mixte,cameroun,personnalites"
mix-0371,Challenge Mixte,mixte,challenge,"Dans le monde numerique, que designe la classification automatique ?",Un espace en ligne d'echange de questions et de reponses,Une interface qui permet a deux logiciels de communiquer entre eux,Le tri automatique d'elements dans des categories predefinies,Un robot qui repond aux questions frequentes des clients,C,300,30,La classification automatique : le tri automatique d'elements dans des categories predefinies.,"mixte,innovation,glossaire"
mix-0372,Challenge Mixte,mixte,facile,"En entrepreneuriat, que designe la comptabilite ?",Un ensemble coordonne d'actions de communication payantes,La presentation courte et convaincante d'un projet,Le developpement de l'activite au-dela des frontieres nationales,L'enregistrement organise des operations financieres de l'entreprise,D,100,20,La comptabilite : l'enregistrement organise des operations financieres de l'entreprise.,"mixte,entrepreneuriat,glossaire"
mix-0373,Challenge Mixte,mixte,challenge,De quel pays Verone Mankou est-il ou est-elle originaire ?,le Royaume-Uni,le Zimbabwe,le Soudan,le Congo,D,300,30,Verone Mankou est originaire de ce pays : le Congo.,"mixte,entrepreneuriat,figures"
mix-0374,Challenge Mixte,mixte,moyen,Dans quelle region du Cameroun se trouve la ville de Batouri ?,Ouest,Nord-Ouest,Centre,Est,D,200,25,Batouri est situee dans la region : Est.,"mixte,cameroun,geographie,villes"
mix-0375,Challenge Mixte,mixte,facile,Quel service financier permet a un commercant camerounais d'encaisser sans compte bancaire classique ?,Le cheque certifie uniquement,Le mobile money,Le virement SWIFT uniquement,La lettre de credit documentaire,B,100,20,MTN MoMo et Orange Money sont largement utilises.,"mixte,entrepreneuriat,cameroun"
mix-0376,Challenge Mixte,mixte,challenge,Quel est le chef-lieu du departement du Donga-Mantung ?,Nkambe,Kousseri,Poli,Bamenda,A,300,30,"Nkambe est le chef-lieu du Donga-Mantung, dans la region : Nord-Ouest.","mixte,cameroun,geographie,departements"
mix-0377,Challenge Mixte,mixte,challenge,"Un produit est achete 900 FCFA et vendu 1 200 FCFA. Quel est le taux de marge, calcule sur le prix de vente ?",33.3 %,35 %,12.5 %,25 %,D,300,30,Taux de marge = (PV - PA) / PV x 100 = 25 %.,"mixte,entrepreneuriat,calcul,marge"
mix-0378,Challenge Mixte,mixte,moyen,"En entrepreneuriat, que designe un echeancier ?",Le calendrier des remboursements d'un credit,Une somme avancee par une banque et remboursee avec interets,La capacite a inspirer et a entrainer une equipe vers un objectif,Une entreprise qui propose une offre similaire aux memes clients,A,200,25,Un echeancier : le calendrier des remboursements d'un credit.,"mixte,entrepreneuriat,glossaire"
mix-0379,Challenge Mixte,mixte,moyen,Un vendeur achete des articles a 5 000 FCFA l'unite et les revend a 7 500 FCFA. Il en vend 20 dans le mois. Quelle est sa marge totale ?,150 000 FCFA,50 000 FCFA,100 000 FCFA,2 500 FCFA,B,200,25,Marge totale = (7 500 FCFA - 5 000 FCFA) x 20 = 50 000 FCFA.,"mixte,entrepreneuriat,calcul,marge"
mix-0380,Challenge Mixte,mixte,moyen,Un article coute 7 500 FCFA. Le vendeur accorde une remise de 10 %. Quel est le prix a payer ?,7 490 FCFA,8 250 FCFA,6 750 FCFA,7 500 FCFA,C,200,25,Prix remise = 7 500 FCFA x (1 - 10/100) = 6 750 FCFA.,"mixte,entrepreneuriat,calcul,prix"
mix-0381,Challenge Mixte,mixte,facile,Quel outil numerique permet de : Rediger et mettre en forme des documents ?,un outil de creation graphique en ligne,un traitement de texte,un logiciel de caisse,un assistant IA conversationnel,B,100,20,Il s'agit d'un traitement de texte.,"mixte,innovation,outils"
mix-0382,Challenge Mixte,mixte,moyen,"En entrepreneuriat, que designe un segment de clientele ?",Une taxe sur la consommation collectee par l'entreprise pour l'Etat,Le cout du credit exprime en pourcentage du montant emprunte,Le montant moyen depense par un client lors d'un achat,Un groupe de clients qui partagent des besoins et comportements proches,D,200,25,Un segment de clientele : un groupe de clients qui partagent des besoins et comportements proches.,"mixte,entrepreneuriat,glossaire"
mix-0383,Challenge Mixte,mixte,challenge,Quelle colline de Yaounde offre une vue panoramique et abrite un palais ?,La colline de Deido,Le mont Febe,Le mont Kupe,Le mont Oku,B,300,30,Le mont Febe domine la capitale.,"mixte,cameroun,culture"
mix-0384,Challenge Mixte,mixte,challenge,"Quel gisement de fer, dans la region du Sud, fait l'objet de projets miniers ?",Le gisement de Bafang,Le gisement de Ndop,Le gisement de Mbalam,Le gisement de Waza,C,300,30,Mbalam-Nabeba est un projet de minerai de fer transfrontalier.,"mixte,cameroun,economie"
mix-0385,Challenge Mixte,mixte,moyen,Vous voulez vendre a l'international. Quelle premiere verification est essentielle ?,Le classement sportif du pays,Le nombre d'aeroports du pays,La couleur preferee des habitants,Les exigences reglementaires et logistiques du pays cible,D,200,25,"Normes, douanes et logistique conditionnent l'export.","mixte,entrepreneuriat,mise-en-situation"
mix-0386,Challenge Mixte,mixte,moyen,De quelle ville camerounaise le club de football Aigle Royal est-il originaire ?,Melong,Mbouda,Dschang,Limbe,C,200,25,"Aigle Royal est base a Dschang, dans la region : L'Ouest.","mixte,cameroun,sport"
mix-0387,Challenge Mixte,mixte,facile,Quel materiau local est utilise pour fabriquer les paniers artisanaux ?,Le plastique importe,L'acier inoxydable,Le verre souffle,Le raphia,D,100,20,Le raphia est tresse par les artisans.,"mixte,cameroun,culture-generale"
mix-0388,Challenge Mixte,mixte,moyen,Quelle entreprise camerounaise correspond a cette description : une cimenterie du groupe nigerian Dangote a Douala ?,Dangote Cement Cameroun,Jumia Cameroun,le PAD,Bocom,A,200,25,Il s'agit de Dangote Cement Cameroun.,"mixte,cameroun,economie,entreprises"
mix-0389,Challenge Mixte,mixte,moyen,Quelle affirmation est exacte a propos du cafe arabica au Cameroun ?,"En resume, il beneficie d'une indication geographique protegee","En resume, il alimente l'industrie de l'huile de palme","En resume, il sert a preparer bobolo, gari et miondo","En resume, il pousse sur les hautes terres",D,200,25,Pour le cafe arabica : il pousse sur les hautes terres.,"mixte,cameroun,economie,agriculture"
mix-0390,Challenge Mixte,mixte,moyen,"En entrepreneuriat, que designe le retour sur investissement ?",Le rapport entre le gain obtenu et la somme investie,La presentation courte et convaincante d'un projet,Une entreprise qui exploite la marque et le savoir-faire d'un franchiseur,Un developpement qui repond aux besoins presents sans compromettre l'avenir,A,200,25,Le retour sur investissement : le rapport entre le gain obtenu et la somme investie.,"mixte,entrepreneuriat,glossaire"
mix-0391,Challenge Mixte,mixte,facile,Une petite entreprise veut encaisser un client qui n'a pas d'argent liquide. Quelle solution numerique est la plus adaptee ?,Le paiement par mobile money,L'authentification a deux facteurs,Un systeme de detection automatique de fraude,Une imprimante 3D,A,100,20,"Pour encaisser un client qui n'a pas d'argent liquide, le paiement par mobile money est la reponse la plus directe.","mixte,innovation,usages"
mix-0392,Challenge Mixte,mixte,moyen,"En entrepreneuriat, que designe la franchise ?",Le droit d'exploiter une marque et un savoir-faire contre une redevance,Un ensemble coordonne d'actions de communication payantes,La forme legale choisie pour exercer une activite,La conservation de documents prouvant les operations realisees,A,200,25,La franchise : le droit d'exploiter une marque et un savoir-faire contre une redevance.,"mixte,entrepreneuriat,glossaire"
mix-0393,Challenge Mixte,mixte,moyen,Dans quelle region du Cameroun les Bamileke sont-ils principalement etablis ?,L'Est,Le Sud-Ouest,Le Nord,L'Ouest,D,200,25,Les Bamileke vivent principalement dans cette region.,"mixte,cameroun,peuples,langues"
mix-0394,Challenge Mixte,mixte,facile,Le Cameroun est membre a la fois du Commonwealth et de quelle autre grande organisation linguistique ?,L'ASEAN,Le Mercosur,La Ligue arabe,La Francophonie,D,100,20,Le bilinguisme francais-anglais explique cette double appartenance.,"mixte,cameroun,histoire"
mix-0395,Challenge Mixte,mixte,facile,"Dans le monde numerique, que designe l'e-learning ?",La formation a distance via des supports numeriques,Une offre de base gratuite completee par des options payantes,Un logiciel qui organise des donnees en lignes et colonnes et effectue des calculs,L'identification d'une personne par une caracteristique physique unique,A,100,20,L'e-learning : la formation a distance via des supports numeriques.,"mixte,innovation,glossaire"
mix-0396,Challenge Mixte,mixte,challenge,Quel est le chef-lieu du departement du Djerem ?,Tchollire,Tibati,Bafia,Garoua,B,300,30,"Tibati est le chef-lieu du Djerem, dans la region : Adamaoua.","mixte,cameroun,geographie,departements"
mix-0397,Challenge Mixte,mixte,challenge,Dans quel secteur d'activite Nvidia s'est-elle developpee ?,L'automobile electrique,Les logiciels informatiques,Les tablettes et smartphones,Les processeurs graphiques,D,300,30,Nvidia intervient dans : les processeurs graphiques.,"mixte,entrepreneuriat,figures"
mix-0398,Challenge Mixte,mixte,moyen,Quelle est la mission principale d'un testeur logiciel ?,Verifier le bon fonctionnement d'un programme avant sa mise en service,"Organiser, securiser et optimiser le stockage des donnees",Definir les priorites d'un produit numerique au nom des utilisateurs,Realiser des prises de vue ou des mesures aeriennes,A,200,25,Un testeur logiciel : verifier le bon fonctionnement d'un programme avant sa mise en service.,"mixte,innovation,metiers"
mix-0399,Challenge Mixte,mixte,challenge,Une petite entreprise veut detecter une transaction bancaire anormale. Quelle solution numerique est la plus adaptee ?,Un outil d'automatisation des taches,Un logiciel de gestion de la relation client,Un systeme de detection automatique de fraude,Un code QR imprime sur l'etiquette,C,300,30,"Pour detecter une transaction bancaire anormale, un systeme de detection automatique de fraude est la reponse la plus directe.","mixte,innovation,usages"
mix-0400,Challenge Mixte,mixte,moyen,Dans quelle partie du Cameroun le mil et le sorgho est-il ou est-elle principalement cultive(e) ?,Le Grand Nord,Le Sud et l'Est,L'Ouest et le Nord-Ouest,Le Centre,A,200,25,Pour le mil et le sorgho : ce sont les cereales de base en zone sahelienne.,"mixte,cameroun,economie,agriculture"
mix-0401,Challenge Mixte,mixte,facile,Quel terme correspond a cette definition : La liste des pages consultees par un utilisateur ?,un PDF,l'historique de navigation,l'agriculture de precision,le GPS,B,100,20,Il s'agit de l'historique de navigation.,"mixte,innovation,glossaire"
mix-0402,Challenge Mixte,mixte,facile,Quel professionnel du numerique a pour mission de : Creer les visuels et l'identite graphique ?,un ingenieur en intelligence artificielle,un designer d'interface,un graphiste numerique,un developpeur mobile,C,100,20,Il s'agit d'un graphiste numerique.,"mixte,innovation,metiers"
mix-0403,Challenge Mixte,mixte,moyen,Comment appelle-t-on ceci : Un contrat passe par une administration avec une entreprise ?,un marche public,un solde,la ZLECAf,un fournisseur agree,A,200,25,Il s'agit d'un marche public.,"mixte,entrepreneuriat,glossaire"
mix-0404,Challenge Mixte,mixte,moyen,Dans quelle region du Cameroun se trouve la ville de Bangem ?,Nord-Ouest,Adamaoua,Nord,Sud-Ouest,D,200,25,Bangem est situee dans la region : Sud-Ouest.,"mixte,cameroun,geographie,villes"
mix-0405,Challenge Mixte,mixte,moyen,Vous constatez que votre marge est bonne mais votre volume faible. Quelle piste ?,Baisser la qualite,Travailler la visibilite et la conquete de nouveaux clients,Augmenter les charges fixes,Reduire encore le volume,B,200,25,Bonne marge et faible volume appellent un effort commercial.,"mixte,entrepreneuriat,mise-en-situation"
mix-0406,Challenge Mixte,mixte,facile,Pourquoi les reunions doivent-elles avoir un ordre du jour ?,Pour eviter de prendre des decisions,Pour durer plus longtemps,Pour rester efficaces et deboucher sur des decisions,Parce que la loi l'impose,C,100,20,Un ordre du jour cadre la reunion.,"mixte,entrepreneuriat,gestion"
mix-0407,Challenge Mixte,mixte,moyen,"Dans le monde numerique, que designe le deepfake ?",Un commentaire public laisse par un acheteur sur un produit ou un service,Le code qui permet de retrouver une operation de paiement,Un contenu video ou audio truque de facon realiste par intelligence artificielle,La liste des pages consultees par un utilisateur,C,200,25,Le deepfake : un contenu video ou audio truque de facon realiste par intelligence artificielle.,"mixte,innovation,glossaire"
mix-0408,Challenge Mixte,mixte,moyen,Quelle personnalite camerounaise est connue pour etre surnommee la Reine d'or de la chanson camerounaise ?,Anne-Marie Nzie,Ekambi Brillant,Ruben Um Nyobe,Hortense Bewouda,A,200,25,Il s'agit de Anne-Marie Nzie.,"mixte,cameroun,personnalites"
mix-0409,Challenge Mixte,mixte,moyen,Pourquoi la transformation locale du cacao est-elle une opportunite au Cameroun ?,Parce que l'exportation est interdite,Parce que le cacao ne se vend pas,Parce qu'elle cree plus de valeur et d'emplois que l'exportation de feves brutes,Parce que la transformation coute moins cher que rien faire,C,200,25,Transformer sur place capte davantage de valeur ajoutee.,"mixte,entrepreneuriat,cameroun"
mix-0410,Challenge Mixte,mixte,facile,Qu'est-ce qu'un espace de coworking apporte a un jeune entrepreneur ?,"Un lieu de travail equipe et un reseau, a cout partage",Un salaire garanti,Une exoneration fiscale,Des clients obligatoires,A,100,20,Le coworking mutualise les couts fixes.,"mixte,entrepreneuriat,cameroun"
mix-0411,Challenge Mixte,mixte,facile,Dans quel secteur d'activite intervient ENEO ?,Le coton,L'agroalimentaire,Le transport aerien,L'electricite,D,100,20,ENEO est le principal distributeur d'electricite du pays.,"mixte,cameroun,economie,entreprises"
mix-0412,Challenge Mixte,mixte,facile,Quel est le chef-lieu de la region du Sud ?,Buea,Ngaoundere,Ebolowa,Douala,C,100,20,Ebolowa est le chef-lieu de la region de l'Sud.,"mixte,cameroun,geographie,regions"
mix-0413,Challenge Mixte,mixte,challenge,A quel besoin repond principalement cette solution : La realite augmentee ?,Travailler a plusieurs sur le meme document,Montrer un meuble dans le salon du client avant l'achat,Creer un site vitrine sans savoir programmer,Classer automatiquement des milliers de photos de produits,B,300,30,La realite augmentee sert notamment a montrer un meuble dans le salon du client avant l'achat.,"mixte,innovation,usages"
mix-0414,Challenge Mixte,mixte,facile,Que faut-il faire dans cette situation : votre logiciel affiche depuis des mois un message de mise a jour ?,Installer les mises a jour de securite sans tarder,Mettre en place une sauvegarde reguliere et automatique,Chiffrer les mots de passe et securiser la base de donnees,Refuser l'autorisation inutile,A,100,20,Bonne pratique : installer les mises a jour de securite sans tarder.,"mixte,innovation,cybersecurite"
mix-0415,Challenge Mixte,mixte,challenge,"En entrepreneuriat, que designe la rotation des stocks ?",Une taxe sur la consommation collectee par l'entreprise pour l'Etat,La vitesse a laquelle le stock se renouvelle par les ventes,La place que l'offre occupe dans l'esprit du client par rapport aux concurrents,Le processus de recherche et de selection des collaborateurs,B,300,30,La rotation des stocks : la vitesse a laquelle le stock se renouvelle par les ventes.,"mixte,entrepreneuriat,glossaire"
mix-0416,Challenge Mixte,mixte,challenge,Quel est le chef-lieu du departement du Mefou-et-Akono ?,Bamenda,Kribi,Ngoumou,Kaele,C,300,30,"Ngoumou est le chef-lieu du Mefou-et-Akono, dans la region : Centre.","mixte,cameroun,geographie,departements"
mix-0417,Challenge Mixte,mixte,facile,"En entrepreneuriat, que designe un contrat de travail ?",L'accord qui lie l'employeur et le salarie,La feuille de route qui organise le developpement de l'activite,Une personne qui cree et dirige une activite economique en prenant des risques,La procedure de vente des actifs pour rembourser les creanciers,A,100,20,Un contrat de travail : l'accord qui lie l'employeur et le salarie.,"mixte,entrepreneuriat,glossaire"
mix-0418,Challenge Mixte,mixte,challenge,Quelle personnalite camerounaise est connue pour avoir brille au Toulouse FC et au Betis Seville ?,Achille Emana,Manu Dibango,Paul Kammogne Fokam,Rene Philombe,A,300,30,Il s'agit de Achille Emana.,"mixte,cameroun,personnalites"
mix-0419,Challenge Mixte,mixte,facile,Quel plat de riz ou de macabo accompagne souvent les sauces camerounaises ?,Le couscous marocain,Les sushis,Les pates a la carbonara,Le riz blanc,D,100,20,Le riz accompagne de nombreuses sauces.,"mixte,cameroun,culture-generale"
mix-0420,Challenge Mixte,mixte,challenge,Quel est le chef-lieu du departement du Diamare ?,Kumba,Mbengwi,Maroua,Akonolinga,C,300,30,"Maroua est le chef-lieu du Diamare, dans la region : Extreme-Nord.","mixte,cameroun,geographie,departements"
mix-0421,Challenge Mixte,mixte,moyen,Quelle personnalite camerounaise est connue pour etre une reine du bikutsi ?,Ruben Um Nyobe,Daphne,Lady Ponce,Baba Danpullo,C,200,25,Il s'agit de Lady Ponce.,"mixte,cameroun,personnalites"
mix-0422,Challenge Mixte,mixte,facile,A quelle categorie d'outils appartient un logiciel de caisse ?,La formation,La numerisation,La gestion,L'intelligence artificielle,C,100,20,Un logiciel de caisse appartient a cette categorie : la gestion.,"mixte,innovation,outils"
mix-0423,Challenge Mixte,mixte,facile,En quelle annee Paul Biya est-il devenu president de la Republique ?,1990,1992,1982,1975,C,100,20,Paul Biya a prete serment le 6 novembre 1982.,"mixte,cameroun,histoire"
mix-0424,Challenge Mixte,mixte,moyen,"Dans le monde numerique, que designe une hallucination d'IA ?",Un composant qui mesure une grandeur physique et la transmet,Une reponse inventee par l'IA mais presentee comme vraie,Un service qui trouve des pages web a partir de mots-cles,Le retour d'une somme au client via un canal numerique,B,200,25,Une hallucination d'IA : une reponse inventee par l'ia mais presentee comme vraie.,"mixte,innovation,glossaire"
mix-0425,Challenge Mixte,mixte,facile,Comment appelle-t-on ceci : Un accord qui engage juridiquement les parties ?,un contrat,un incoterm,la franchise,la gouvernance,A,100,20,Il s'agit d'un contrat.,"mixte,entrepreneuriat,glossaire"
mix-0426,Challenge Mixte,mixte,facile,Quel terme correspond a cette definition : Un ensemble d'informations organisees pour etre retrouvees facilement ?,un site frauduleux,une adresse IP,une base de donnees,un paiement fractionne,C,100,20,Il s'agit d'une base de donnees.,"mixte,innovation,glossaire"
mix-0427,Challenge Mixte,mixte,moyen,Dans quel secteur d'activite Starbucks s'est-elle developpee ?,Les telecommunications,Les tablettes et smartphones,La restauration et le cafe,La mode et le luxe,C,200,25,Starbucks intervient dans : la restauration et le cafe.,"mixte,entrepreneuriat,figures"
mix-0428,Challenge Mixte,mixte,moyen,Comment s'appelait le Cameroun a l'epoque de la colonisation allemande ?,Neu-Afrika,Kamerun,Deutsch-Guinea,Kamerland,B,200,25,Le territoire etait nomme Kamerun.,"mixte,cameroun,histoire"
mix-0429,Challenge Mixte,mixte,moyen,"En entrepreneuriat, que designe la trace ecrite ?",Une reduction accordee sur le prix de vente,Un modele qui reduit les dechets en reutilisant et recyclant les ressources,La conservation de documents prouvant les operations realisees,Une structure qui accompagne les porteurs de projet en phase de demarrage,C,200,25,La trace ecrite : la conservation de documents prouvant les operations realisees.,"mixte,entrepreneuriat,glossaire"
mix-0430,Challenge Mixte,mixte,moyen,"Dans le monde numerique, que designe un capteur ?","Un logiciel dont le code peut etre utilise, modifie et partage librement",La copie virtuelle d'un objet ou d'un processus reel,Un composant qui mesure une grandeur physique et la transmet,Le service qui stocke un site et le rend accessible en ligne,C,200,25,Un capteur : un composant qui mesure une grandeur physique et la transmet.,"mixte,innovation,glossaire"
mix-0431,Challenge Mixte,mixte,challenge,Que designe l'analyse PESTEL ?,Un mode de financement,"L'etude des facteurs politiques, economiques, sociaux, technologiques, ecologiques et legaux",Une methode de recrutement,Un logiciel de gestion de stock,B,300,30,PESTEL analyse le macro-environnement.,"mixte,entrepreneuriat,methodes"
mix-0432,Challenge Mixte,mixte,moyen,"Comment appelle-t-on ceci : Une activite exercee en nom propre, sans creer de societe distincte ?",un devis,une entreprise individuelle,un reseau professionnel,le besoin en fonds de roulement,B,200,25,Il s'agit d'une entreprise individuelle.,"mixte,entrepreneuriat,glossaire"
mix-0433,Challenge Mixte,mixte,moyen,Le departement du Mayo-Kani appartient a quelle region ?,Nord,Sud-Ouest,Sud,Extreme-Nord,D,200,25,Le Mayo-Kani se situe dans la region : Extreme-Nord.,"mixte,cameroun,geographie,departements"
mix-0434,Challenge Mixte,mixte,challenge,"En entrepreneuriat, que designe la responsabilite illimitee ?",Un modele qui reduit les dechets en reutilisant et recyclant les ressources,Une strategie de prix eleve visant une clientele restreinte,Le principe selon lequel l'associe ne perd que ses apports,Le principe selon lequel les biens personnels peuvent etre engages,D,300,30,La responsabilite illimitee : le principe selon lequel les biens personnels peuvent etre engages.,"mixte,entrepreneuriat,glossaire"
mix-0435,Challenge Mixte,mixte,moyen,Quel terme correspond a cette definition : L'ensemble des traces laissees par une personne en ligne ?,une application web,l'empreinte numerique,une visioconference,la prediction,B,200,25,Il s'agit de l'empreinte numerique.,"mixte,innovation,glossaire"
mix-0436,Challenge Mixte,mixte,moyen,Que faut-il eviter sur une page de vente en ligne ?,Des photos claires du produit,Des informations floues sur le prix et la livraison,Des avis clients,Un moyen de contact visible,B,200,25,L'ambiguite fait fuir l'acheteur.,"mixte,entrepreneuriat,digital"
mix-0437,Challenge Mixte,mixte,moyen,Comment appelle-t-on ceci : Un modele qui reduit les dechets en reutilisant et recyclant les ressources ?,la procrastination,le pivot,le besoin en fonds de roulement,l'economie circulaire,D,200,25,Il s'agit de l'economie circulaire.,"mixte,entrepreneuriat,glossaire"
mix-0438,Challenge Mixte,mixte,challenge,Quelle personnalite camerounaise est connue pour avoir ecrit Les Chauves-souris ?,Bernard Nanga,Eric Maxim Choupo-Moting,Mr Leo,Paul Kammogne Fokam,A,300,30,Il s'agit de Bernard Nanga.,"mixte,cameroun,personnalites"
mix-0439,Challenge Mixte,mixte,facile,Comment appelle-t-on ceci : Une personne qui achete reellement le produit ou le service ?,une licence,le retour sur investissement,le pitch,un client,D,100,20,Il s'agit d'un client.,"mixte,entrepreneuriat,glossaire"
mix-0440,Challenge Mixte,mixte,challenge,"Comment appelle-t-on ceci : Le rapport entre la marge et le prix de vente, exprime en pourcentage ?",le benefice,le taux de marge,un impot,un acompte,B,300,30,Il s'agit du taux de marge.,"mixte,entrepreneuriat,glossaire"
mix-0441,Challenge Mixte,mixte,facile,Comment appelle-t-on ceci : La preuve ecrite qu'un paiement a bien ete effectue ?,un partenaire cle,un recu,la comptabilite,la franchise,B,100,20,Il s'agit d'un recu.,"mixte,entrepreneuriat,glossaire"
mix-0442,Challenge Mixte,mixte,moyen,"Dans le monde numerique, que designe une facture electronique ?",La transformation d'un texte en parole audible,Un compte numerique qui stocke de l'argent pour payer en ligne ou par telephone,La prise de decisions fondee sur des chiffres mesures plutot que sur l'intuition,"Une facture emise, transmise et conservee sous format numerique",D,200,25,"Une facture electronique : une facture emise, transmise et conservee sous format numerique.","mixte,innovation,glossaire"
mix-0443,Challenge Mixte,mixte,challenge,Quelle affirmation est exacte a propos du the au Cameroun ?,"En resume, les plantations de Djuttitsa et Ndu sont connues","En resume, il alimente l'industrie de l'huile de palme","En resume, il accompagne de nombreux plats camerounais","En resume, il sert a preparer bobolo, gari et miondo",A,300,30,Pour le the : les plantations de Djuttitsa et Ndu sont connues.,"mixte,cameroun,economie,agriculture"
mix-0444,Challenge Mixte,mixte,facile,Comment appelle-t-on ceci : Une solution de rechange prevue si le plan initial echoue ?,un fichier client,la propriete intellectuelle,le marketing,un plan B,D,100,20,Il s'agit d'un plan B.,"mixte,entrepreneuriat,glossaire"
mix-0445,Challenge Mixte,mixte,moyen,Quel terme correspond a cette definition : Un code qui distingue un element de tous les autres dans un systeme ?,un pixel de suivi,l'e-learning,un identifiant unique,un retour utilisateur,C,200,25,Il s'agit d'un identifiant unique.,"mixte,innovation,glossaire"
mix-0446,Challenge Mixte,mixte,moyen,Quel professionnel du numerique a pour mission de : Verifier le bon fonctionnement d'un programme avant sa mise en service ?,un testeur logiciel,un pilote de drone professionnel,un redacteur web,un formateur numerique,A,200,25,Il s'agit d'un testeur logiciel.,"mixte,innovation,metiers"
mix-0447,Challenge Mixte,mixte,challenge,De quel pays Twiga Foods est-il ou est-elle originaire ?,le Kenya,le Senegal,le Cameroun,le Rwanda,A,300,30,Twiga Foods vient de ce pays : le Kenya.,"mixte,innovation,afrique"
mix-0448,Challenge Mixte,mixte,challenge,Dans quel domaine Ernest Ouandie s'est-il ou s'est-elle illustre(e) ?,La technologie,La lutte contre la colonisation,Le cinema,L'athletisme,B,300,30,Ernest Ouandie est connu(e) pour avoir ete un dirigeant de l'UPC execute en 1971.,"mixte,cameroun,personnalites"
mix-0449,Challenge Mixte,mixte,challenge,"En entrepreneuriat, que designe l'ecremage ?",Une offre temporaire destinee a stimuler les ventes,Un developpement qui repond aux besoins presents sans compromettre l'avenir,Une strategie de prix eleve visant une clientele restreinte,Une personne dont l'audience peut recommander une offre,C,300,30,L'ecremage : une strategie de prix eleve visant une clientele restreinte.,"mixte,entrepreneuriat,glossaire"
mix-0450,Challenge Mixte,mixte,moyen,"Dans le monde numerique, que designe la prediction ?",L'identification d'une personne par une caracteristique physique unique,L'estimation d'une valeur future a partir de donnees passees,Un fichier envoye avec un message electronique,Une proposition de prix transmise par un canal numerique,B,200,25,La prediction : l'estimation d'une valeur future a partir de donnees passees.,"mixte,innovation,glossaire"
mix-0451,Challenge Mixte,mixte,moyen,"Dans le monde numerique, que designe un cookie ?",Un petit fichier depose par un site pour retenir des informations sur la visite,Un programme installe sur un telephone pour rendre un service,La personne qui se sert d'un produit ou d'un service numerique,Un systeme qui convertit automatiquement un texte d'une langue a une autre,A,200,25,Un cookie : un petit fichier depose par un site pour retenir des informations sur la visite.,"mixte,innovation,glossaire"
mix-0452,Challenge Mixte,mixte,moyen,Une petite entreprise veut creer un site vitrine sans savoir programmer. Quelle solution numerique est la plus adaptee ?,Un outil no-code,Un drone,La realite augmentee,Une solution de paiement en ligne,A,200,25,"Pour creer un site vitrine sans savoir programmer, un outil no-code est la reponse la plus directe.","mixte,innovation,usages"
mix-0453,Challenge Mixte,mixte,moyen,En quelle annee le Cameroun a-t-il remporte la CAN a domicile la plus recente ?,2010,2017,2021,2002,B,200,25,Le titre de 2017 a ete conquis au Gabon.,"mixte,cameroun,personnalites,sport,culture"
mix-0454,Challenge Mixte,mixte,challenge,Quel terme correspond a cette definition : L'examen des outils et pratiques numeriques d'une organisation ?,un audit numerique,un identifiant de transaction,un prestataire informatique,une base de donnees,A,300,30,Il s'agit d'un audit numerique.,"mixte,innovation,glossaire"
mix-0455,Challenge Mixte,mixte,moyen,Quel terme correspond a cette definition : Une faiblesse d'un systeme qui peut etre exploitee par un attaquant ?,une faille de securite,la e-reputation,l'anonymisation,un retour utilisateur,A,200,25,Il s'agit d'une faille de securite.,"mixte,innovation,glossaire"
mix-0456,Challenge Mixte,mixte,moyen,Quelle source de financement ne demande aucun remboursement ?,Le credit fournisseur,La subvention,Le pret bancaire,Le credit-bail,B,200,25,La subvention est une aide non remboursable.,"mixte,entrepreneuriat,financement"
mix-0457,Challenge Mixte,mixte,facile,"En entrepreneuriat, que designe une relance ?",Le rappel adresse a un client qui n'a pas encore paye,Un titre qui protege une invention technique,"Une societe anonyme, adaptee aux projets de grande taille",La presentation visuelle d'un projet destinee aux investisseurs,A,100,20,Une relance : le rappel adresse a un client qui n'a pas encore paye.,"mixte,entrepreneuriat,glossaire"
mix-0458,Challenge Mixte,mixte,facile,A quel besoin repond principalement cette solution : Un outil de traduction automatique ?,Permettre a un client de retrouver une fiche produit en magasin,Consulter un medecin depuis un village eloigne,Verifier la disponibilite d'un produit avant de se deplacer,Traduire une fiche produit en anglais pour la vendre au Nigeria,D,100,20,Un outil de traduction automatique sert notamment a traduire une fiche produit en anglais pour la vendre au Nigeria.,"mixte,innovation,usages"
mix-0459,Challenge Mixte,mixte,moyen,Quel terme correspond a cette definition : Une machine qui fabrique un objet en deposant de la matiere couche par couche ?,un filtre anti-spam,un modele de langage,un cookie,une imprimante 3D,D,200,25,Il s'agit d'une imprimante 3D.,"mixte,innovation,glossaire"
mix-0460,Challenge Mixte,mixte,facile,"Dans le langage populaire camerounais, que designe un tara ?",De l'argent,La prison,"L'intimidation, le fait de faire peur","Un ami, un pote",D,100,20,"Un tara : un ami, un pote.","mixte,cameroun,culture,expressions"
mix-0461,Challenge Mixte,mixte,challenge,Quelle personnalite camerounaise est connue pour avoir fonde Afriland First Bank ?,Paul Kammogne Fokam,Vincent Aboubakar,William Elong,Martin-Paul Samba,A,300,30,Il s'agit de Paul Kammogne Fokam.,"mixte,cameroun,personnalites"
mix-0462,Challenge Mixte,mixte,facile,Quel professionnel du numerique a pour mission de : Assister les utilisateurs a distance ?,un redacteur web,un specialiste du support client en ligne,un developpeur web,un consultant en transformation digitale,B,100,20,Il s'agit d'un specialiste du support client en ligne.,"mixte,innovation,metiers"
mix-0463,Challenge Mixte,mixte,facile,Quel terme correspond a cette definition : Une publication ephemere qui disparait apres un temps limite ?,un incubateur technologique,un videoprojecteur,un rancongiciel,une story,D,100,20,Il s'agit d'une story.,"mixte,innovation,glossaire"
mix-0464,Challenge Mixte,mixte,challenge,Quelle personnalite camerounaise est connue pour etre un chanteur aveugle celebre pour Hot Koki ?,Andre-Marie Talla,Marie-Jose Ta Lou,Jean-Marie Teno,Olivier Madiba,A,300,30,Il s'agit de Andre-Marie Talla.,"mixte,cameroun,personnalites"
mix-0465,Challenge Mixte,mixte,facile,Quel sport est le plus populaire au Cameroun ?,Le football,Le hockey sur glace,Le cricket,Le ski alpin,A,100,20,Le football est le sport roi du pays.,"mixte,cameroun,culture-generale"
mix-0466,Challenge Mixte,mixte,moyen,Quel service correspond a cette activite : Le developpement de jeux video ?,Wave,Kiro'o Games,Paystack,Twiga Foods,B,200,25,Kiro'o Games correspond a cette activite.,"mixte,innovation,afrique"
mix-0467,Challenge Mixte,mixte,moyen,"En entrepreneuriat, que designe un CRM ?",Un fournisseur selectionne selon des criteres de qualite et de fiabilite,L'organisation des priorites pour utiliser efficacement ses journees,Une somme qu'un client doit encore a l'entreprise,Un outil de gestion de la relation client,D,200,25,Un CRM : un outil de gestion de la relation client.,"mixte,entrepreneuriat,glossaire"
mix-0468,Challenge Mixte,mixte,facile,Pourquoi lire attentivement les conditions d'un contrat de credit ?,"Pour connaitre le taux reel, les frais et les garanties exigees",Pour perdre du temps,Pour eviter de rembourser,Parce que le banquier l'exige,A,100,20,Les clauses determinent le cout reel du credit.,"mixte,entrepreneuriat,juridique"
mix-0469,Challenge Mixte,mixte,moyen,Quel service correspond a cette activite : La livraison medicale par drone ?,Kiro'o Games,Glotelho,Waspito,Zipline,D,200,25,Zipline correspond a cette activite.,"mixte,innovation,afrique"
mix-0470,Challenge Mixte,mixte,challenge,Quel est le chef-lieu du departement du Mbere ?,Douala,Bafoussam,Meiganga,Guider,C,300,30,"Meiganga est le chef-lieu du Mbere, dans la region : Adamaoua.","mixte,cameroun,geographie,departements"
mix-0471,Challenge Mixte,mixte,moyen,"Quel terme correspond a cette definition : Un logiciel dont le code peut etre utilise, modifie et partage librement ?",un logiciel libre,une facture electronique,un hashtag,le no-code,A,200,25,Il s'agit d'un logiciel libre.,"mixte,innovation,glossaire"
mix-0472,Challenge Mixte,mixte,challenge,Le chiffre d'affaires est passe de 2 000 000 FCFA a 2 600 000 FCFA en un an. Quel est le taux de croissance ?,70 %,30 %,15 %,60 %,B,300,30,Croissance = (nouveau - ancien) / ancien x 100 = 30 %.,"mixte,entrepreneuriat,calcul,indicateurs"
mix-0473,Challenge Mixte,mixte,moyen,De quelle ville camerounaise le club de football Fovu Club est-il originaire ?,Baham,Mbouda,Ngoumou,Garoua,A,200,25,"Fovu Club est base a Baham, dans la region : L'Ouest.","mixte,cameroun,sport"
mix-0474,Challenge Mixte,mixte,challenge,A quel besoin repond principalement cette solution : L'analyse du parcours utilisateur ?,Proteger les acces des employes aux outils de l'entreprise,Comprendre pourquoi les visiteurs quittent un site sans acheter,Eviter de ressaisir les factures a la main,Encaisser un client qui n'a pas d'argent liquide,B,300,30,L'analyse du parcours utilisateur sert notamment a comprendre pourquoi les visiteurs quittent un site sans acheter.,"mixte,innovation,usages"
mix-0475,Challenge Mixte,mixte,facile,La ville de Bamenda est le chef-lieu de quelle region du Cameroun ?,Est,Nord,Centre,Nord-Ouest,D,100,20,Bamenda est le chef-lieu de la region : Nord-Ouest.,"mixte,cameroun,geographie,regions"
mix-0476,Challenge Mixte,mixte,challenge,Dans quel secteur d'activite intervient la MAGZI ?,Le transport ferroviaire,Les zones industrielles,La distribution de carburants,Le coton,B,300,30,La MAGZI est la mission d'amenagement des zones industrielles.,"mixte,cameroun,economie,entreprises"
mix-0477,Challenge Mixte,mixte,challenge,"En entrepreneuriat, que designe un fournisseur strategique ?",L'ensemble des etapes qui menent des matieres premieres au client,Le fait d'associer les employes au capital de l'entreprise,Une personne qui cree une activite pour resoudre un probleme social,Un fournisseur dont depend fortement la continuite de l'activite,D,300,30,Un fournisseur strategique : un fournisseur dont depend fortement la continuite de l'activite.,"mixte,entrepreneuriat,glossaire"
mix-0478,Challenge Mixte,mixte,moyen,Quel est le principal benefice de cette demarche : resumer un long document en quelques points ?,Augmenter le panier moyen,Rassurer le client et augmenter les reservations,Gagner du temps de lecture,Reduire les rendez-vous manques,C,200,25,Le gain principal : gagner du temps de lecture.,"mixte,innovation,usages"
mix-0479,Challenge Mixte,mixte,moyen,Dans quel secteur d'activite intervient Kiro'o Games ?,La banque,Le transport aerien,L'electricite,Le jeu video,D,200,25,Kiro'o Games est le studio camerounais createur d'Aurion.,"mixte,cameroun,economie,entreprises"
mix-0480,Challenge Mixte,mixte,facile,Comment appelle-t-on ceci : Une somme avancee par une banque et remboursee avec interets ?,un entrepreneur,un pret bancaire,un fournisseur strategique,un CRM,B,100,20,Il s'agit d'un pret bancaire.,"mixte,entrepreneuriat,glossaire"
mix-0481,Challenge Mixte,mixte,moyen,"En entrepreneuriat, que designe la productivite ?",Le rapport entre ce qui est produit et les moyens utilises,La facon dont l'entreprise cree de la valeur et gagne de l'argent,Une approche qui attire le client par du contenu utile plutot que par la publicite,"Une societe a responsabilite limitee, tres utilisee par les PME",A,200,25,La productivite : le rapport entre ce qui est produit et les moyens utilises.,"mixte,entrepreneuriat,glossaire"
mix-0482,Challenge Mixte,mixte,moyen,Quel terme correspond a cette definition : La capacite d'un programme a s'ameliorer a partir d'exemples ?,un partage,l'apprentissage automatique,la sobriete numerique,le referencement,B,200,25,Il s'agit de l'apprentissage automatique.,"mixte,innovation,glossaire"
mix-0483,Challenge Mixte,mixte,moyen,Quelle est l'activite principale de M-Pesa ?,Le developpement de jeux video,Les terminaux de paiement pour petits commerces,Les paiements en ligne pour commercants,Le transfert d'argent par telephone,D,200,25,M-Pesa : le transfert d'argent par telephone (le Kenya).,"mixte,innovation,afrique"
mix-0484,Challenge Mixte,mixte,challenge,Un entrepreneur investit 750 000 FCFA et obtient un gain net de 225 000 FCFA. Quel est le retour sur investissement ?,15 %,130 %,30 %,333.3 %,C,300,30,ROI = gain / investissement x 100 = 30 %.,"mixte,entrepreneuriat,calcul,investissement"
mix-0485,Challenge Mixte,mixte,facile,Quel outil numerique permet de : Editer et suivre les factures clients ?,un logiciel de facturation,un logiciel de comptabilite,une plateforme de formation en ligne,un traitement de texte,A,100,20,Il s'agit d'un logiciel de facturation.,"mixte,innovation,outils"
mix-0486,Challenge Mixte,mixte,moyen,Dans quel domaine Stanley Enow s'est-il ou s'est-elle illustre(e) ?,La mode,Le football,La litterature,La musique,D,200,25,Stanley Enow est connu(e) pour avoir lance le hip-hop camerounais a l'international avec Hein Pere.,"mixte,cameroun,personnalites"
mix-0487,Challenge Mixte,mixte,challenge,Quel terme correspond a cette definition : Le fait d'etiqueter des donnees pour apprendre a une IA a les reconnaitre ?,l'hebergement web,un biais algorithmique,l'historique de navigation,l'annotation de donnees,D,300,30,Il s'agit de l'annotation de donnees.,"mixte,innovation,glossaire"
mix-0488,Challenge Mixte,mixte,moyen,Quelle situation justifie cette bonne pratique : Verifier la demande par un autre canal avant tout paiement ?,Votre boutique en ligne stocke les mots de passe clients en clair,Vous utilisez le meme mot de passe pour tous vos comptes,Un collaborateur telecharge des logiciels piratés sur l'ordinateur de l'entreprise,Un message urgent du dirigeant demande un virement immediat sans verification,D,200,25,Cette pratique repond au cas suivant : un message urgent du dirigeant demande un virement immediat sans verification.,"mixte,innovation,cybersecurite"
mix-0489,Challenge Mixte,mixte,moyen,Que designe la marque camerounaise Mutzig ?,Une pate a tartiner,Une biere,Une boisson maltee sans alcool,Une eau minerale,B,200,25,Mutzig : elle est brassee au Cameroun sous licence.,"mixte,cameroun,marques"
mix-0490,Challenge Mixte,mixte,moyen,Quelle entreprise Sam Altman a-t-il ou a-t-elle fondee ou dirigee ?,OpenAI,Tesla,AppsTech,Chanel,A,200,25,"Sam Altman : OpenAI - secteur l'intelligence artificielle, les Etats-Unis.","mixte,entrepreneuriat,figures"
mix-0491,Challenge Mixte,mixte,moyen,Quelle affirmation est exacte a propos de la banane d'exportation au Cameroun ?,"En resume, il beneficie d'une indication geographique protegee","En resume, il sert a preparer bobolo, gari et miondo","En resume, elle est cultivee autour du Moungo et du Fako","En resume, il pousse sur les hautes terres",C,200,25,Pour la banane d'exportation : elle est cultivee autour du Moungo et du Fako.,"mixte,cameroun,economie,agriculture"
mix-0492,Challenge Mixte,mixte,challenge,Une activite supporte 200 000 FCFA de charges fixes par mois. Chaque produit se vend 1 000 FCFA et coute 600 FCFA a produire. Combien faut-il en vendre pour atteindre le seuil de rentabilite ?,525 unites,333 unites,750 unites,500 unites,D,300,30,Seuil = charges fixes / marge sur cout variable = 200 000 FCFA / 400 FCFA = 500 unites.,"mixte,entrepreneuriat,calcul,seuil-rentabilite"
mix-0493,Challenge Mixte,mixte,moyen,Quel lac camerounais a connu une catastrophe gazeuse meurtriere en 1986 ?,Le lac Monoun,Le lac Barombi Mbo,Le lac Nyos,Le lac Ossa,C,200,25,L'eruption limnique du lac Nyos a fait environ 1 700 morts.,"mixte,cameroun,geographie"
mix-0494,Challenge Mixte,mixte,moyen,Quel terme correspond a cette definition : Un ensemble structure de donnees utilise pour analyser ou entrainer un modele ?,un profil en ligne,un jeu de donnees,le chiffrement,un tableur,B,200,25,Il s'agit d'un jeu de donnees.,"mixte,innovation,glossaire"
mix-0495,Challenge Mixte,mixte,challenge,"En entrepreneuriat, que designe un commissaire aux comptes ?",Un professionnel qui certifie la regularite des comptes annuels,La part du benefice versee aux associes ou actionnaires,Une depense durable destinee a produire des revenus futurs,La vente de l'entreprise a un repreneur,A,300,30,Un commissaire aux comptes : un professionnel qui certifie la regularite des comptes annuels.,"mixte,entrepreneuriat,glossaire"
mix-0496,Challenge Mixte,mixte,facile,Que signifie le sigle SA dans le monde de l'entreprise ?,Etablissement de Microfinance,Produit Interieur Brut,Societe Anonyme,Chiffre d'Affaires,C,100,20,SA : Societe Anonyme.,"mixte,entrepreneuriat,sigles"
mix-0497,Challenge Mixte,mixte,moyen,"En entrepreneuriat, que designe un lead ?",Une approche qui attire le client par du contenu utile plutot que par la publicite,Un contact commercial identifie et potentiellement interesse,Une personne qui cree une activite pour resoudre un probleme social,L'operation par laquelle une entreprise obtient des capitaux d'investisseurs,B,200,25,Un lead : un contact commercial identifie et potentiellement interesse.,"mixte,entrepreneuriat,glossaire"
mix-0498,Challenge Mixte,mixte,facile,"Dans le monde numerique, que designe la geolocalisation ?",Un robot qui repond aux questions frequentes des clients,Un site qui met en relation de nombreux vendeurs et acheteurs,La determination de la position geographique d'un appareil,Un groupe de personnes reunies autour d'un interet commun sur internet,C,100,20,La geolocalisation : la determination de la position geographique d'un appareil.,"mixte,innovation,glossaire"
mix-0499,Challenge Mixte,mixte,facile,A quoi sert principalement un logiciel de presentation ?,"Obtenir de l'aide pour rediger, resumer ou expliquer",Suivre l'avancement du travail d'une equipe,Creer des diaporamas pour presenter un projet,Coordonner les rendez-vous d'une equipe,C,100,20,Un logiciel de presentation sert a : creer des diaporamas pour presenter un projet.,"mixte,innovation,outils"
mix-0500,Challenge Mixte,mixte,facile,"Dans le monde numerique, que designe un chatbot ?",Un programme qui dialogue automatiquement avec les utilisateurs,Le numero qui identifie un appareil connecte a un reseau,Le plan des evolutions prevues pour un service numerique,La possibilite d'utiliser un service sans connexion internet,A,100,20,Un chatbot : un programme qui dialogue automatiquement avec les utilisateurs.,"mixte,innovation,glossaire"
mix-0501,Challenge Mixte,mixte,facile,Quelle boisson chaude est produite dans les hautes terres de l'Ouest camerounais ?,Le sirop d'erable,Le cafe,Le the vert japonais,Le mate,B,100,20,L'arabica est cultive sur les hautes terres.,"mixte,cameroun,culture-generale"
mix-0502,Challenge Mixte,mixte,moyen,Quel professionnel du numerique a pour mission de : Proteger les systemes et les donnees contre les attaques ?,un chef de projet numerique,un graphiste numerique,un community manager,un expert en cybersecurite,D,200,25,Il s'agit d'un expert en cybersecurite.,"mixte,innovation,metiers"
mix-0503,Challenge Mixte,mixte,moyen,De quel pays Ingvar Kamprad est-il ou est-elle originaire ?,la Tunisie,l'Ethiopie,la Suede,le Soudan,C,200,25,Ingvar Kamprad est originaire de ce pays : la Suede.,"mixte,entrepreneuriat,figures"
mix-0504,Challenge Mixte,mixte,moyen,De quel pays Arthur Zang est-il ou est-elle originaire ?,le Cameroun,la Tunisie,la Suede,la Chine,A,200,25,Arthur Zang est originaire de ce pays : le Cameroun.,"mixte,entrepreneuriat,figures"
mix-0505,Challenge Mixte,mixte,facile,Un client vous demande une prestation que vous ne maitrisez pas. Quelle reponse est la plus professionnelle ?,Facturer sans livrer,Accepter et improviser,Etre honnete et proposer un partenaire competent ou un delai d'apprentissage realiste,Promettre puis disparaitre,C,100,20,L'honnetete preserve la relation et la reputation.,"mixte,entrepreneuriat,mise-en-situation"
mix-0506,Challenge Mixte,mixte,moyen,Dans quelle region du Cameroun se trouve la ville de Yabassi ?,Sud,Adamaoua,Littoral,Est,C,200,25,Yabassi est situee dans la region : Littoral.,"mixte,cameroun,geographie,villes"
mix-0507,Challenge Mixte,mixte,moyen,Quelle entreprise camerounaise correspond a cette description : le troisieme operateur mobile du pays ?,Fokou,MTN Cameroon,Nexttel,le PAD,C,200,25,Il s'agit de Nexttel.,"mixte,cameroun,economie,entreprises"
mix-0508,Challenge Mixte,mixte,moyen,Votre entreprise vend bien mais vous travaillez 15 heures par jour sans progresser. Quel diagnostic ?,Il faut arreter de vendre,Il faut licencier tout le monde,Votre modele repose trop sur vous : il faut organiser et deleguer,Il faut travailler 20 heures par jour,C,200,25,Un modele non delegable ne passe pas a l'echelle.,"mixte,entrepreneuriat,mise-en-situation"
mix-0509,Challenge Mixte,mixte,facile,De quelle region du Cameroun le soya est-il originaire ou le plus consomme ?,Le Sud,Le Littoral,L'Est,Le Nord,D,100,20,Le soya est surtout associe a cette region.,"mixte,cameroun,gastronomie"
mix-0510,Challenge Mixte,mixte,challenge,Quel est le chef-lieu du departement du Mayo-Tsanaga ?,Akonolinga,Kribi,Mokolo,Yokadouma,C,300,30,"Mokolo est le chef-lieu du Mayo-Tsanaga, dans la region : Extreme-Nord.","mixte,cameroun,geographie,departements"
mix-0511,Challenge Mixte,mixte,facile,Quel terme correspond a cette definition : Un message non sollicite envoye en masse ?,un pixel de suivi,le spam,l'intelligence artificielle,une feuille de route produit,B,100,20,Il s'agit du spam.,"mixte,innovation,glossaire"
mix-0512,Challenge Mixte,mixte,challenge,Une activite supporte 240 000 FCFA de charges fixes par mois. Chaque produit se vend 1 200 FCFA et coute 800 FCFA a produire. Combien faut-il en vendre pour atteindre le seuil de rentabilite ?,625 unites,300 unites,900 unites,600 unites,D,300,30,Seuil = charges fixes / marge sur cout variable = 240 000 FCFA / 400 FCFA = 600 unites.,"mixte,entrepreneuriat,calcul,seuil-rentabilite"
mix-0513,Challenge Mixte,mixte,facile,Quelle situation justifie cette bonne pratique : Refuser de communiquer le code et raccrocher ?,Votre logiciel affiche depuis des mois un message de mise a jour,Vous jetez un ancien ordinateur sans effacer son disque,Un inconnu vous appelle en se disant technicien et demande un code recu par SMS,Votre boutique en ligne stocke les mots de passe clients en clair,C,100,20,Cette pratique repond au cas suivant : un inconnu vous appelle en se disant technicien et demande un code recu par SMS.,"mixte,innovation,cybersecurite"
mix-0514,Challenge Mixte,mixte,facile,Quel moyen de transport relie Douala a Ngaoundere ?,Le train,Le teleferique,Le tramway,Le metro,A,100,20,Le Transcamerounais relie Douala au Nord.,"mixte,cameroun,culture-generale"
mix-0515,Challenge Mixte,mixte,moyen,Que doit contenir au minimum une facture commerciale ?,Uniquement le montant,Uniquement le nom du vendeur,Uniquement la date,"L'identite des parties, la description, les quantites, les prix et la date",D,200,25,Une facture incomplete n'a pas de valeur probante.,"mixte,entrepreneuriat,juridique"
mix-0516,Challenge Mixte,mixte,challenge,De quel pays Olugbenga Agboola est-il ou est-elle originaire ?,le Congo,le Nigeria,la Suede,l'Ethiopie,B,300,30,Olugbenga Agboola est originaire de ce pays : le Nigeria.,"mixte,entrepreneuriat,figures"
mix-0517,Challenge Mixte,mixte,moyen,Comment qualifie-t-on cette charge : le carburant utilise pour chaque livraison ?,Un produit d'exploitation,Une charge variable,Une charge fixe,Un actif immobilise,B,200,25,Le carburant utilise pour chaque livraison est une charge variable.,"mixte,entrepreneuriat,couts"
mix-0518,Challenge Mixte,mixte,moyen,Comment appelle-t-on ceci : Le principe selon lequel l'associe ne perd que ses apports ?,la dilution,l'import,un salon professionnel,la responsabilite limitee,D,200,25,Il s'agit de la responsabilite limitee.,"mixte,entrepreneuriat,glossaire"
mix-0519,Challenge Mixte,mixte,moyen,Quel outil numerique permet de : Enregistrer les operations financieres de l'entreprise ?,un antivirus,un VPN,un logiciel de comptabilite,un outil no-code,C,200,25,Il s'agit d'un logiciel de comptabilite.,"mixte,innovation,outils"
mix-0520,Challenge Mixte,mixte,moyen,De quelle region du Cameroun le matango est-il originaire ou le plus consomme ?,L'Est,Le Sud,Le Littoral,L'Ouest,C,200,25,Le matango est surtout associe a cette region.,"mixte,cameroun,gastronomie"
mix-0521,Challenge Mixte,mixte,moyen,Qu'est-ce qu'un business angel ?,Un inspecteur des impots,Un salarie de banque,Un fournisseur exclusif,Un particulier qui investit son propre argent dans une jeune entreprise,D,200,25,Le business angel apporte capital et reseau.,"mixte,entrepreneuriat,financement"
mix-0522,Challenge Mixte,mixte,moyen,Dans quel secteur d'activite intervient ALUCAM ?,Les zones industrielles,Les eaux minerales,L'agroalimentaire,L'aluminium,D,200,25,ALUCAM est l'usine d'aluminium d'Edea.,"mixte,cameroun,economie,entreprises"
mix-0523,Challenge Mixte,mixte,moyen,"En entrepreneuriat, que designe une subvention ?",Le signe distinctif qui identifie les produits d'une entreprise,Un prelevement obligatoire verse a l'Etat,Une aide financiere qui n'a pas a etre remboursee,Une charge qui ne varie pas avec le volume d'activite,C,200,25,Une subvention : une aide financiere qui n'a pas a etre remboursee.,"mixte,entrepreneuriat,glossaire"
mix-0524,Challenge Mixte,mixte,challenge,En quelle annee la presqu'ile de Bakassi a-t-elle ete officiellement retrocedee au Cameroun ?,1998,2012,2008,2002,C,300,30,La retrocession effective a eu lieu le 14 aout 2008.,"mixte,cameroun,geographie"
mix-0525,Challenge Mixte,mixte,facile,Dans quel secteur d'activite intervient CAMWATER ?,L'agroalimentaire,La telephonie mobile,L'eau potable,Les zones industrielles,C,100,20,CAMWATER est la societe publique de production et distribution d'eau.,"mixte,cameroun,economie,entreprises"
mix-0526,Challenge Mixte,mixte,moyen,Le departement du Mbere appartient a quelle region ?,Nord,Extreme-Nord,Sud-Ouest,Adamaoua,D,200,25,Le Mbere se situe dans la region : Adamaoua.,"mixte,cameroun,geographie,departements"
mix-0527,Challenge Mixte,mixte,moyen,"En entrepreneuriat, que designe une proposition de valeur ?",Un accord qui organise les relations entre associes au-dela des statuts,La promesse claire de ce que le produit apporte au client,Un compte dedie a l'activite de l'entreprise,L'organisation des priorites pour utiliser efficacement ses journees,B,200,25,Une proposition de valeur : la promesse claire de ce que le produit apporte au client.,"mixte,entrepreneuriat,glossaire"
mix-0528,Challenge Mixte,mixte,moyen,"Dans le monde numerique, que designe l'accessibilite numerique ?",La conception de services utilisables aussi par les personnes en situation de handicap,La capacite de stockage disponible sur un appareil,Le code qui permet de retrouver une operation de paiement,La personne qui se sert d'un produit ou d'un service numerique,A,200,25,L'accessibilite numerique : la conception de services utilisables aussi par les personnes en situation de handicap.,"mixte,innovation,glossaire"
mix-0529,Challenge Mixte,mixte,facile,Quel terme correspond a cette definition : Une information enregistree qui peut etre traitee par un ordinateur ?,une donnee,l'accessibilite numerique,l'innovation incrementale,un faux profil,A,100,20,Il s'agit d'une donnee.,"mixte,innovation,glossaire"
mix-0530,Challenge Mixte,mixte,moyen,Le departement du Sanaga-Maritime appartient a quelle region ?,Adamaoua,Sud-Ouest,Littoral,Ouest,C,200,25,Le Sanaga-Maritime se situe dans la region : Littoral.,"mixte,cameroun,geographie,departements"
mix-0531,Challenge Mixte,mixte,moyen,Comment qualifie-t-on cette charge : l'amortissement d'une machine ?,Une charge fixe,Un actif immobilise,Un produit d'exploitation,Une charge variable,A,200,25,L'amortissement d'une machine est une charge fixe.,"mixte,entrepreneuriat,couts"
mix-0532,Challenge Mixte,mixte,facile,Quel terme correspond a cette definition : Un service permettant d'envoyer et de recevoir de l'argent depuis un telephone ?,la classification automatique,une place de marche en ligne,le mobile money,un tableau de bord numerique,C,100,20,Il s'agit du mobile money.,"mixte,innovation,glossaire"
mix-0533,Challenge Mixte,mixte,facile,Quel est le principal benefice de cette demarche : repondre automatiquement aux questions frequentes des clients ?,Produire des visuels corrects a faible cout,Reduire les couts et le temps de formation,Repondre plus vite et a toute heure,Reduire fortement le risque de fraude,C,100,20,Le gain principal : repondre plus vite et a toute heure.,"mixte,innovation,usages"
mix-0534,Challenge Mixte,mixte,moyen,Dans quelle partie du Cameroun l'arachide est-il ou est-elle principalement cultive(e) ?,L'Adamaoua,Le Grand Nord,L'Ouest et le Nord-Ouest,Le Sud et l'Est,B,200,25,Pour l'arachide : elle entre dans la preparation du ndole et des sauces.,"mixte,cameroun,economie,agriculture"
mix-0535,Challenge Mixte,mixte,moyen,Quelle ligne ferroviaire relie Douala au Nord du Cameroun ?,La ligne Bamenda-Bertoua,La ligne Douala-Ngaoundere (Transcamerounais),La ligne Buea-Yaounde,La ligne Kribi-Maroua,B,200,25,"Le Transcamerounais dessert Yaounde, Belabo et Ngaoundere.","mixte,cameroun,economie"
mix-0536,Challenge Mixte,mixte,challenge,Quel est le chef-lieu du departement du Lom-et-Djerem ?,Abong-Mbang,Tignere,Bertoua,Akonolinga,C,300,30,"Bertoua est le chef-lieu du Lom-et-Djerem, dans la region : Est.","mixte,cameroun,geographie,departements"
mix-0537,Challenge Mixte,mixte,moyen,Quel terme correspond a cette definition : L'estimation d'une valeur future a partir de donnees passees ?,une publication,un nom de domaine,la prediction,un profil utilisateur,C,200,25,Il s'agit de la prediction.,"mixte,innovation,glossaire"
mix-0538,Challenge Mixte,mixte,moyen,Vous devez fixer le prix d'un nouveau produit. Quelle base est la plus solide ?,Le prix le plus bas possible,Un chiffre choisi au hasard,Uniquement l'avis de votre cousin,"Le cout de revient, le prix du marche et la valeur percue par le client",D,200,25,"Le prix combine couts, concurrence et valeur percue.","mixte,entrepreneuriat,mise-en-situation"
mix-0539,Challenge Mixte,mixte,challenge,Quel terme correspond a cette definition : Une innovation qui obtient un resultat utile avec des moyens tres limites ?,un code QR,un panier d'achat,un site frauduleux,l'innovation frugale,D,300,30,Il s'agit de l'innovation frugale.,"mixte,innovation,glossaire"
mix-0540,Challenge Mixte,mixte,moyen,Dans quelle partie du Cameroun la banane d'exportation est-il ou est-elle principalement cultive(e) ?,L'Ouest et le Nord-Ouest,Le Littoral et le Sud-Ouest,L'Adamaoua,Le Centre,B,200,25,Pour la banane d'exportation : elle est cultivee autour du Moungo et du Fako.,"mixte,cameroun,economie,agriculture"
mix-0541,Challenge Mixte,mixte,challenge,Une entreprise veut utiliser l'IA pour trier des candidatures. Quel risque doit-elle anticiper ?,Le risque de biais reproduisant des discriminations passees,Le risque de recruter trop vite,Aucun risque particulier,Le risque d'avoir trop de candidats,A,300,30,Les biais algorithmiques sont un enjeu majeur en recrutement.,"mixte,innovation,mise-en-situation"
mix-0542,Challenge Mixte,mixte,moyen,Quelle ville du Sud-Ouest est connue pour ses plages de sable noir volcanique ?,Kribi,Douala,Campo,Limbe,D,200,25,Le sable noir de Limbe vient des coulees du mont Cameroun.,"mixte,cameroun,geographie"
mix-0543,Challenge Mixte,mixte,facile,Quel est le principal benefice de cette demarche : vendre a des clients situes dans une autre ville ?,Produire des visuels corrects a faible cout,Repondre plus vite et a toute heure,Elargir la zone de chalandise sans nouveau local,Mieux dimensionner les achats et les stocks,C,100,20,Le gain principal : elargir la zone de chalandise sans nouveau local.,"mixte,innovation,usages"
mix-0544,Challenge Mixte,mixte,facile,Une petite entreprise veut repondre a un client anglophone quand on ne parle pas anglais. Quelle solution numerique est la plus adaptee ?,Un tableau de bord de suivi des ventes,La geolocalisation via une application,Un outil de traduction automatique,Une boutique en ligne,C,100,20,"Pour repondre a un client anglophone quand on ne parle pas anglais, un outil de traduction automatique est la reponse la plus directe.","mixte,innovation,usages"
mix-0545,Challenge Mixte,mixte,moyen,"Dans le langage populaire camerounais, que designe le mbeng ?","Un ami, un frere (langage de la rue)",Un patron ou un homme respecte,L'Europe ou l'etranger,"L'intimidation, le fait de faire peur",C,200,25,Le mbeng : l'europe ou l'etranger.,"mixte,cameroun,culture,expressions"
mix-0546,Challenge Mixte,mixte,facile,Quelle personnalite camerounaise est connue pour avoir remporte quatre fois le Ballon d'or africain avant de presider la FECAFOOT ?,Samuel Eto'o,Tala Andre Marie,Marc-Vivien Foe,Arthur Zang,A,100,20,Il s'agit de Samuel Eto'o.,"mixte,cameroun,personnalites"
mix-0547,Challenge Mixte,mixte,facile,Que signifie l'expression portugaise Rio dos Camaroes a l'origine du nom Cameroun ?,La baie des palmiers,La riviere des crevettes,Le fleuve des lions,Le port des epices,B,100,20,Les Portugais avaient trouve le Wouri rempli de crevettes.,"mixte,cameroun,histoire"
mix-0548,Challenge Mixte,mixte,moyen,Quelle entreprise camerounaise correspond a cette description : un brasseur installe a Douala ?,Guinness Cameroun,la SNI,Jumia Cameroun,Afriland First Bank,A,200,25,Il s'agit de Guinness Cameroun.,"mixte,cameroun,economie,entreprises"
mix-0549,Challenge Mixte,mixte,moyen,Comment appelle-t-on ceci : Le document par lequel un client confirme sa commande ?,une immobilisation,un tableau de bord,un bon de commande,le taux de conversion,C,200,25,Il s'agit d'un bon de commande.,"mixte,entrepreneuriat,glossaire"
mix-0550,Challenge Mixte,mixte,moyen,Comment appelle-t-on ceci : L'operation par laquelle une entreprise obtient des capitaux d'investisseurs ?,un plan de croissance,un cout fixe,la levee de fonds,l'import,C,200,25,Il s'agit de la levee de fonds.,"mixte,entrepreneuriat,glossaire"
mix-0551,Challenge Mixte,mixte,moyen,Dans quel secteur d'activite Alibaba s'est-elle developpee ?,Le streaming musical,Les dispositifs medicaux,Le commerce en ligne,L'education,C,200,25,Alibaba intervient dans : le commerce en ligne.,"mixte,entrepreneuriat,figures"
mix-0552,Challenge Mixte,mixte,facile,De quel pays Elon Musk est-il ou est-elle originaire ?,l'Ethiopie,la France,la Tunisie,les Etats-Unis,D,100,20,Elon Musk est originaire de ce pays : les Etats-Unis.,"mixte,entrepreneuriat,figures"
mix-0553,Challenge Mixte,mixte,facile,"Dans le monde numerique, que designe la vie privee numerique ?",Un dispositif qui ecarte automatiquement les messages indesirables,L'espace qui rassemble les produits selectionnes avant le paiement,L'identification d'une personne par une caracteristique physique unique,La protection des informations personnelles dans les usages en ligne,D,100,20,La vie privee numerique : la protection des informations personnelles dans les usages en ligne.,"mixte,innovation,glossaire"
mix-0554,Challenge Mixte,mixte,moyen,Comment appelle-t-on ceci : Le rapport entre le gain obtenu et la somme investie ?,le fonds de roulement,un indicateur de satisfaction,le retour sur investissement,un incoterm,C,200,25,Il s'agit du retour sur investissement.,"mixte,entrepreneuriat,glossaire"
mix-0555,Challenge Mixte,mixte,moyen,Un investisseur vous demande vos chiffres. Vous n'avez aucune comptabilite. Quelle consequence probable ?,Il investira davantage par curiosite,Il perdra confiance et hesitera a financer votre projet,Il vous versera automatiquement une subvention,Cela n'a aucune importance,B,200,25,Des comptes clairs sont indispensables pour lever des fonds.,"mixte,entrepreneuriat,mise-en-situation"
mix-0556,Challenge Mixte,mixte,challenge,Comment appelle-t-on ceci : Le financement par des fonds qui prennent des parts dans des entreprises a fort potentiel ?,la marge commerciale,le capital-risque,la rotation des stocks,une garantie,B,300,30,Il s'agit du capital-risque.,"mixte,entrepreneuriat,glossaire"
mix-0557,Challenge Mixte,mixte,facile,"Dans le langage populaire camerounais, que designe le tchop ?",Un vehicule de transport en commun surcharge,"S'etonner, etre surpris","La nourriture, le fait de manger",Un patron ou un homme respecte,C,100,20,"Le tchop : la nourriture, le fait de manger.","mixte,cameroun,culture,expressions"
mix-0558,Challenge Mixte,mixte,facile,"En entrepreneuriat, que designe un apport personnel ?",Une maquette fonctionnelle realisee avant la production en serie,Un acteur externe indispensable au fonctionnement du modele economique,La part d'argent que l'entrepreneur met lui-meme dans son projet,La constatation comptable de la perte de valeur d'un bien dans le temps,C,100,20,Un apport personnel : la part d'argent que l'entrepreneur met lui-meme dans son projet.,"mixte,entrepreneuriat,glossaire"
mix-0559,Challenge Mixte,mixte,facile,"En entrepreneuriat, que designe un investissement ?",Ce que l'entreprise doit,Un developpement qui repond aux besoins presents sans compromettre l'avenir,Un ensemble coordonne d'actions de communication payantes,Une depense durable destinee a produire des revenus futurs,D,100,20,Un investissement : une depense durable destinee a produire des revenus futurs.,"mixte,entrepreneuriat,glossaire"
mix-0560,Challenge Mixte,mixte,moyen,Quelle organisation patronale represente les entreprises camerounaises ?,La FIFA,Le GICAM,La CGT,L'OIT,B,200,25,Le Groupement Inter-patronal du Cameroun.,"mixte,entrepreneuriat,cameroun"
mix-0561,Challenge Mixte,mixte,challenge,Quel est le principal benefice de cette demarche : reduire la consommation d'electricite d'un atelier ?,Eviter des deplacements inutiles au client,Identifier les gaspillages et economiser,Securiser l'acces tout en simplifiant l'identification,Donner acces a l'information sans vendeur disponible,B,300,30,Le gain principal : identifier les gaspillages et economiser.,"mixte,innovation,usages"
mix-0562,Challenge Mixte,mixte,challenge,Une petite entreprise veut surveiller l'humidite d'un champ pour declencher l'irrigation. Quelle solution numerique est la plus adaptee ?,Un tableur avec formules automatiques,Des capteurs connectes,Une boutique en ligne,Un logiciel de gestion de la relation client,B,300,30,"Pour surveiller l'humidite d'un champ pour declencher l'irrigation, des capteurs connectes est la reponse la plus directe.","mixte,innovation,usages"
mix-0563,Challenge Mixte,mixte,facile,"Dans le monde numerique, que designe un support technique ?","Un logiciel dont le code peut etre utilise, modifie et partage librement",Le passage d'un support papier ou manuel a un format numerique,La surveillance organisee des evolutions techniques d'un secteur,L'assistance apportee aux utilisateurs en cas de probleme,D,100,20,Un support technique : l'assistance apportee aux utilisateurs en cas de probleme.,"mixte,innovation,glossaire"
mix-0564,Challenge Mixte,mixte,moyen,Quel terme correspond a cette definition : Le composant qui execute les calculs d'un appareil ?,un assistant vocal,un fichier,un processeur,un brevet d'invention,C,200,25,Il s'agit d'un processeur.,"mixte,innovation,glossaire"
mix-0565,Challenge Mixte,mixte,moyen,Quel est le principal benefice de cette demarche : transcrire automatiquement une reunion en compte rendu ?,Communiquer a grande echelle a faible cout,Eviter de relayer une fausse information,Ameliorer l'offre grace aux retours,Gagner du temps de redaction,D,200,25,Le gain principal : gagner du temps de redaction.,"mixte,innovation,usages"
mix-0566,Challenge Mixte,mixte,challenge,Comment appelle-t-on ceci : Une regle internationale qui repartit les frais et risques entre vendeur et acheteur ?,un incoterm,un acompte,un KPI,un impot,A,300,30,Il s'agit d'un incoterm.,"mixte,entrepreneuriat,glossaire"
mix-0567,Challenge Mixte,mixte,moyen,En quelle annee le multipartisme a-t-il ete retabli au Cameroun ?,1990,1985,1996,1982,A,200,25,La loi sur les libertes date du 19 decembre 1990.,"mixte,cameroun,histoire"
mix-0568,Challenge Mixte,mixte,moyen,Quelle banque publique camerounaise a ete creee pour financer les PME ?,La Banque mondiale,La BC-PME,La BAD,La BEAC,B,200,25,La Banque Camerounaise des PME finance les petites structures.,"mixte,entrepreneuriat,cameroun"
mix-0569,Challenge Mixte,mixte,moyen,Une equipe refuse d'utiliser un nouvel outil impose. Quelle est la cause la plus probable ?,"Un manque d'explication, de formation ou d'utilite percue",Une formation trop complete,Un outil trop bien documente,Une trop grande facilite d'usage,A,200,25,L'adoption depend du sens et de l'accompagnement.,"mixte,innovation,mise-en-situation"
mix-0570,Challenge Mixte,mixte,challenge,Vos charges fixes representent 70 % de vos couts et vos ventes varient beaucoup. Quel danger ?,Une baisse automatique des impots,Une perte rapide des que les ventes baissent,Une rentabilite garantie,Une hausse mecanique de la marge,B,300,30,Des charges fixes elevees rendent l'entreprise fragile.,"mixte,entrepreneuriat,mise-en-situation"
mix-0571,Challenge Mixte,mixte,moyen,Quel terme correspond a cette definition : L'ensemble des informations et preferences associees a une personne ?,un correcteur automatique,un profil utilisateur,une audience en ligne,l'agriculture de precision,B,200,25,Il s'agit d'un profil utilisateur.,"mixte,innovation,glossaire"
mix-0572,Challenge Mixte,mixte,facile,"En entrepreneuriat, que designe le recrutement ?",Un outil de suivi qui reunit les indicateurs essentiels,Le symbole visuel qui represente la marque,Le processus de recherche et de selection des collaborateurs,Le document par lequel un client confirme sa commande,C,100,20,Le recrutement : le processus de recherche et de selection des collaborateurs.,"mixte,entrepreneuriat,glossaire"
mix-0573,Challenge Mixte,mixte,challenge,Que mesure un OKR ?,Un objectif accompagne de resultats cles mesurables,La valeur du stock,Le nombre de salaries,Le montant des impots,A,300,30,Objectives and Key Results structurent les priorites.,"mixte,entrepreneuriat,methodes"
mix-0574,Challenge Mixte,mixte,moyen,De quelle region du Cameroun le kondre est-il originaire ou le plus consomme ?,L'Ouest,Le Sud-Ouest,L'Est,Le Centre,A,200,25,Le kondre est surtout associe a cette region.,"mixte,cameroun,gastronomie"
mix-0575,Challenge Mixte,mixte,facile,Quel terme correspond a cette definition : Le passage d'un support papier ou manuel a un format numerique ?,la numerisation,un terminal de paiement,un code promotionnel,une panne de service,A,100,20,Il s'agit de la numerisation.,"mixte,innovation,glossaire"
mix-0576,Challenge Mixte,mixte,moyen,"Dans le monde numerique, que designe un cahier des charges numerique ?",Le parcours qui mene un visiteur en ligne jusqu'a l'achat,Le service qui stocke un site et le rend accessible en ligne,Une mesure chiffree du fonctionnement d'un service en ligne,Le document decrivant precisement les fonctions attendues d'un outil,D,200,25,Un cahier des charges numerique : le document decrivant precisement les fonctions attendues d'un outil.,"mixte,innovation,glossaire"
mix-0577,Challenge Mixte,mixte,moyen,D'ou vient la connaissance d'une intelligence artificielle generative ?,Des tres grandes quantites de donnees sur lesquelles elle a ete entrainee,De sa propre experience de la vie,De ses conversations avec ses amis,De ses reves,A,200,25,"L'IA apprend a partir de donnees, pas d'experience vecue.","mixte,innovation,comprehension"
mix-0578,Challenge Mixte,mixte,moyen,Dans quel secteur d'activite intervient la CNPS ?,L'agro-industrie,La protection sociale,Le ciment,L'agroalimentaire,B,200,25,La CNPS est la caisse de prevoyance sociale des travailleurs.,"mixte,cameroun,economie,entreprises"
mix-0579,Challenge Mixte,mixte,moyen,Comment appelle-t-on ceci : La construction volontaire d'un reseau de contacts professionnels ?,le networking,le cash-flow,la valeur ajoutee,l'amortissement,A,200,25,Il s'agit du networking.,"mixte,entrepreneuriat,glossaire"
mix-0580,Challenge Mixte,mixte,facile,Quelle entreprise camerounaise transforme le cacao en chocolat et confiseries ?,CAMRAIL,ENEO,CAMPOST,Chococam,D,100,20,Chococam produit notamment le chocolat Mambo.,"mixte,cameroun,culture-generale"
mix-0581,Challenge Mixte,mixte,challenge,Quel est le principal benefice de cette demarche : classer automatiquement des milliers de photos de produits ?,Traiter un grand volume sans travail manuel,Aider le client a se projeter et reduire les retours,Eviter les versions multiples et les pertes,Securiser l'acces tout en simplifiant l'identification,A,300,30,Le gain principal : traiter un grand volume sans travail manuel.,"mixte,innovation,usages"
mix-0582,Challenge Mixte,mixte,facile,"En entrepreneuriat, que designe une rupture de stock ?",La situation ou un produit demande n'est plus disponible,Une entreprise a qui l'on confie une partie de la production,Un entrepreneur experimente qui conseille un porteur de projet,Un groupement d'interet economique qui met en commun des moyens,A,100,20,Une rupture de stock : la situation ou un produit demande n'est plus disponible.,"mixte,entrepreneuriat,glossaire"
mix-0583,Challenge Mixte,mixte,challenge,Quelle entreprise Bethlehem Tilahun Alemu a-t-il ou a-t-elle fondee ou dirigee ?,InstaDeep,SoleRebels,Chanel,Disney,B,300,30,"Bethlehem Tilahun Alemu : SoleRebels - secteur la chaussure ecologique, l'Ethiopie.","mixte,entrepreneuriat,figures"
mix-0584,Challenge Mixte,mixte,moyen,Dans quel secteur d'activite intervient Dangote Cement Cameroun ?,Le ciment,Les boissons,L'investissement public,Les telecommunications,A,200,25,Dangote Cement Cameroun est une cimenterie du groupe nigerian Dangote a Douala.,"mixte,cameroun,economie,entreprises"
mix-0585,Challenge Mixte,mixte,challenge,Quel terme correspond a cette definition : Une nouvelle facon d'utiliser une technologie existante ?,un incubateur technologique,un moteur de traduction,un systeme d'exploitation,l'innovation d'usage,D,300,30,Il s'agit de l'innovation d'usage.,"mixte,innovation,glossaire"
mix-0586,Challenge Mixte,mixte,facile,Une entreprise realise 640 000 FCFA de chiffre d'affaires et supporte 590 000 FCFA de charges. Quel est son benefice ?,25 000 FCFA,1 230 000 FCFA,640 000 FCFA,50 000 FCFA,D,100,20,Benefice = CA - charges = 640 000 FCFA - 590 000 FCFA = 50 000 FCFA.,"mixte,entrepreneuriat,calcul,resultat"
mix-0587,Challenge Mixte,mixte,facile,A quelle categorie d'outils appartient un outil de traduction en ligne ?,La gestion,L'organisation,L'intelligence artificielle,La numerisation,C,100,20,Un outil de traduction en ligne appartient a cette categorie : l'intelligence artificielle.,"mixte,innovation,outils"
mix-0588,Challenge Mixte,mixte,challenge,Quel service correspond a cette activite : La formation et le placement de developpeurs ?,Healthlane,Jumia,Andela,Gifted Mom,C,300,30,Andela correspond a cette activite.,"mixte,innovation,afrique"
mix-0589,Challenge Mixte,mixte,facile,Comment appelle-t-on ceci : Une epargne collective ou chaque membre recoit la cagnotte a tour de role ?,une tontine,un audit,la chaine de valeur,un salarie,A,100,20,Il s'agit d'une tontine.,"mixte,entrepreneuriat,glossaire"
mix-0590,Challenge Mixte,mixte,moyen,Quel facteur limite le plus l'usage d'internet en zone rurale africaine ?,La couverture reseau et le cout des donnees,L'interdiction legale d'internet,Le manque d'ordinateurs de bureau uniquement,L'absence de langue locale,A,200,25,Couverture et cout restent les freins majeurs.,"mixte,innovation,comprehension"
mix-0591,Challenge Mixte,mixte,facile,De quel pays Aliko Dangote est-il ou est-elle originaire ?,le Ghana,le Nigeria,le Zimbabwe,la France,B,100,20,Aliko Dangote est originaire de ce pays : le Nigeria.,"mixte,entrepreneuriat,figures"
mix-0592,Challenge Mixte,mixte,facile,Une petite entreprise veut organiser une reunion avec un partenaire base a l'etranger. Quelle solution numerique est la plus adaptee ?,Une visioconference,Un drone,Un outil de creation graphique en ligne,Un logiciel de gestion de la relation client,A,100,20,"Pour organiser une reunion avec un partenaire base a l'etranger, une visioconference est la reponse la plus directe.","mixte,innovation,usages"
mix-0593,Challenge Mixte,mixte,moyen,Quelle situation justifie cette bonne pratique : Refuser l'autorisation inutile ?,Une application demande l'acces a tous vos contacts sans raison,Votre telephone professionnel n'a aucun code de verrouillage,Un inconnu vous appelle en se disant technicien et demande un code recu par SMS,Un employe part de l'entreprise en gardant ses acces informatiques,A,200,25,Cette pratique repond au cas suivant : une application demande l'acces a tous vos contacts sans raison.,"mixte,innovation,cybersecurite"
mix-0594,Challenge Mixte,mixte,challenge,Quel service correspond a cette activite : L'intelligence artificielle appliquee aux entreprises ?,Paystack,InstaDeep,Kiro'o Games,Gifted Mom,B,300,30,InstaDeep correspond a cette activite.,"mixte,innovation,afrique"
mix-0595,Challenge Mixte,mixte,moyen,Dans quelle region du Cameroun les Mbororo sont-ils principalement etablis ?,L'Adamaoua,L'Extreme-Nord,Le Centre,Le Sud,A,200,25,Les Mbororo vivent principalement dans cette region.,"mixte,cameroun,peuples,langues"
mix-0596,Challenge Mixte,mixte,facile,Quel est le chef-lieu de la region du Nord-Ouest ?,Bamenda,Bafoussam,Yaounde,Ebolowa,A,100,20,Bamenda est le chef-lieu de la region de l'Nord-Ouest.,"mixte,cameroun,geographie,regions"
mix-0597,Challenge Mixte,mixte,moyen,Comment appelle-t-on le chef traditionnel peul dans le Nord du Cameroun ?,Le Sultan de Douala,Le Lamido,Le Fon,Le Mfon Sawa,B,200,25,Le lamidat est l'institution traditionnelle peule.,"mixte,cameroun,culture"
mix-0598,Challenge Mixte,mixte,facile,Comment appelle-t-on ceci : Ce qui pousse une personne a s'engager et a fournir des efforts ?,la motivation,la veille concurrentielle,l'echec entrepreneurial,une niche de marche,A,100,20,Il s'agit de la motivation.,"mixte,entrepreneuriat,glossaire"
mix-0599,Challenge Mixte,mixte,moyen,Dans quel domaine Lady Ponce s'est-il ou s'est-elle illustre(e) ?,Le cinema,La musique,La politique,La lutte contre la colonisation,B,200,25,Lady Ponce est connu(e) pour etre une reine du bikutsi.,"mixte,cameroun,personnalites"
mix-0600,Challenge Mixte,mixte,moyen,Ou se situe le Gabon par rapport au Cameroun ?,a l'est,a l'ouest et au nord-ouest,au sud-ouest,au sud,D,200,25,Le Gabon borde le Cameroun au sud.,"mixte,cameroun,geographie,frontieres"
mix-0601,Challenge Mixte,mixte,facile,Quel terme correspond a cette definition : Un programme installe sur un telephone pour rendre un service ?,un identifiant unique,un ticket d'assistance,le no-code,une application mobile,D,100,20,Il s'agit d'une application mobile.,"mixte,innovation,glossaire"
mix-0602,Challenge Mixte,mixte,challenge,Quel est le taux normal de l'impot sur les societes au Cameroun ?,10 %,Environ 33 % avec les centimes additionnels,75 %,50 %,B,300,30,Le taux de base est de 30 % plus 10 % de centimes additionnels.,"mixte,cameroun,economie"
mix-0603,Challenge Mixte,mixte,challenge,Quel est l'ingredient principal utilise pour preparer le kpwem ?,les epices noires grillees et le poisson,les feuilles de manioc pilees,les feuilles de ndole et l'arachide,la noix de palme,B,300,30,Le kpwem se prepare avec les feuilles de manioc pilees.,"mixte,cameroun,gastronomie"
mix-0604,Challenge Mixte,mixte,facile,Que signifie le sigle PIB dans le monde de l'entreprise ?,Logiciel fourni comme un service en ligne,Produit Interieur Brut,Societe Anonyme,Gestion de la Relation Client,B,100,20,PIB : Produit Interieur Brut.,"mixte,entrepreneuriat,sigles"
mix-0605,Challenge Mixte,mixte,moyen,Quelle organisation patronale regroupe les grandes entreprises camerounaises ?,L'ARMP,Le GICAM,Le SYNDUSTRICAM uniquement,La CONAC,B,200,25,Le Groupement inter-patronal du Cameroun.,"mixte,cameroun,institutions,symboles"
mix-0606,Challenge Mixte,mixte,moyen,Quel parc national du Grand Nord est le plus connu pour ses safaris ?,Le parc de Korup,Le parc de Lobeke,Le parc national de Waza,Le parc de Campo Ma'an,C,200,25,"Waza, dans l'Extreme-Nord, abrite elephants, lions et girafes.","mixte,cameroun,geographie"
mix-0607,Challenge Mixte,mixte,challenge,Quel est le chef-lieu du departement du Mayo-Louti ?,Kousseri,Edea,Meiganga,Guider,D,300,30,"Guider est le chef-lieu du Mayo-Louti, dans la region : Nord.","mixte,cameroun,geographie,departements"
mix-0608,Challenge Mixte,mixte,facile,Quelle organisation reunit les pays d'Afrique ?,L'OTAN,L'Union africaine,L'ASEAN,L'Union europeenne,B,100,20,Le Cameroun est membre de l'Union africaine.,"mixte,cameroun,culture-generale"
mix-0609,Challenge Mixte,mixte,facile,De quel pays Mark Zuckerberg est-il ou est-elle originaire ?,la Tunisie,le Ghana,les Etats-Unis,la Chine,C,100,20,Mark Zuckerberg est originaire de ce pays : les Etats-Unis.,"mixte,entrepreneuriat,figures"
mix-0610,Challenge Mixte,mixte,challenge,Pour quelle contribution Geoffrey Hinton est-il ou est-elle connu(e) ?,l'imprimerie a caracteres mobiles en Europe,"ELIZA, l'un des premiers agents conversationnels",les avancees majeures de l'apprentissage profond,le World Wide Web,C,300,30,Geoffrey Hinton est associe(e) a les avancees majeures de l'apprentissage profond.,"mixte,innovation,histoire"
mix-0611,Challenge Mixte,mixte,moyen,Quel terme correspond a cette definition : La reduction de la taille d'un fichier pour l'envoyer plus facilement ?,un abonne,la supervision humaine,la compression de fichier,un drone,C,200,25,Il s'agit de la compression de fichier.,"mixte,innovation,glossaire"
mix-0612,Challenge Mixte,mixte,facile,"En entrepreneuriat, que designe un expert-comptable ?",La base regroupant les coordonnees et l'historique des clients,La construction volontaire d'un reseau de contacts professionnels,Le principe selon lequel les biens personnels peuvent etre engages,Un professionnel qui tient ou controle la comptabilite de l'entreprise,D,100,20,Un expert-comptable : un professionnel qui tient ou controle la comptabilite de l'entreprise.,"mixte,entrepreneuriat,glossaire"
mix-0613,Challenge Mixte,mixte,moyen,Dans quel domaine Rudolf Douala Manga Bell s'est-il ou s'est-elle illustre(e) ?,La litterature,La musique,La lutte contre la colonisation,Le football,C,200,25,Rudolf Douala Manga Bell est connu(e) pour avoir ete pendu par les Allemands en 1914 pour avoir defendu les terres douala.,"mixte,cameroun,personnalites"
mix-0614,Challenge Mixte,mixte,facile,Que designe le premier P du marketing mix ?,Le partenaire,Le pouvoir,Le produit,Le personnel,C,100,20,"Les 4P sont produit, prix, place et promotion.","mixte,entrepreneuriat,marketing"
mix-0615,Challenge Mixte,mixte,facile,Une petite entreprise veut gerer les plannings d'une equipe dispersee. Quelle solution numerique est la plus adaptee ?,Une newsletter ou une liste de diffusion,Un logiciel CRM,Un agenda partage en ligne,Une imprimante 3D,C,100,20,"Pour gerer les plannings d'une equipe dispersee, un agenda partage en ligne est la reponse la plus directe.","mixte,innovation,usages"
mix-0616,Challenge Mixte,mixte,moyen,"Quel terme correspond a cette definition : Une intelligence artificielle capable de produire du texte, des images ou du son ?",le consentement,la geolocalisation,l'IA generative,un jeu de donnees,C,200,25,Il s'agit de l'IA generative.,"mixte,innovation,glossaire"
mix-0617,Challenge Mixte,mixte,moyen,Comment appelle-t-on ceci : La prise en compte des enjeux sociaux et environnementaux par l'entreprise ?,un delai de livraison,un devis,la procrastination,la RSE,D,200,25,Il s'agit de la RSE.,"mixte,entrepreneuriat,glossaire"
mix-0618,Challenge Mixte,mixte,facile,Quelle entreprise Jeff Bezos a-t-il ou a-t-elle fondee ou dirigee ?,IROKOtv,AppsTech,Amazon,Himore Medical,C,100,20,"Jeff Bezos : Amazon - secteur le commerce en ligne, les Etats-Unis.","mixte,entrepreneuriat,figures"
mix-0619,Challenge Mixte,mixte,moyen,Quel terme correspond a cette definition : Un ecran qui rassemble les indicateurs cles d'une activite ?,un tableau de bord numerique,un paiement fractionne,une base de donnees,l'interface,A,200,25,Il s'agit d'un tableau de bord numerique.,"mixte,innovation,glossaire"
mix-0620,Challenge Mixte,mixte,moyen,Dans quelle region du Cameroun se trouve la ville de Moloundou ?,Centre,Extreme-Nord,Est,Nord-Ouest,C,200,25,Moloundou est situee dans la region : Est.,"mixte,cameroun,geographie,villes"
mix-0621,Challenge Mixte,mixte,facile,Comment appelle-t-on ceci : Le total des ventes realisees sur une periode donnee ?,la valeur ajoutee,un segment de clientele,le chiffre d'affaires,la gouvernance,C,100,20,Il s'agit du chiffre d'affaires.,"mixte,entrepreneuriat,glossaire"
mix-0622,Challenge Mixte,mixte,moyen,Dans quelle region du Cameroun se trouve la ville de Baham ?,Nord,Ouest,Nord-Ouest,Littoral,B,200,25,Baham est situee dans la region : Ouest.,"mixte,cameroun,geographie,villes"
mix-0623,Challenge Mixte,mixte,moyen,Dans quelle region du Cameroun les Tikar sont-ils principalement etablis ?,Le Littoral,Le Nord-Ouest,Le Sud-Ouest,L'Adamaoua,D,200,25,Les Tikar vivent principalement dans cette region.,"mixte,cameroun,peuples,langues"
mix-0624,Challenge Mixte,mixte,challenge,Quel terme correspond a cette definition : Une verification du comportement d'un service face a un grand nombre d'utilisateurs ?,un recu electronique,un indicateur numerique,un test de charge,une panne de service,C,300,30,Il s'agit d'un test de charge.,"mixte,innovation,glossaire"
mix-0625,Challenge Mixte,mixte,moyen,"Quelle personnalite camerounaise est connue pour etre surnommee la femme du peuple, figure du bikutsi ?",Manu Dibango,X-Maleya,Francoise Ellong,K-Tino,D,200,25,Il s'agit de K-Tino.,"mixte,cameroun,personnalites"
mix-0626,Challenge Mixte,mixte,challenge,"Dans le monde numerique, que designe l'informatique en periphérie ?",Le logiciel qui permet de consulter des sites internet,Le traitement des donnees au plus pres de l'endroit ou elles sont produites,Le composant specialise dans le traitement des images,La page qui presente une personne ou une entreprise sur une plateforme,B,300,30,L'informatique en periphérie : le traitement des donnees au plus pres de l'endroit ou elles sont produites.,"mixte,innovation,glossaire"
mix-0627,Challenge Mixte,mixte,moyen,Dans quelle region du Cameroun les Kom sont-ils principalement etablis ?,Le Sud-Ouest,Le Nord-Ouest,L'Extreme-Nord,L'Est,B,200,25,Les Kom vivent principalement dans cette region.,"mixte,cameroun,peuples,langues"
mix-0628,Challenge Mixte,mixte,moyen,"Dans le monde numerique, que designe la biometrie ?",Le logiciel de base qui fait fonctionner un ordinateur ou un telephone,L'identification d'une personne par une caracteristique physique unique,Le composant specialise dans le traitement des images,Un ensemble de pages accessibles en ligne a une meme adresse,B,200,25,La biometrie : l'identification d'une personne par une caracteristique physique unique.,"mixte,innovation,glossaire"
mix-0629,Challenge Mixte,mixte,facile,Que designe la fracture numerique ?,Un virus informatique,Un ecran casse,L'ecart entre ceux qui accedent au numerique et ceux qui en sont exclus,Une panne de serveur,C,100,20,"Elle concerne l'acces, l'equipement et les competences.","mixte,innovation,comprehension"
mix-0630,Challenge Mixte,mixte,challenge,Quel terme correspond a cette definition : Un systeme entraine sur de grands volumes de textes pour comprendre et produire du langage ?,un chatbot,un modele de langage,la transformation digitale,l'intelligence artificielle,B,300,30,Il s'agit d'un modele de langage.,"mixte,innovation,glossaire"
mix-0631,Challenge Mixte,mixte,facile,Comment appelle-t-on ceci : Une proposition chiffree adressee au client avant la commande ?,une PME,un risque,un devis,une licence,C,100,20,Il s'agit d'un devis.,"mixte,entrepreneuriat,glossaire"
mix-0632,Challenge Mixte,mixte,challenge,De quel pays Gifted Mom est-il ou est-elle originaire ?,le Senegal,le Rwanda,le Nigeria,le Cameroun,D,300,30,Gifted Mom vient de ce pays : le Cameroun.,"mixte,innovation,afrique"
mix-0633,Challenge Mixte,mixte,facile,"Comment appelle-t-on ceci : La demarche qui consiste a analyser les clients, la concurrence et l'environnement ?",une due diligence,une fiche de poste,une etude de marche,la comptabilite,C,100,20,Il s'agit d'une etude de marche.,"mixte,entrepreneuriat,glossaire"
mix-0634,Challenge Mixte,mixte,moyen,Quel mode de paiement rassure le plus les clients camerounais en e-commerce ?,Le paiement en cryptomonnaie exclusivement,Le virement international uniquement,Le paiement par cheque uniquement,Le paiement a la livraison ou le mobile money,D,200,25,La confiance passe par le paiement a reception ou le mobile money.,"mixte,entrepreneuriat,cameroun"
mix-0635,Challenge Mixte,mixte,moyen,De quelle region du Cameroun l'achu est-il originaire ou le plus consomme ?,L'Est,Le Nord-Ouest,L'Ouest,Le Nord,B,200,25,L'achu est surtout associe a cette region.,"mixte,cameroun,gastronomie"
mix-0636,Challenge Mixte,mixte,moyen,"Quel genre musical est originaire du pays Beti, dans le Centre ?",Le mbalax,Le bikutsi,Le coupe-decale,Le makossa,B,200,25,Le bikutsi est emblematique de la region du Centre.,"mixte,cameroun,personnalites,sport,culture"
mix-0637,Challenge Mixte,mixte,facile,"Dans le monde numerique, que designe un identifiant ?",Le nom d'utilisateur qui permet de se connecter a un service,La copie virtuelle d'un objet ou d'un processus reel,"Une periode ou le service est accessible sans payer, pour le tester",Le document decrivant precisement les fonctions attendues d'un outil,A,100,20,Un identifiant : le nom d'utilisateur qui permet de se connecter a un service.,"mixte,innovation,glossaire"
mix-0638,Challenge Mixte,mixte,facile,Quelle est la devise de la Republique du Cameroun ?,Unite - Progres - Justice,Paix - Travail - Patrie,Liberte - Egalite - Fraternite,Force - Union - Avenir,B,100,20,La devise nationale est Paix - Travail - Patrie.,"mixte,cameroun,institutions,symboles"
mix-0639,Challenge Mixte,mixte,facile,"En entrepreneuriat, que designe une charge ?",Un associe qui apporte des fonds sans participer a la gestion,Un espace ou les echanges entre pays membres sont facilites,La collecte d'informations directement aupres des personnes concernees,Une depense engagee pour faire fonctionner l'activite,D,100,20,Une charge : une depense engagee pour faire fonctionner l'activite.,"mixte,entrepreneuriat,glossaire"
mix-0640,Challenge Mixte,mixte,facile,Quel terme correspond a cette definition : L'avis exprime par une personne apres avoir utilise un service ?,l'intelligence artificielle,un processeur,la prediction,un retour utilisateur,D,100,20,Il s'agit d'un retour utilisateur.,"mixte,innovation,glossaire"
mix-0641,Challenge Mixte,mixte,moyen,Quelle affirmation est exacte a propos du poivre de Penja au Cameroun ?,"En resume, il pousse sur les hautes terres","En resume, il sert a preparer bobolo, gari et miondo","En resume, il pousse en zone chaude et humide","En resume, il beneficie d'une indication geographique protegee",D,200,25,Pour le poivre de Penja : il beneficie d'une indication geographique protegee.,"mixte,cameroun,economie,agriculture"
mix-0642,Challenge Mixte,mixte,moyen,Dans quelle region du Cameroun se trouve la ville de Muyuka ?,Ouest,Centre,Sud,Sud-Ouest,D,200,25,Muyuka est situee dans la region : Sud-Ouest.,"mixte,cameroun,geographie,villes"
mix-0643,Challenge Mixte,mixte,moyen,Un vendeur achete des articles a 600 FCFA l'unite et les revend a 950 FCFA. Il en vend 150 dans le mois. Quelle est sa marge totale ?,350 FCFA,52 500 FCFA,142 500 FCFA,232 500 FCFA,B,200,25,Marge totale = (950 FCFA - 600 FCFA) x 150 = 52 500 FCFA.,"mixte,entrepreneuriat,calcul,marge"
mix-0644,Challenge Mixte,mixte,moyen,"En entrepreneuriat, que designe un cahier des charges ?",La forme legale choisie pour exercer une activite,L'ensemble des marchandises detenues et non encore vendues,La suite des activites qui ajoutent de la valeur au produit final,Le document qui decrit precisement ce qui est attendu d'un projet,D,200,25,Un cahier des charges : le document qui decrit precisement ce qui est attendu d'un projet.,"mixte,entrepreneuriat,glossaire"
mix-0645,Challenge Mixte,mixte,facile,Quel est le principal port maritime historique du Cameroun ?,Le port de Garoua,Le port de Limbe,Le port de Douala,Le port de Kribi,C,100,20,Douala traite la majeure partie du trafic portuaire national.,"mixte,cameroun,geographie"
mix-0646,Challenge Mixte,mixte,moyen,Vous constatez que vos clients achetent surtout le week-end. Comment en tirer parti ?,Fermer le week-end,Augmenter les prix uniquement en semaine sans raison,Ignorer cette information,"Adapter vos horaires, stocks et promotions a ces pics",D,200,25,Les donnees de vente orientent les decisions operationnelles.,"mixte,entrepreneuriat,mise-en-situation"
mix-0647,Challenge Mixte,mixte,challenge,Une entreprise realise 180 000 FCFA de chiffre d'affaires et 27 000 FCFA de benefice. Quelle est sa rentabilite nette ?,30 %,17.6 %,85 %,15 %,D,300,30,Rentabilite = benefice / CA x 100 = 15 %.,"mixte,entrepreneuriat,calcul,rentabilite"
mix-0648,Challenge Mixte,mixte,facile,A quel besoin repond principalement cette solution : Un outil de creation graphique en ligne ?,Creer un visuel de communication sans graphiste,Reduire la consommation d'electricite d'un atelier,Identifier un client sans carte grace a son empreinte,Encaisser un client qui n'a pas d'argent liquide,A,100,20,Un outil de creation graphique en ligne sert notamment a creer un visuel de communication sans graphiste.,"mixte,innovation,usages"
mix-0649,Challenge Mixte,mixte,moyen,Quel village touristique des monts Mandara est celebre pour ses paysages de pitons ?,Mora,Kaele,Rhumsiki,Mokolo,C,200,25,Rhumsiki est l'un des paysages les plus photographies du Cameroun.,"mixte,cameroun,geographie"
mix-0650,Challenge Mixte,mixte,facile,Quel animal donne son surnom a l'equipe nationale camerounaise ?,Le chameau,Le crocodile,Le zebre,Le lion,D,100,20,Les Lions Indomptables.,"mixte,cameroun,culture-generale"
mix-0651,Challenge Mixte,mixte,challenge,Comment appelle-t-on ceci : Le principe selon lequel les biens personnels peuvent etre engages ?,un reseau professionnel,la responsabilite illimitee,un impaye,une chaine d'approvisionnement,B,300,30,Il s'agit de la responsabilite illimitee.,"mixte,entrepreneuriat,glossaire"
mix-0652,Challenge Mixte,mixte,moyen,Que vaut une idee sans execution ?,Peu de chose : c'est l'execution qui cree la valeur,Elle vaut toujours des millions,Elle se vend automatiquement,Elle rapporte sans travail,A,200,25,L'execution transforme l'idee en entreprise.,"mixte,entrepreneuriat,posture"
mix-0653,Challenge Mixte,mixte,facile,Quelle situation justifie cette bonne pratique : Ne pas l'ouvrir et verifier l'expediteur ?,Un fichier joint inattendu arrive d'un expediteur inconnu,Un site vous demande de payer sans afficher aucune mention legale,Un inconnu vous appelle en se disant technicien et demande un code recu par SMS,Vous n'avez aucune copie de votre fichier client,A,100,20,Cette pratique repond au cas suivant : un fichier joint inattendu arrive d'un expediteur inconnu.,"mixte,innovation,cybersecurite"
mix-0654,Challenge Mixte,mixte,challenge,"En entrepreneuriat, que designe le fonds de roulement ?",Le financement par des fonds qui prennent des parts dans des entreprises a fort potentiel,Les ressources stables qui financent le cycle d'exploitation,Le document qui accompagne la marchandise remise au client,L'organisation africaine qui protege la propriete intellectuelle dans ses Etats membres,B,300,30,Le fonds de roulement : les ressources stables qui financent le cycle d'exploitation.,"mixte,entrepreneuriat,glossaire"
mix-0655,Challenge Mixte,mixte,moyen,Le departement du Mezam appartient a quelle region ?,Nord,Adamaoua,Nord-Ouest,Centre,C,200,25,Le Mezam se situe dans la region : Nord-Ouest.,"mixte,cameroun,geographie,departements"
mix-0656,Challenge Mixte,mixte,moyen,Quel professionnel du numerique a pour mission de : Ameliorer la visibilite d'un site dans les moteurs de recherche ?,un redacteur web,un administrateur systeme,un specialiste du referencement,un pilote de drone professionnel,C,200,25,Il s'agit d'un specialiste du referencement.,"mixte,innovation,metiers"
mix-0657,Challenge Mixte,mixte,moyen,Quel parti politique a ete lance a Bamenda le 26 mai 1990 ?,Le Social Democratic Front (SDF),Le RDPC,L'UNDP,L'UPC,A,200,25,Le SDF a ete fonde par Ni John Fru Ndi.,"mixte,cameroun,histoire"
mix-0658,Challenge Mixte,mixte,moyen,Quelle est la mission principale d'un chef de projet numerique ?,Assister les utilisateurs a distance,Reparer et entretenir les equipements informatiques,Exploiter les donnees pour aider a decider,"Coordonner les equipes, les delais et le budget d'un projet",D,200,25,"Un chef de projet numerique : coordonner les equipes, les delais et le budget d'un projet.","mixte,innovation,metiers"
mix-0659,Challenge Mixte,mixte,challenge,Quelle affirmation est exacte a propos du riz au Cameroun ?,"En resume, elle entre dans la preparation du ndole et des sauces","En resume, il beneficie d'une indication geographique protegee","En resume, il pousse sur les hautes terres","En resume, la SEMRY exploite les perimetres de Yagoua et Maga",D,300,30,Pour le riz : la SEMRY exploite les perimetres de Yagoua et Maga.,"mixte,cameroun,economie,agriculture"
mix-0660,Challenge Mixte,mixte,moyen,Quel est le principal benefice de cette demarche : faire decouvrir un hotel avant la reservation ?,Coordonner sans reunions inutiles,Rassurer le client et augmenter les reservations,Servir une clientele plus large,Produire des visuels corrects a faible cout,B,200,25,Le gain principal : rassurer le client et augmenter les reservations.,"mixte,innovation,usages"
mix-0661,Challenge Mixte,mixte,facile,Quel comportement renforce la confiance lors d'une vente ?,Promettre l'impossible,Changer de prix sans explication,Eviter les questions du client,Tenir ses engagements de delai et de qualite,D,100,20,La confiance se construit par la fiabilite.,"mixte,entrepreneuriat,vente"
mix-0662,Challenge Mixte,mixte,moyen,Ou se situe le Congo par rapport au Cameroun ?,au nord-est,au sud,a l'est,au sud-est,D,200,25,Le Congo borde le Cameroun au sud-est.,"mixte,cameroun,geographie,frontieres"
mix-0663,Challenge Mixte,mixte,facile,Quelle saison domine de novembre a fevrier dans le Nord du Cameroun ?,La saison des pluies,La mousson,La saison seche,L'hiver neigeux,C,100,20,Le Nord connait une longue saison seche.,"mixte,cameroun,divers"
mix-0664,Challenge Mixte,mixte,moyen,"Dans le monde numerique, que designe l'empreinte numerique ?",L'assistance apportee aux utilisateurs en cas de probleme,Le composant specialise dans le traitement des images,Un message d'information envoye regulierement a une liste d'abonnes,L'ensemble des traces laissees par une personne en ligne,D,200,25,L'empreinte numerique : l'ensemble des traces laissees par une personne en ligne.,"mixte,innovation,glossaire"
mix-0665,Challenge Mixte,mixte,facile,Quel produit camerounais sert a fabriquer du chocolat ?,Le cacao,Le riz,Le mil,Le coton,A,100,20,Le cacao est transforme en chocolat.,"mixte,cameroun,culture-generale"
mix-0666,Challenge Mixte,mixte,moyen,Quel organisme protege les marques et brevets dans plusieurs pays africains francophones ?,L'OMS,L'OAPI,La FAO,L'UNESCO,B,200,25,L'Organisation Africaine de la Propriete Intellectuelle.,"mixte,entrepreneuriat,juridique"
mix-0667,Challenge Mixte,mixte,moyen,Que designe la culture d'entreprise ?,Le montant du capital social,L'ensemble des valeurs et comportements partages dans l'organisation,La superficie des bureaux,Le nombre de diplomes des employes,B,200,25,La culture oriente les comportements au quotidien.,"mixte,entrepreneuriat,gestion"
mix-0668,Challenge Mixte,mixte,challenge,Comment appelle-t-on ceci : Le fait d'associer les employes au capital de l'entreprise ?,un actionnariat salarie,un contrat,un avantage concurrentiel,un prototype,A,300,30,Il s'agit d'un actionnariat salarie.,"mixte,entrepreneuriat,glossaire"
mix-0669,Challenge Mixte,mixte,moyen,Que faut-il faire dans cette situation : vous vous connectez au wifi public d'un hotel pour consulter vos comptes ?,Eviter les operations sensibles sur un reseau public non securise,Refuser de communiquer le code et raccrocher,Utiliser un gestionnaire de mots de passe securise,Ne jamais communiquer son code et supprimer le message,A,200,25,Bonne pratique : eviter les operations sensibles sur un reseau public non securise.,"mixte,innovation,cybersecurite"
mix-0670,Challenge Mixte,mixte,moyen,Quel terme correspond a cette definition : Un service commande et obtenu immediatement via une application ?,un tutoriel,une notification push,un service a la demande,un moderateur,C,200,25,Il s'agit d'un service a la demande.,"mixte,innovation,glossaire"
mix-0671,Challenge Mixte,mixte,challenge,Quel service correspond a cette activite : La conception de drones civils ?,Orange Money,Waspito,Will and Brothers,MTN MoMo,C,300,30,Will and Brothers correspond a cette activite.,"mixte,innovation,afrique"
mix-0672,Challenge Mixte,mixte,facile,Dans quelle partie de l'Afrique se situe le Cameroun ?,Dans la Corne de l'Afrique,En Afrique centrale,En Afrique australe,En Afrique du Nord,B,100,20,Le Cameroun appartient a l'Afrique centrale.,"mixte,cameroun,culture-generale"
mix-0673,Challenge Mixte,mixte,facile,Pourquoi la formation est-elle indispensable a la transformation numerique d'une entreprise ?,Parce que les outils fonctionnent seuls,Parce que cela remplace la strategie,Parce que la loi l'oblige,Parce qu'un outil non maitrise n'apporte aucun benefice,D,100,20,L'appropriation par les equipes conditionne le resultat.,"mixte,innovation,comprehension"
mix-0674,Challenge Mixte,mixte,challenge,Une entreprise vend pour 75 000 FCFA sur un marche total estime a 500 000 FCFA. Quelle est sa part de marche ?,15 %,7.5 %,85 %,6.7 %,A,300,30,Part de marche = ventes / marche total x 100 = 15 %.,"mixte,entrepreneuriat,calcul,marche"
mix-0675,Challenge Mixte,mixte,facile,"Dans le monde numerique, que designe un abonnement mensuel ?",Un paiement recurrent qui donne acces a un service,Le plan des evolutions prevues pour un service numerique,Une structure qui heberge et accompagne de jeunes entreprises innovantes,Un dispositif qui recompense les achats repetes via une application,A,100,20,Un abonnement mensuel : un paiement recurrent qui donne acces a un service.,"mixte,innovation,glossaire"
mix-0676,Challenge Mixte,mixte,moyen,Qui represente l'Etat a la tete d'un departement au Cameroun ?,Le sous-prefet,Le maire,Le gouverneur,Le prefet,D,200,25,"Le prefet dirige le departement, le gouverneur la region.","mixte,cameroun,institutions,symboles"
mix-0677,Challenge Mixte,mixte,moyen,Quel quartier de Douala est connu pour ses activites nocturnes et sa vie animee ?,Nsimalen,Mvog-Ada,Melen,Akwa,D,200,25,"Akwa concentre hotels, bars et commerces.","mixte,cameroun,divers"
mix-0678,Challenge Mixte,mixte,facile,Quel terme correspond a cette definition : Une technologie qui permet a une machine d'accomplir des taches demandant habituellement de l'intelligence humaine ?,un nom de domaine,un test de charge,un assistant vocal,l'intelligence artificielle,D,100,20,Il s'agit de l'intelligence artificielle.,"mixte,innovation,glossaire"
mix-0679,Challenge Mixte,mixte,moyen,Quel roman de Ferdinand Oyono raconte la vie d'un jeune domestique sous la colonisation ?,Les Impatientes,Trois pretendants un mari,Une vie de boy,Ville cruelle,C,200,25,Une vie de boy est un classique de la litterature africaine.,"mixte,cameroun,personnalites,sport,culture"
mix-0680,Challenge Mixte,mixte,facile,Quel professionnel du numerique a pour mission de : Concevoir et programmer des sites et applications en ligne ?,un product owner,un developpeur web,un ingenieur en intelligence artificielle,un data scientist,B,100,20,Il s'agit d'un developpeur web.,"mixte,innovation,metiers"
mix-0681,Challenge Mixte,mixte,moyen,Comment qualifie-t-on cette charge : l'emballage de chaque article vendu ?,Une charge variable,Un actif immobilise,Une charge fixe,Un produit d'exploitation,A,200,25,L'emballage de chaque article vendu est une charge variable.,"mixte,entrepreneuriat,couts"
mix-0682,Challenge Mixte,mixte,moyen,Dans quelle region du Cameroun se trouve la ville de Ekondo-Titi ?,Est,Ouest,Sud-Ouest,Centre,C,200,25,Ekondo-Titi est situee dans la region : Sud-Ouest.,"mixte,cameroun,geographie,villes"
mix-0683,Challenge Mixte,mixte,facile,Dans quel secteur d'activite intervient CAMTEL ?,L'immobilier,La distribution et la quincaillerie,Le textile,Les telecommunications,D,100,20,CAMTEL est l'operateur historique de telecommunications.,"mixte,cameroun,economie,entreprises"
mix-0684,Challenge Mixte,mixte,moyen,A quel besoin repond principalement cette solution : Une imprimante 3D ?,Fabriquer une piece de rechange unique rapidement,Verifier l'identite d'un utilisateur avant un paiement,Resumer un long document en quelques points,Organiser une reunion avec un partenaire base a l'etranger,A,200,25,Une imprimante 3D sert notamment a fabriquer une piece de rechange unique rapidement.,"mixte,innovation,usages"
mix-0685,Challenge Mixte,mixte,facile,Quelle entreprise camerounaise correspond a cette description : un operateur mobile et de mobile money ?,la BICEC,Orange Cameroun,Afriland First Bank,Chococam,B,100,20,Il s'agit de Orange Cameroun.,"mixte,cameroun,economie,entreprises"
mix-0686,Challenge Mixte,mixte,challenge,Quel est l'interet de documenter ses procedures ?,Compliquer le travail,Augmenter les charges fixes,Ralentir la production,Permettre a l'activite de fonctionner sans dependre d'une seule personne,D,300,30,La documentation rend l'entreprise transmissible.,"mixte,entrepreneuriat,gestion"
mix-0687,Challenge Mixte,mixte,challenge,Quel est le chef-lieu du departement du Ndian ?,Meiganga,Mundemba,Ndop,Ebolowa,B,300,30,"Mundemba est le chef-lieu du Ndian, dans la region : Sud-Ouest.","mixte,cameroun,geographie,departements"
mix-0688,Challenge Mixte,mixte,challenge,Quel est le chef-lieu du departement du Mayo-Sava ?,Mora,Kumbo,Tchollire,Sangmelima,A,300,30,"Mora est le chef-lieu du Mayo-Sava, dans la region : Extreme-Nord.","mixte,cameroun,geographie,departements"
mix-0689,Challenge Mixte,mixte,moyen,Quel terme correspond a cette definition : Un site imitant un service legitime pour tromper les visiteurs ?,une newsletter,une arnaque en ligne,un algorithme,un site frauduleux,D,200,25,Il s'agit d'un site frauduleux.,"mixte,innovation,glossaire"
mix-0690,Challenge Mixte,mixte,facile,A quel besoin repond principalement cette solution : Un logiciel de caisse ?,Gerer les plannings d'une equipe dispersee,Consulter un medecin depuis un village eloigne,Detecter une transaction bancaire anormale,Eviter que la caisse ne soit fausse en fin de journee,D,100,20,Un logiciel de caisse sert notamment a eviter que la caisse ne soit fausse en fin de journee.,"mixte,innovation,usages"
mix-0691,Challenge Mixte,mixte,facile,Une petite entreprise veut travailler a plusieurs sur le meme document. Quelle solution numerique est la plus adaptee ?,La telemedecine,Un document partage en ligne,Une IA generative de texte,La signature electronique,B,100,20,"Pour travailler a plusieurs sur le meme document, un document partage en ligne est la reponse la plus directe.","mixte,innovation,usages"
mix-0692,Challenge Mixte,mixte,facile,Dans quel secteur d'activite intervient Orange Cameroun ?,La telephonie mobile,La distribution et la quincaillerie,L'electricite,Le textile,A,100,20,Orange Cameroun est un operateur mobile et de mobile money.,"mixte,cameroun,economie,entreprises"
mix-0693,Challenge Mixte,mixte,moyen,Vous avez peu de moyens pour tester une idee de service. Quelle methode est adaptee ?,Louer un immeuble,Proposer le service manuellement a quelques clients avant d'automatiser,Developper une plateforme complete d'abord,Recruter vingt personnes,B,200,25,Le test manuel valide la demande avant l'investissement technique.,"mixte,entrepreneuriat,mise-en-situation"
mix-0694,Challenge Mixte,mixte,moyen,Quelle entreprise camerounaise correspond a cette description : l'usine d'aluminium d'Edea ?,ALUCAM,la BICEC,Kiro'o Games,Camair-Co,A,200,25,Il s'agit de ALUCAM.,"mixte,cameroun,economie,entreprises"
mix-0695,Challenge Mixte,mixte,facile,Une entreprise vend 40 produits a 1 500 FCFA l'unite. Quel est son chiffre d'affaires ?,6 000 FCFA,60 000 FCFA,120 000 FCFA,1 540 FCFA,B,100,20,Chiffre d'affaires = prix x quantite = 1 500 FCFA x 40 = 60 000 FCFA.,"mixte,entrepreneuriat,calcul,chiffre-affaires"
mix-0696,Challenge Mixte,mixte,moyen,"Dans le monde numerique, que designe une application web ?","Un service utilisable directement depuis un navigateur, sans installation",Un ensemble d'informations organisees pour etre retrouvees facilement,Le fait de quitter un site sans finaliser sa commande,La transformation automatique de la parole en texte,A,200,25,"Une application web : un service utilisable directement depuis un navigateur, sans installation.","mixte,innovation,glossaire"
mix-0697,Challenge Mixte,mixte,moyen,Dans quelle region du Cameroun les Baka sont-ils principalement etablis ?,Le Nord-Ouest,Le Littoral,Le Sud,L'Est,D,200,25,Les Baka vivent principalement dans cette region.,"mixte,cameroun,peuples,langues"
mix-0698,Challenge Mixte,mixte,challenge,Quel est le chef-lieu du departement du Mfoundi ?,Mfou,Dschang,Wum,Yaounde,D,300,30,"Yaounde est le chef-lieu du Mfoundi, dans la region : Centre.","mixte,cameroun,geographie,departements"
mix-0699,Challenge Mixte,mixte,facile,Quelle est la mission principale d'un community manager ?,Concevoir et entrainer des modeles d'IA,Animer la presence d'une marque sur les reseaux sociaux,Former les equipes a l'usage des outils digitaux,Creer des applications destinees aux telephones,B,100,20,Un community manager : animer la presence d'une marque sur les reseaux sociaux.,"mixte,innovation,metiers"
mix-0700,Challenge Mixte,mixte,moyen,Quel usage de l'IA reste deconseille sans verification humaine ?,La creation d'un brouillon de publication,La generation d'idees de brainstorming,La production de documents juridiques ou medicaux engageants,La reformulation d'un texte interne,C,200,25,"Plus l'enjeu est fort, plus la supervision est necessaire.","mixte,innovation,comprehension"
mix-0701,Challenge Mixte,mixte,facile,Comment appelle-t-on ceci : La recommandation spontanee d'un client a son entourage ?,une PME,un devis,le bouche-a-oreille,un pitch deck,C,100,20,Il s'agit du bouche-a-oreille.,"mixte,entrepreneuriat,glossaire"
mix-0702,Challenge Mixte,mixte,challenge,Quelle entreprise camerounaise correspond a cette description : un distributeur de produits petroliers ?,Tradex,le PAK,Nexttel,Orange Cameroun,A,300,30,Il s'agit de Tradex.,"mixte,cameroun,economie,entreprises"
mix-0703,Challenge Mixte,mixte,challenge,Quelle ile camerounaise est situee face a Douala ?,L'ile de Manoka,L'ile de Goree,L'ile de Sao Tome,L'ile de Bioko,A,300,30,Manoka appartient a la region du Littoral.,"mixte,cameroun,geographie"
mix-0704,Challenge Mixte,mixte,facile,"Dans le monde numerique, que designe l'automatisation ?",Le fait de confier a une machine une tache repetitive realisee auparavant a la main,Un message envoye par une application sur l'ecran du telephone,Un logiciel qui organise des donnees en lignes et colonnes et effectue des calculs,Une suite d'instructions permettant de resoudre un probleme ou d'accomplir une tache,A,100,20,L'automatisation : le fait de confier a une machine une tache repetitive realisee auparavant a la main.,"mixte,innovation,glossaire"
mix-0705,Challenge Mixte,mixte,moyen,Quel est l'ingredient principal utilise pour preparer le mbanga soup ?,"la farine de ble, les haricots et le mais",les feuilles de manioc pilees,le macabo rape,la noix de palme,D,200,25,Le mbanga soup se prepare avec la noix de palme.,"mixte,cameroun,gastronomie"
mix-0706,Challenge Mixte,mixte,moyen,A quel besoin repond principalement cette solution : Une solution de paiement en ligne ?,Rediger une premiere version d'annonce publicitaire,Accepter des paiements depuis l'etranger,Verifier qu'une information vue en ligne est vraie,Connaitre l'avis des clients apres un achat,B,200,25,Une solution de paiement en ligne sert notamment a accepter des paiements depuis l'etranger.,"mixte,innovation,usages"
mix-0707,Challenge Mixte,mixte,moyen,De quelle region le makossa est-il originaire ?,L'Ouest,Le Centre,Le Littoral,Le Nord,C,200,25,"Le makossa est ne chez les Sawa, autour de Douala.","mixte,cameroun,personnalites,sport,culture"
mix-0708,Challenge Mixte,mixte,challenge,Comment appelle-t-on ceci : L'audit approfondi realise par un investisseur avant d'entrer au capital ?,une zone de libre-echange,un compte bancaire professionnel,le prix de revient,une due diligence,D,300,30,Il s'agit d'une due diligence.,"mixte,entrepreneuriat,glossaire"
mix-0709,Challenge Mixte,mixte,challenge,De quel pays Waspito est-il ou est-elle originaire ?,le Kenya,l'Afrique du Sud,la Tunisie,le Cameroun,D,300,30,Waspito vient de ce pays : le Cameroun.,"mixte,innovation,afrique"
mix-0710,Challenge Mixte,mixte,challenge,Dans quelle partie du Cameroun l'ananas est-il ou est-elle principalement cultive(e) ?,Le Littoral et le Sud-Ouest,Le Centre,L'Ouest et le Nord-Ouest,L'Adamaoua,A,300,30,Pour l'ananas : il est cultive dans le Moungo.,"mixte,cameroun,economie,agriculture"
mix-0711,Challenge Mixte,mixte,facile,Comment appelle-t-on la monnaie utilisee dans les marches camerounais ?,La livre sterling,L'euro,Le dollar,Le franc CFA,D,100,20,Le franc CFA est la monnaie du Cameroun.,"mixte,cameroun,culture-generale"
mix-0712,Challenge Mixte,mixte,facile,A quel besoin repond principalement cette solution : Un document partage en ligne ?,Fabriquer une piece de rechange unique rapidement,Suivre la position d'une livraison en cours,Travailler a plusieurs sur le meme document,Verifier qu'une information vue en ligne est vraie,C,100,20,Un document partage en ligne sert notamment a travailler a plusieurs sur le meme document.,"mixte,innovation,usages"
mix-0713,Challenge Mixte,mixte,moyen,Quelle date correspond a l'independance du Cameroun sous tutelle francaise ?,Le 1er octobre 1961,Le 20 mai 1972,Le 11 fevrier 1961,Le 1er janvier 1960,D,200,25,Le 1er janvier 1960 marque l'independance.,"mixte,cameroun,histoire"
mix-0714,Challenge Mixte,mixte,moyen,L'innovation exige-t-elle toujours une technologie de pointe ?,"Non, une nouvelle organisation ou un nouvel usage peut suffire","Oui, il faut obligatoirement un laboratoire","Oui, sans technologie il n'y a pas d'innovation","Oui, il faut toujours un brevet",A,200,25,L'innovation d'usage ou d'organisation compte autant.,"mixte,innovation,comprehension"
mix-0715,Challenge Mixte,mixte,challenge,Dans quel domaine Joseph Weizenbaum a-t-il ou a-t-elle laisse sa marque ?,L'imprimerie,L'electronique,L'intelligence artificielle,Les transports,C,300,30,Joseph Weizenbaum a marque ce domaine : L'intelligence artificielle.,"mixte,innovation,histoire"
mix-0716,Challenge Mixte,mixte,moyen,Que signifie le sigle CEMAC dans le monde de l'entreprise ?,Communaute Economique et Monetaire de l'Afrique Centrale,Bourse des Valeurs Mobilieres de l'Afrique Centrale,Gestion de la Relation Client,Indication Geographique Protegee,A,200,25,CEMAC : Communaute Economique et Monetaire de l'Afrique Centrale.,"mixte,entrepreneuriat,sigles"
mix-0717,Challenge Mixte,mixte,moyen,Quel outil gratuit permet a un commerce d'apparaitre sur une carte en ligne ?,Une fiche d'etablissement sur un service de cartographie,Une imprimante connectee,Un tableur,Un logiciel de comptabilite,A,200,25,La fiche etablissement ameliore la visibilite locale.,"mixte,entrepreneuriat,digital"
mix-0718,Challenge Mixte,mixte,moyen,Quel terme correspond a cette definition : Une mesure chiffree du fonctionnement d'un service en ligne ?,un hashtag,un jumeau numerique,l'agriculture de precision,un indicateur numerique,D,200,25,Il s'agit d'un indicateur numerique.,"mixte,innovation,glossaire"
mix-0719,Challenge Mixte,mixte,facile,Qui est a l'origine de cette avancee : le telephone ?,Verone Mankou,Alan Turing,Johannes Gutenberg,Alexander Graham Bell,D,100,20,Il s'agit de Alexander Graham Bell.,"mixte,innovation,histoire"
mix-0720,Challenge Mixte,mixte,challenge,Quelle entreprise Jensen Huang a-t-il ou a-t-elle fondee ou dirigee ?,Starbucks,African Leadership University,Nvidia,Microsoft,C,300,30,"Jensen Huang : Nvidia - secteur les processeurs graphiques, les Etats-Unis.","mixte,entrepreneuriat,figures"
mix-0721,Challenge Mixte,mixte,moyen,Dans quel domaine Alan Turing a-t-il ou a-t-elle laisse sa marque ?,L'electronique,La programmation,Les transports,L'informatique,D,200,25,Alan Turing a marque ce domaine : L'informatique.,"mixte,innovation,histoire"
mix-0722,Challenge Mixte,mixte,facile,Quel pays a organise la Coupe d'Afrique des Nations 2021 disputee en 2022 ?,Le Nigeria,Le Cameroun,Le Senegal,La Cote d'Ivoire,B,100,20,Le Cameroun a accueilli la CAN en janvier-fevrier 2022.,"mixte,cameroun,personnalites,sport,culture"
mix-0723,Challenge Mixte,mixte,moyen,"Dans le monde numerique, que designe une version beta ?",Une version d'essai diffusee avant la sortie officielle,Une information enregistree qui peut etre traitee par un ordinateur,Un ordinateur qui fournit des services ou des donnees a d'autres appareils,Un element cliquable qui renvoie vers une autre page ou ressource,A,200,25,Une version beta : une version d'essai diffusee avant la sortie officielle.,"mixte,innovation,glossaire"
mix-0724,Challenge Mixte,mixte,moyen,"En entrepreneuriat, que designe un bilan ?",Des services financiers de proximite destines aux petites activites,Les ressources apportees par les associes a la creation de la societe,La capacite a rebondir apres une difficulte,Une photographie du patrimoine de l'entreprise a une date donnee,D,200,25,Un bilan : une photographie du patrimoine de l'entreprise a une date donnee.,"mixte,entrepreneuriat,glossaire"
mix-0725,Challenge Mixte,mixte,moyen,"Quelle entreprise camerounaise correspond a cette description : un grand employeur agricole du Sud-Ouest (banane, hevea, palmier) ?",Afriland First Bank,Kiro'o Games,Cimencam,la CDC,D,200,25,Il s'agit de la CDC.,"mixte,cameroun,economie,entreprises"
mix-0726,Challenge Mixte,mixte,challenge,"En entrepreneuriat, que designe la valorisation ?",Le niveau de ventes a partir duquel l'entreprise ne perd plus d'argent,L'estimation de la valeur financiere d'une entreprise,Un examen independant des comptes ou des processus de l'entreprise,Le document qui decrit les missions et responsabilites d'un emploi,B,300,30,La valorisation : l'estimation de la valeur financiere d'une entreprise.,"mixte,entrepreneuriat,glossaire"
mix-0727,Challenge Mixte,mixte,moyen,Comment surnomme-t-on la ville de Kribi ?,La perle du Sud,Abakwa,La cite des arts,La ville aux sept collines,A,200,25,Kribi est reputee pour ses plages.,"mixte,cameroun,divers"
mix-0728,Challenge Mixte,mixte,facile,Dans quel domaine Paul Biya s'est-il ou s'est-elle illustre(e) ?,La politique,Les affaires et l'entrepreneuriat,La technologie,La musique,A,100,20,Paul Biya est connu(e) pour etre devenu president du Cameroun le 6 novembre 1982.,"mixte,cameroun,personnalites"
mix-0729,Challenge Mixte,mixte,facile,"Dans le monde numerique, que designe une carte numerique ?",Un programme installe sur un telephone pour rendre un service,Une representation geographique consultable en ligne,Un element cliquable qui renvoie vers une autre page ou ressource,Une publicite adressee a un public selectionne selon ses caracteristiques,B,100,20,Une carte numerique : une representation geographique consultable en ligne.,"mixte,innovation,glossaire"
mix-0730,Challenge Mixte,mixte,moyen,Quel terme correspond a cette definition : Un evenement court ou des equipes concoivent une solution numerique ?,un hackathon,l'innovation de rupture,la verification des sources,un tunnel de conversion,A,200,25,Il s'agit d'un hackathon.,"mixte,innovation,glossaire"
mix-0731,Challenge Mixte,mixte,moyen,"Dans le monde numerique, que designe un incubateur technologique ?",Une structure qui heberge et accompagne de jeunes entreprises innovantes,La transformation d'un texte en parole audible,Une interface qui permet a deux logiciels de communiquer entre eux,"Un outil qui aide a suivre les stocks, les ventes ou la comptabilite",A,200,25,Un incubateur technologique : une structure qui heberge et accompagne de jeunes entreprises innovantes.,"mixte,innovation,glossaire"
mix-0732,Challenge Mixte,mixte,facile,Combien de regions compte le Cameroun ?,8,10,12,14,B,100,20,Le Cameroun est decoupe en 10 regions depuis 2008.,"mixte,cameroun,geographie,regions"
mix-0733,Challenge Mixte,mixte,challenge,"En entrepreneuriat, que designe la dilution ?",La reduction du pourcentage detenu par un associe apres une entree d'investisseurs,La preuve concrete que le marche adopte l'offre,Un entrepreneur experimente qui conseille un porteur de projet,La base regroupant les coordonnees et l'historique des clients,A,300,30,La dilution : la reduction du pourcentage detenu par un associe apres une entree d'investisseurs.,"mixte,entrepreneuriat,glossaire"
mix-0734,Challenge Mixte,mixte,facile,Quel est le chef-lieu de la region du Nord ?,Bamenda,Buea,Garoua,Yaounde,C,100,20,Garoua est le chef-lieu de la region de l'Nord.,"mixte,cameroun,geographie,regions"
mix-0735,Challenge Mixte,mixte,moyen,De quel pays Strive Masiyiwa est-il ou est-elle originaire ?,le Ghana,la Tunisie,le Congo,le Zimbabwe,D,200,25,Strive Masiyiwa est originaire de ce pays : le Zimbabwe.,"mixte,entrepreneuriat,figures"
mix-0736,Challenge Mixte,mixte,challenge,Que signifie le sigle SaaS dans le monde de l'entreprise ?,Logiciel fourni comme un service en ligne,Salaire Minimum Interprofessionnel Garanti,Zone de Libre-Echange Continentale Africaine,Responsabilite Societale des Entreprises,A,300,30,SaaS : Logiciel fourni comme un service en ligne.,"mixte,entrepreneuriat,sigles"
mix-0737,Challenge Mixte,mixte,moyen,Comment appelle-t-on l'hymne national camerounais ?,Le Chant de Ralliement,Le Chant du Wouri,L'Hymne de l'Unite,La Marche des Lions,A,200,25,O Cameroun berceau de nos ancetres est appele le Chant de Ralliement.,"mixte,cameroun,institutions,symboles"
mix-0738,Challenge Mixte,mixte,moyen,Quel terme correspond a cette definition : Le traitement automatique de tache repetitives comme la saisie ou les relances ?,un ecosysteme numerique,un espace disque,la traduction automatique,l'automatisation des taches administratives,D,200,25,Il s'agit de l'automatisation des taches administratives.,"mixte,innovation,glossaire"
mix-0739,Challenge Mixte,mixte,moyen,"Dans le monde numerique, que designe l'hebergement web ?",La creation d'images nouvelles par un modele d'intelligence artificielle,Une suite d'instructions permettant de resoudre un probleme ou d'accomplir une tache,L'espace personnel cree pour acceder a un service en ligne,Le service qui stocke un site et le rend accessible en ligne,D,200,25,L'hebergement web : le service qui stocke un site et le rend accessible en ligne.,"mixte,innovation,glossaire"
mix-0740,Challenge Mixte,mixte,moyen,Dans quelle region du Cameroun les Bakoko sont-ils principalement etablis ?,Le Nord-Ouest,L'Est,Le Littoral,L'Ouest,C,200,25,Les Bakoko vivent principalement dans cette region.,"mixte,cameroun,peuples,langues"
mix-0741,Challenge Mixte,mixte,moyen,Quel est le principal benefice de cette demarche : fabriquer une piece de rechange unique rapidement ?,Augmenter le panier moyen,Rassurer le client et augmenter les reservations,Reduire les erreurs et le temps de saisie,Produire a l'unite sans outillage industriel,D,200,25,Le gain principal : produire a l'unite sans outillage industriel.,"mixte,innovation,usages"
mix-0742,Challenge Mixte,mixte,moyen,Comment qualifie-t-on cette charge : les frais de transport par commande ?,Une charge fixe,Une charge variable,Un produit d'exploitation,Un actif immobilise,B,200,25,Les frais de transport par commande est une charge variable.,"mixte,entrepreneuriat,couts"
mix-0743,Challenge Mixte,mixte,moyen,"En entrepreneuriat, que designe un MVP ?",La suite des activites qui ajoutent de la valeur au produit final,L'argent reellement disponible pour payer les depenses du moment,Une maquette fonctionnelle realisee avant la production en serie,Une premiere version simplifiee du produit servant a tester le marche,D,200,25,Un MVP : une premiere version simplifiee du produit servant a tester le marche.,"mixte,entrepreneuriat,glossaire"
mix-0744,Challenge Mixte,mixte,facile,Quel est l'ingredient principal utilise pour preparer le poisson braise ?,le poisson grille au feu de bois,le fruit du safoutier,les feuilles de gnetum,le pain garni de spaghetti et d'omelette,A,100,20,Le poisson braise se prepare avec le poisson grille au feu de bois.,"mixte,cameroun,gastronomie"
mix-0745,Challenge Mixte,mixte,facile,Que designe la marque camerounaise Orange Money ?,Une eau minerale,Une pate a tartiner,Une biere,Un service de mobile money,D,100,20,Orange Money : il permet de payer et transferer de l'argent.,"mixte,cameroun,marques"
mix-0746,Challenge Mixte,mixte,challenge,Quelle personnalite camerounaise est connue pour avoir dirige un grand groupe industriel camerounais ?,Manu Dibango,William Elong,James Onobiono,Jean-Pierre Bekolo,C,300,30,Il s'agit de James Onobiono.,"mixte,cameroun,personnalites"
mix-0747,Challenge Mixte,mixte,moyen,Quelle personnalite camerounaise est connue pour chanter en douala et melanger sonorites traditionnelles et modernes ?,Rene Philombe,Charlotte Dipanda,Ahmadou Ahidjo,Vincent Aboubakar,B,200,25,Il s'agit de Charlotte Dipanda.,"mixte,cameroun,personnalites"
mix-0748,Challenge Mixte,mixte,facile,Pourquoi la perseverance est-elle importante en entrepreneuriat ?,Parce qu'il ne faut jamais changer d'avis,Parce que les clients aiment attendre,Parce que la loi l'exige,Parce que les resultats arrivent rarement des les premiers essais,D,100,20,Perseverer n'est pas s'obstiner sans apprendre.,"mixte,entrepreneuriat,posture"
mix-0749,Challenge Mixte,mixte,challenge,Comment appelle-t-on ceci : Une strategie de prix eleve visant une clientele restreinte ?,la scalabilite,un bail,l'ecremage,la TVA,C,300,30,Il s'agit de l'ecremage.,"mixte,entrepreneuriat,glossaire"
mix-0750,Challenge Mixte,mixte,challenge,Quel est le chef-lieu du departement du Ngo-Ketunjia ?,Wum,Bangangte,Kribi,Ndop,D,300,30,"Ndop est le chef-lieu du Ngo-Ketunjia, dans la region : Nord-Ouest.","mixte,cameroun,geographie,departements"
mix-0751,Challenge Mixte,mixte,moyen,Que designe un usage responsable de l'intelligence artificielle ?,Confier toutes les decisions a la machine,Utiliser l'IA sans jamais reflechir,Utiliser l'IA en verifiant ses resultats et en respectant les personnes et la loi,Cacher qu'on utilise une IA en toute circonstance,C,200,25,La supervision humaine est au coeur de l'IA responsable.,"mixte,innovation,comprehension"
mix-0752,Challenge Mixte,mixte,moyen,Vous avez teste votre offre : peu de clients reviennent. Que faut-il analyser d'abord ?,La taille de votre local,Le nombre de publications sur les reseaux,Le nombre d'associes,"Les raisons de non-retour : qualite, prix, experience ou besoin mal couvert",D,200,25,Le taux de retour mesure la valeur reelle percue.,"mixte,entrepreneuriat,mise-en-situation"
mix-0753,Challenge Mixte,mixte,facile,"Dans le monde numerique, que designe une mise a jour ?",Une publicite adressee a un public selectionne selon ses caracteristiques,"Un logiciel dont le code peut etre utilise, modifie et partage librement",Une nouvelle version qui corrige ou ameliore un logiciel,Un fichier consultable et modifiable a plusieurs en ligne,C,100,20,Une mise a jour : une nouvelle version qui corrige ou ameliore un logiciel.,"mixte,innovation,glossaire"
mix-0754,Challenge Mixte,mixte,challenge,Quel service correspond a cette activite : Les paiements en ligne pour commercants ?,InstaDeep,Paystack,Healthlane,MTN MoMo,B,300,30,Paystack correspond a cette activite.,"mixte,innovation,afrique"
mix-0755,Challenge Mixte,mixte,challenge,Dans quel domaine Vint Cerf a-t-il ou a-t-elle laisse sa marque ?,La programmation,L'energie,Internet,La sante,C,300,30,Vint Cerf a marque ce domaine : Internet.,"mixte,innovation,histoire"
mix-0756,Challenge Mixte,mixte,moyen,Quelle personnalite camerounaise est connue pour avoir joue a Arsenal et au FC Barcelone ?,K-Tino,Alexandre Song,Leonora Miano,Mongo Beti,B,200,25,Il s'agit de Alexandre Song.,"mixte,cameroun,personnalites"
mix-0757,Challenge Mixte,mixte,facile,Quel terme correspond a cette definition : Un espace en ligne d'echange de questions et de reponses ?,un indicateur numerique,un brevet d'invention,une visioconference,un forum,D,100,20,Il s'agit d'un forum.,"mixte,innovation,glossaire"
mix-0758,Challenge Mixte,mixte,moyen,A quel besoin repond principalement cette solution : Un drone ?,Photographier de grandes parcelles agricoles rapidement,Traduire une fiche produit en anglais pour la vendre au Nigeria,Reduire les erreurs de calcul dans les devis,Rediger une premiere version d'annonce publicitaire,A,200,25,Un drone sert notamment a photographier de grandes parcelles agricoles rapidement.,"mixte,innovation,usages"
mix-0759,Challenge Mixte,mixte,challenge,En quelle annee Samuel Eto'o est-il devenu president de la Federation camerounaise de football ?,2021,2023,2018,2015,A,300,30,Il a ete elu a la tete de la FECAFOOT en decembre 2021.,"mixte,cameroun,personnalites,sport,culture"
mix-0760,Challenge Mixte,mixte,moyen,Comment appelle-t-on ceci : Une maquette fonctionnelle realisee avant la production en serie ?,la cession d'entreprise,la satisfaction client,un prototype,le marketing mix,C,200,25,Il s'agit d'un prototype.,"mixte,entrepreneuriat,glossaire"
mix-0761,Challenge Mixte,mixte,moyen,Dans quelle ville se trouve le palais des sultans Bamoun ?,Foumban,Dschang,Bafoussam,Bandjoun,A,200,25,Le palais royal de Foumban abrite un musee reconnu.,"mixte,cameroun,culture"
mix-0762,Challenge Mixte,mixte,facile,Quel est le plus haut sommet visible depuis Buea ?,L'Everest,Le mont Cameroun,Le Kilimandjaro,Le mont Blanc,B,100,20,Buea est situee au pied du mont Cameroun.,"mixte,cameroun,culture-generale"
mix-0763,Challenge Mixte,mixte,moyen,A quel besoin repond principalement cette solution : Une visite virtuelle ?,Sauvegarder le fichier client contre la perte d'un telephone,Faire decouvrir un hotel avant la reservation,Verifier l'identite d'un utilisateur avant un paiement,Identifier un client sans carte grace a son empreinte,B,200,25,Une visite virtuelle sert notamment a faire decouvrir un hotel avant la reservation.,"mixte,innovation,usages"
mix-0764,Challenge Mixte,mixte,facile,"Dans le monde numerique, que designe un forum ?",Un logiciel qui organise des donnees en lignes et colonnes et effectue des calculs,Un service en ligne qui met en relation plusieurs types d'utilisateurs,Un modele ou des particuliers partagent biens et services via des plateformes,Un espace en ligne d'echange de questions et de reponses,D,100,20,Un forum : un espace en ligne d'echange de questions et de reponses.,"mixte,innovation,glossaire"
mix-0765,Challenge Mixte,mixte,challenge,De quelle region du Cameroun le nnam owondo est-il originaire ou le plus consomme ?,L'Extreme-Nord,Le Sud,Le Littoral,Le Sud-Ouest,B,300,30,Le nnam owondo est surtout associe a cette region.,"mixte,cameroun,gastronomie"
mix-0766,Challenge Mixte,mixte,moyen,"Dans le monde numerique, que designe le big data ?",La demande enregistree d'un utilisateur aupres du support,Une structure qui heberge et accompagne de jeunes entreprises innovantes,Le traitement de volumes de donnees trop importants pour les outils classiques,La transformation de donnees en un format illisible sans la cle appropriee,C,200,25,Le big data : le traitement de volumes de donnees trop importants pour les outils classiques.,"mixte,innovation,glossaire"
mix-0767,Challenge Mixte,mixte,moyen,Quel massif montagneux de l'Extreme-Nord est celebre pour ses pics volcaniques ?,Les monts Bamboutos,Les monts Alantika,Les monts Mandara,Le massif du Manengouba,C,200,25,"Le village de Rhumsiki, dans les monts Mandara, est un site touristique majeur.","mixte,cameroun,geographie"
mix-0768,Challenge Mixte,mixte,moyen,Dans quel secteur d'activite intervient la BICEC ?,Le transport aerien,Les eaux minerales,La banque,Les telecommunications,C,200,25,La BICEC est une banque commerciale historique du Cameroun.,"mixte,cameroun,economie,entreprises"
mix-0769,Challenge Mixte,mixte,facile,Que designe la marque camerounaise MTN MoMo ?,Une biere,Un chocolat a tartiner,Une pate a tartiner,Un service de mobile money,D,100,20,MTN MoMo : il permet de payer et transferer de l'argent.,"mixte,cameroun,marques"
mix-0770,Challenge Mixte,mixte,challenge,Quelle est la mission principale d'un data scientist ?,Ameliorer la visibilite d'un site dans les moteurs de recherche,Assembler et retoucher des sequences video,Maintenir les serveurs et les infrastructures informatiques,Construire des modeles predictifs a partir de donnees,D,300,30,Un data scientist : construire des modeles predictifs a partir de donnees.,"mixte,innovation,metiers"
mix-0771,Challenge Mixte,mixte,facile,Quel document social une entreprise camerounaise doit-elle etablir pour ses salaries chaque mois ?,Le compte de resultat,Le bulletin de paie,Le rapport d'audit,Le bilan comptable,B,100,20,Le bulletin de paie accompagne le versement du salaire.,"mixte,cameroun,economie"
mix-0772,Challenge Mixte,mixte,challenge,De quel pays Karim Beguir est-il ou est-elle originaire ?,les Etats-Unis,le Congo,le Soudan,la Tunisie,D,300,30,Karim Beguir est originaire de ce pays : la Tunisie.,"mixte,entrepreneuriat,figures"
mix-0773,Challenge Mixte,mixte,moyen,Quelle entreprise Jack Ma a-t-il ou a-t-elle fondee ou dirigee ?,InstaDeep,Chanel,Alibaba,SoleRebels,C,200,25,"Jack Ma : Alibaba - secteur le commerce en ligne, la Chine.","mixte,entrepreneuriat,figures"
mix-0774,Challenge Mixte,mixte,moyen,Quelle part approximative du tissu economique camerounais les PME representent-elles ?,Environ 45 %,Environ 20 %,Moins de 5 %,Plus de 90 % des entreprises,D,200,25,Les PME et TPE constituent l'essentiel des entreprises enregistrees.,"mixte,cameroun,economie"
mix-0775,Challenge Mixte,mixte,challenge,"Dans le monde numerique, que designe la blockchain ?","Un logiciel dont le code peut etre utilise, modifie et partage librement",Un registre numerique partage qui enregistre les transactions de facon infalsifiable,Un outil qui enregistre les ventes et edite les tickets,Un site imitant un service legitime pour tromper les visiteurs,B,300,30,La blockchain : un registre numerique partage qui enregistre les transactions de facon infalsifiable.,"mixte,innovation,glossaire"
mix-0776,Challenge Mixte,mixte,moyen,Quelle personnalite camerounaise est connue pour avoir cree une startup camerounaise de drones civils ?,Ernest Ouandie,William Elong,Le sultan Njoya,Churchill Mambe,B,200,25,Il s'agit de William Elong.,"mixte,cameroun,personnalites"
mix-0777,Challenge Mixte,mixte,moyen,Quel comportement traduit une bonne gestion des risques ?,Ignorer les risques pour rester optimiste,Identifier les risques majeurs et prevoir des solutions de repli,Attendre la crise pour reagir,Arreter toute activite risquee,B,200,25,Anticiper vaut mieux que subir.,"mixte,entrepreneuriat,gestion"
mix-0778,Challenge Mixte,mixte,moyen,Pourquoi les entreprises collectent-elles des donnees sur leurs clients ?,Pour les revendre systematiquement sans regle,Sans aucune raison,Pour mieux comprendre les besoins et personnaliser leur offre,Pour les detruire,C,200,25,"La donnee sert la connaissance client, dans un cadre respectueux.","mixte,innovation,comprehension"
mix-0779,Challenge Mixte,mixte,challenge,De quel pays Shola Akinlade est-il ou est-elle originaire ?,le Nigeria,la France,le Royaume-Uni,le Soudan,A,300,30,Shola Akinlade est originaire de ce pays : le Nigeria.,"mixte,entrepreneuriat,figures"
mix-0780,Challenge Mixte,mixte,challenge,Une activite supporte 750 000 FCFA de charges fixes par mois. Chaque produit se vend 4 000 FCFA et coute 2 500 FCFA a produire. Combien faut-il en vendre pour atteindre le seuil de rentabilite ?,300 unites,525 unites,1000 unites,500 unites,D,300,30,Seuil = charges fixes / marge sur cout variable = 750 000 FCFA / 1 500 FCFA = 500 unites.,"mixte,entrepreneuriat,calcul,seuil-rentabilite"
mix-0781,Challenge Mixte,mixte,moyen,Quelle chambre consulaire delivre des services aux commercants camerounais ?,La CNPS,La CCIMA,La CONAC,L'ANOR,B,200,25,"Chambre de Commerce, d'Industrie, des Mines et de l'Artisanat.","mixte,entrepreneuriat,cameroun"
mix-0782,Challenge Mixte,mixte,moyen,"Dans le langage populaire camerounais, que designe le ndem ?",Un moto-taxi,Un vehicule de transport en commun surcharge,Une combine ou un arrangement pour obtenir quelque chose,"La malchance, la poisse",D,200,25,"Le ndem : la malchance, la poisse.","mixte,cameroun,culture,expressions"
mix-0783,Challenge Mixte,mixte,challenge,Dans quel domaine Churchill Mambe s'est-il ou s'est-elle illustre(e) ?,La lutte contre la colonisation,La musique,La technologie,Le cinema,C,300,30,Churchill Mambe est connu(e) pour avoir cree le moteur de recherche d'emploi Njorku.,"mixte,cameroun,personnalites"
mix-0784,Challenge Mixte,mixte,facile,Quelle entreprise Steve Jobs a-t-il ou a-t-elle fondee ou dirigee ?,SoleRebels,Virgin,Amazon,Apple,D,100,20,"Steve Jobs : Apple - secteur l'electronique grand public, les Etats-Unis.","mixte,entrepreneuriat,figures"
mix-0785,Challenge Mixte,mixte,challenge,Vous vendez un service B2B. Le decideur n'est pas la personne que vous rencontrez. Que faire ?,Envoyer une facture directement,Abandonner la vente,Identifier le vrai decideur et adapter votre argumentaire,Insister aupres de la mauvaise personne,C,300,30,Identifier le circuit de decision est cle en B2B.,"mixte,entrepreneuriat,mise-en-situation"
mix-0786,Challenge Mixte,mixte,moyen,"Dans le monde numerique, que designe un prestataire informatique ?","Une periode ou le service est accessible sans payer, pour le tester",Un appareil du quotidien relie a internet pour transmettre des informations,L'examen des outils et pratiques numeriques d'une organisation,Une entreprise externe chargee de realiser ou maintenir un service numerique,D,200,25,Un prestataire informatique : une entreprise externe chargee de realiser ou maintenir un service numerique.,"mixte,innovation,glossaire"
mix-0787,Challenge Mixte,mixte,facile,"Dans le monde numerique, que designe un reseau social ?","Un service utilisable directement depuis un navigateur, sans installation",Une plateforme permettant de publier et d'echanger avec une communaute,Le document decrivant precisement les fonctions attendues d'un outil,Un code valable une seule fois pour valider une operation,B,100,20,Un reseau social : une plateforme permettant de publier et d'echanger avec une communaute.,"mixte,innovation,glossaire"
mix-0788,Challenge Mixte,mixte,moyen,Quelle personnalite camerounaise est connue pour avoir fonde AppsTech et defendre l'ecosysteme tech africain ?,Churchill Mambe,Charlotte Dipanda,Marie-Jose Ta Lou,Rebecca Enonchong,D,200,25,Il s'agit de Rebecca Enonchong.,"mixte,cameroun,personnalites"
mix-0789,Challenge Mixte,mixte,moyen,Dans quelle region du Cameroun se trouve la ville de Tchollire ?,Sud,Est,Nord,Littoral,C,200,25,Tchollire est situee dans la region : Nord.,"mixte,cameroun,geographie,villes"
mix-0790,Challenge Mixte,mixte,facile,Comment appelle-t-on les petits restaurants de rue tres populaires au Cameroun ?,Les brasseries etoilees,Les traiteurs de luxe,Les cantines scolaires,Les tourne-dos,D,100,20,Le tourne-dos sert des repas rapides et bon marche.,"mixte,cameroun,culture-generale"
mix-0791,Challenge Mixte,mixte,facile,Une entreprise vend 175 produits a 800 FCFA l'unite. Quel est son chiffre d'affaires ?,70 000 FCFA,280 000 FCFA,140 000 FCFA,14 000 FCFA,C,100,20,Chiffre d'affaires = prix x quantite = 800 FCFA x 175 = 140 000 FCFA.,"mixte,entrepreneuriat,calcul,chiffre-affaires"
mix-0792,Challenge Mixte,mixte,moyen,"Comment appelle-t-on ceci : La combinaison produit, prix, distribution et communication ?",une rupture de stock,le marketing mix,un cahier des charges,un plan B,B,200,25,Il s'agit du marketing mix.,"mixte,entrepreneuriat,glossaire"
mix-0793,Challenge Mixte,mixte,facile,"Dans le monde numerique, que designe un essai gratuit ?",La memoire de travail temporaire d'un appareil,Le logiciel qui permet de consulter des sites internet,"Une periode ou le service est accessible sans payer, pour le tester",La preuve de paiement transmise sous forme numerique,C,100,20,"Un essai gratuit : une periode ou le service est accessible sans payer, pour le tester.","mixte,innovation,glossaire"
mix-0794,Challenge Mixte,mixte,challenge,Le chiffre d'affaires est passe de 600 000 FCFA a 750 000 FCFA en un an. Quel est le taux de croissance ?,75 %,20 %,12.5 %,25 %,D,300,30,Croissance = (nouveau - ancien) / ancien x 100 = 25 %.,"mixte,entrepreneuriat,calcul,indicateurs"
mix-0795,Challenge Mixte,mixte,challenge,De quelle region du Cameroun le nkui est-il originaire ou le plus consomme ?,Le Littoral,L'Ouest,L'Extreme-Nord,Le Centre,B,300,30,Le nkui est surtout associe a cette region.,"mixte,cameroun,gastronomie"
mix-0796,Challenge Mixte,mixte,moyen,Quel professionnel du numerique a pour mission de : Exploiter les donnees pour aider a decider ?,un administrateur systeme,un analyste de donnees,un developpeur web,un designer d'experience utilisateur,B,200,25,Il s'agit d'un analyste de donnees.,"mixte,innovation,metiers"
mix-0797,Challenge Mixte,mixte,moyen,Quel comportement nuit le plus a la credibilite d'un entrepreneur ?,Reconnaitre une erreur,Communiquer regulierement,Demander conseil,Promettre des delais ou des resultats qu'il ne peut pas tenir,D,200,25,Les promesses non tenues detruisent la confiance.,"mixte,entrepreneuriat,posture"
mix-0798,Challenge Mixte,mixte,facile,Une PME veut proteger ses donnees contre la perte. Quelle mesure de base ?,"Sauvegarder regulierement, avec au moins une copie hors du local",Garder une seule copie sur un ordinateur,Imprimer toutes les donnees,Ne rien sauvegarder,A,100,20,"La regle de base : plusieurs copies, dont une externalisee.","mixte,innovation,mise-en-situation"
mix-0799,Challenge Mixte,mixte,moyen,Comment appelle-t-on ceci : Une structure qui accompagne les porteurs de projet en phase de demarrage ?,le leadership,un incubateur,l'export,un client,B,200,25,Il s'agit d'un incubateur.,"mixte,entrepreneuriat,glossaire"
mix-0800,Challenge Mixte,mixte,moyen,Comment appelle-t-on ceci : Le fait d'elargir son offre ou ses marches pour repartir les risques ?,le leadership,un plan de croissance,la diversification,le crowdfunding,C,200,25,Il s'agit de la diversification.,"mixte,entrepreneuriat,glossaire"
mix-0801,Challenge Mixte,mixte,facile,Dans quel secteur d'activite Ford s'est-elle developpee ?,La chaussure ecologique,L'automobile,L'investissement,Le ciment et l'agroalimentaire,B,100,20,Ford intervient dans : l'automobile.,"mixte,entrepreneuriat,figures"
mix-0802,Challenge Mixte,mixte,facile,Une commercante achete un article a 60 000 FCFA et le revend a 85 000 FCFA. Quelle est sa marge sur une unite vendue ?,60 000 FCFA,145 000 FCFA,85 000 FCFA,25 000 FCFA,D,100,20,Marge = prix de vente - prix d'achat = 85 000 FCFA - 60 000 FCFA = 25 000 FCFA.,"mixte,entrepreneuriat,calcul,marge"
mix-0803,Challenge Mixte,mixte,facile,Pourquoi repondre rapidement aux messages des clients sur les reseaux ?,Pour eviter de vendre,Pour augmenter les frais,Parce que la reactivite influence directement la decision d'achat,Parce que c'est obligatoire,C,100,20,"En ligne, la reactivite fait la difference.","mixte,entrepreneuriat,digital"
mix-0804,Challenge Mixte,mixte,moyen,"En entrepreneuriat, que designe l'analyse SWOT ?",L'enregistrement organise des operations financieres de l'entreprise,"L'analyse des forces, faiblesses, opportunites et menaces",Un ensemble coordonne d'actions de communication payantes,La base regroupant les coordonnees et l'historique des clients,B,200,25,"L'analyse SWOT : l'analyse des forces, faiblesses, opportunites et menaces.","mixte,entrepreneuriat,glossaire"
mix-0805,Challenge Mixte,mixte,moyen,Vous constatez des vols recurrents dans votre stock. Quelle mesure est la plus structurante ?,Fermer la boutique definitivement,Accuser tout le monde sans preuve,Mettre en place un inventaire regulier et un controle des entrees-sorties,Ne plus tenir de stock du tout,C,200,25,Le controle des stocks limite les pertes.,"mixte,entrepreneuriat,mise-en-situation"
mix-0806,Challenge Mixte,mixte,facile,Quel outil numerique permet de : Conserver et partager des fichiers accessibles partout ?,un espace de stockage en ligne,un outil de gestion de taches,une messagerie electronique,un logiciel de comptabilite,A,100,20,Il s'agit d'un espace de stockage en ligne.,"mixte,innovation,outils"
mix-0807,Challenge Mixte,mixte,challenge,Quel est le chef-lieu du departement du Nde ?,Bangangte,Bafia,Yokadouma,Baham,A,300,30,"Bangangte est le chef-lieu du Nde, dans la region : Ouest.","mixte,cameroun,geographie,departements"
mix-0808,Challenge Mixte,mixte,moyen,Quelle entreprise Mo Ibrahim a-t-il ou a-t-elle fondee ou dirigee ?,Celtel,OpenAI,SoleRebels,Himore Medical,A,200,25,"Mo Ibrahim : Celtel - secteur les telecommunications, le Soudan.","mixte,entrepreneuriat,figures"
mix-0809,Challenge Mixte,mixte,facile,Quelle federation gere le football au Cameroun ?,La CAF Cameroun,La LFP,La FIFA nationale,La FECAFOOT,D,100,20,La Federation Camerounaise de Football.,"mixte,cameroun,divers"
mix-0810,Challenge Mixte,mixte,facile,"Dans le monde numerique, que designe la maintenance ?",Le fait d'etiqueter des donnees pour apprendre a une IA a les reconnaitre,Le parcours qui mene un visiteur en ligne jusqu'a l'achat,Un paiement recurrent qui donne acces a un service,L'entretien regulier d'un systeme pour qu'il reste operationnel,D,100,20,La maintenance : l'entretien regulier d'un systeme pour qu'il reste operationnel.,"mixte,innovation,glossaire"
mix-0811,Challenge Mixte,mixte,moyen,Que risque une entreprise qui saisit des donnees confidentielles de clients dans un outil en ligne inconnu ?,Une fuite de donnees et une perte de confiance,Un gain de temps sans risque,Une meilleure securite,Une exoneration de responsabilite,A,200,25,La confidentialite des donnees clients engage l'entreprise.,"mixte,innovation,comprehension"
mix-0812,Challenge Mixte,mixte,facile,"En entrepreneuriat, que designe le pitch ?",Un element defavorable de l'environnement qui peut nuire a l'activite,La recherche active de nouveaux clients,La presentation courte et convaincante d'un projet,L'ensemble des regles qui organisent la prise de decision dans l'entreprise,C,100,20,Le pitch : la presentation courte et convaincante d'un projet.,"mixte,entrepreneuriat,glossaire"
mix-0813,Challenge Mixte,mixte,moyen,Dans quelle partie du Cameroun le coton est-il ou est-elle principalement cultive(e) ?,Le Sud et l'Est,Le Centre,L'Ouest et le Nord-Ouest,Le Grand Nord,D,200,25,Pour le coton : il est encadre par la SODECOTON.,"mixte,cameroun,economie,agriculture"
mix-0814,Challenge Mixte,mixte,facile,Quelle monnaie utilise-t-on au Cameroun ?,Le dirham,Le naira,Le franc CFA,Le cedi,C,100,20,Le Cameroun utilise le franc CFA d'Afrique centrale.,"mixte,cameroun,institutions,symboles"
mix-0815,Challenge Mixte,mixte,moyen,Dans quelle region du Cameroun se trouve la ville de Loum ?,Sud,Ouest,Extreme-Nord,Littoral,D,200,25,Loum est situee dans la region : Littoral.,"mixte,cameroun,geographie,villes"
mix-0816,Challenge Mixte,mixte,challenge,Quelle est l'activite principale de Diool ?,La livraison medicale par drone,Les paiements marchands et le mobile money,Les paiements en ligne pour commercants,Le transfert d'argent mobile a bas cout,B,300,30,Diool : les paiements marchands et le mobile money (le Cameroun).,"mixte,innovation,afrique"
mix-0817,Challenge Mixte,mixte,facile,Quelle est la mission principale d'un formateur numerique ?,Creer des applications destinees aux telephones,Former les equipes a l'usage des outils digitaux,Assister les utilisateurs a distance,Proteger les systemes et les donnees contre les attaques,B,100,20,Un formateur numerique : former les equipes a l'usage des outils digitaux.,"mixte,innovation,metiers"
mix-0818,Challenge Mixte,mixte,moyen,Comment appelle-t-on ceci : Une facture arrivee a echeance et non reglee ?,un bilan,le crowdfunding,un impaye,un test utilisateur,C,200,25,Il s'agit d'un impaye.,"mixte,entrepreneuriat,glossaire"
mix-0819,Challenge Mixte,mixte,moyen,Quel terme correspond a cette definition : Un ordinateur qui fournit des services ou des donnees a d'autres appareils ?,une carte SIM,un serveur,un panier d'achat,une imprimante 3D,B,200,25,Il s'agit d'un serveur.,"mixte,innovation,glossaire"
mix-0820,Challenge Mixte,mixte,facile,Une petite entreprise veut rediger une premiere version d'annonce publicitaire. Quelle solution numerique est la plus adaptee ?,Une IA generative de texte,Une visite virtuelle,Un agenda partage en ligne,Un code QR imprime sur l'etiquette,A,100,20,"Pour rediger une premiere version d'annonce publicitaire, une ia generative de texte est la reponse la plus directe.","mixte,innovation,usages"
mix-0821,Challenge Mixte,mixte,challenge,Quel est le chef-lieu du departement du Fako ?,Ntui,Ngoumou,Mokolo,Limbe,D,300,30,"Limbe est le chef-lieu du Fako, dans la region : Sud-Ouest.","mixte,cameroun,geographie,departements"
mix-0822,Challenge Mixte,mixte,moyen,Quel outil numerique permet de : Centraliser l'historique de la relation avec chaque client ?,un scanner de documents sur telephone,un CRM,un outil no-code,un agenda partage,B,200,25,Il s'agit d'un CRM.,"mixte,innovation,outils"
mix-0823,Challenge Mixte,mixte,moyen,"Dans le monde numerique, que designe un terminal de paiement ?",La conception de services utilisables aussi par les personnes en situation de handicap,Une suite secrete de caracteres qui protege l'acces a un compte,Une distorsion des resultats reproduisant des prejuges presents dans les donnees,L'appareil qui permet d'encaisser un paiement par carte,D,200,25,Un terminal de paiement : l'appareil qui permet d'encaisser un paiement par carte.,"mixte,innovation,glossaire"
mix-0824,Challenge Mixte,mixte,challenge,Quel genre musical camerounais est joue principalement a la guitare et associe aux Bassa ?,L'assiko,Le bikutsi,Le njang,Le mangambeu,A,300,30,L'assiko est un style guitare-percussions du pays Bassa.,"mixte,cameroun,personnalites,sport,culture"
mix-0825,Challenge Mixte,mixte,challenge,Quel est le chef-lieu du departement du Momo ?,Nkambe,Eseka,Mbengwi,Tibati,C,300,30,"Mbengwi est le chef-lieu du Momo, dans la region : Nord-Ouest.","mixte,cameroun,geographie,departements"
mix-0826,Challenge Mixte,mixte,moyen,"Comment appelle-t-on ceci : Une societe a responsabilite limitee, tres utilisee par les PME ?",un taux d'interet,la trace ecrite,une SARL,une niche de marche,C,200,25,Il s'agit d'une SARL.,"mixte,entrepreneuriat,glossaire"
mix-0827,Challenge Mixte,mixte,moyen,Dans quel domaine Petit-Pays s'est-il ou s'est-elle illustre(e) ?,Le football,La musique,La politique,La litterature,B,200,25,Petit-Pays est connu(e) pour etre une figure majeure du makossa moderne.,"mixte,cameroun,personnalites"
mix-0828,Challenge Mixte,mixte,challenge,Combien de deputes compte l'Assemblee nationale du Cameroun ?,100,150,250,180,D,300,30,L'Assemblee nationale compte 180 deputes.,"mixte,cameroun,institutions,symboles"
mix-0829,Challenge Mixte,mixte,moyen,De quelle region du Cameroun le koki est-il originaire ou le plus consomme ?,Le Centre,L'Extreme-Nord,Le Sud-Ouest,L'Adamaoua,A,200,25,Le koki est surtout associe a cette region.,"mixte,cameroun,gastronomie"
mix-0830,Challenge Mixte,mixte,challenge,Quel service correspond a cette activite : Les paiements marchands et le mobile money ?,Diool,Paystack,Glotelho,InstaDeep,A,300,30,Diool correspond a cette activite.,"mixte,innovation,afrique"
mix-0831,Challenge Mixte,mixte,challenge,"Quelle personnalite camerounaise est connue pour etre a la fois musicien, ecrivain et pionnier de la musique africaine moderne ?",Patrick Mboma,Stanley Enow,Francis Bebey,Ruben Um Nyobe,C,300,30,Il s'agit de Francis Bebey.,"mixte,cameroun,personnalites"
mix-0832,Challenge Mixte,mixte,facile,Dans quel secteur d'activite intervient Jumia Cameroun ?,L'investissement public,Le textile,Les boissons,Le commerce en ligne,D,100,20,Jumia Cameroun est une plateforme de vente en ligne.,"mixte,cameroun,economie,entreprises"
mix-0833,Challenge Mixte,mixte,moyen,Quel impot simplifie s'applique aux tres petites activites camerounaises ?,L'impot libératoire,La taxe sur les vehicules de luxe,L'impot sur les grandes fortunes,L'impot sur les societes cotees,A,200,25,L'impot libératoire vise les petits contribuables.,"mixte,entrepreneuriat,cameroun"
mix-0834,Challenge Mixte,mixte,challenge,Quel est le chef-lieu du departement du Faro-et-Deo ?,Nkongsamba,Tignere,Nanga-Eboko,Kousseri,B,300,30,"Tignere est le chef-lieu du Faro-et-Deo, dans la region : Adamaoua.","mixte,cameroun,geographie,departements"
mix-0835,Challenge Mixte,mixte,moyen,"Dans le monde numerique, que designe une adresse IP ?",Les informations qui permettent d'identifier une personne,Le numero qui identifie un appareil connecte a un reseau,Un procede qui authentifie un signataire sur un document numerique,Le harcelement d'une personne au moyen des outils numeriques,B,200,25,Une adresse IP : le numero qui identifie un appareil connecte a un reseau.,"mixte,innovation,glossaire"
mix-0836,Challenge Mixte,mixte,moyen,Que signifie le sigle ROI dans le monde de l'entreprise ?,Numero d'Identifiant Unique,Gestion de la Relation Client,Organisation pour l'Harmonisation en Afrique du Droit des Affaires,Retour sur Investissement,D,200,25,ROI : Retour sur Investissement.,"mixte,entrepreneuriat,sigles"
mix-0837,Challenge Mixte,mixte,moyen,Comment appelle-t-on ceci : Une premiere version simplifiee du produit servant a tester le marche ?,un MVP,un sous-traitant,un avantage concurrentiel,la traction,A,200,25,Il s'agit d'un MVP.,"mixte,entrepreneuriat,glossaire"
mix-0838,Challenge Mixte,mixte,challenge,Quel est le chef-lieu du departement du Noun ?,Monatele,Foumban,Bafang,Bertoua,B,300,30,"Foumban est le chef-lieu du Noun, dans la region : Ouest.","mixte,cameroun,geographie,departements"
mix-0839,Challenge Mixte,mixte,moyen,"Dans le monde numerique, que designe un pare-feu ?",Un dispositif qui filtre les connexions pour proteger un reseau,Un paiement recurrent qui donne acces a un service,Un message texte court envoye par le reseau telephonique,Un ensemble de donnees enregistrees sous un nom,A,200,25,Un pare-feu : un dispositif qui filtre les connexions pour proteger un reseau.,"mixte,innovation,glossaire"
mix-0840,Challenge Mixte,mixte,challenge,Quel terme correspond a cette definition : L'organisation prevue pour maintenir l'activite malgre un incident ?,un objet connecte,un plan de continuite,la e-reputation,le numerique responsable,B,300,30,Il s'agit d'un plan de continuite.,"mixte,innovation,glossaire"
mix-0841,Challenge Mixte,mixte,facile,A quoi sert principalement un logiciel de facturation ?,Editer et suivre les factures clients,"Obtenir de l'aide pour rediger, resumer ou expliquer",Construire un site ou une application sans programmer,Realiser des visuels sans competence de designer,A,100,20,Un logiciel de facturation sert a : editer et suivre les factures clients.,"mixte,innovation,outils"
mix-0842,Challenge Mixte,mixte,facile,Quelle personnalite camerounaise est connue pour etre devenu president du Cameroun le 6 novembre 1982 ?,Paul Biya,Charlotte Dipanda,K-Tino,Olivier Madiba,A,100,20,Il s'agit de Paul Biya.,"mixte,cameroun,personnalites"
mix-0843,Challenge Mixte,mixte,moyen,Quel fleuve a ete baptise Rio dos Camaroes par les Portugais ?,Le Wouri,La Sanaga,Le Ntem,Le Nyong,A,200,25,L'estuaire du Wouri est a l'origine du nom du pays.,"mixte,cameroun,histoire"
mix-0844,Challenge Mixte,mixte,moyen,Quel professionnel du numerique a pour mission de : Concevoir et reparer des circuits et appareils electroniques ?,un developpeur mobile,un electronicien,un consultant en transformation digitale,un administrateur systeme,B,200,25,Il s'agit d'un electronicien.,"mixte,innovation,metiers"
mix-0845,Challenge Mixte,mixte,moyen,"Dans le langage populaire camerounais, que designe un mbenguiste ?",Un Camerounais vivant a l'etranger,Un taxi ou vehicule de transport non officiel,"Un petit, un cadet ou un jeune",Payer ou glisser discretement de l'argent,A,200,25,Un mbenguiste : un camerounais vivant a l'etranger.,"mixte,cameroun,culture,expressions"
mix-0846,Challenge Mixte,mixte,challenge,Une entreprise realise 1 000 000 FCFA de chiffre d'affaires et 150 000 FCFA de benefice. Quelle est sa rentabilite nette ?,7.5 %,15 %,17.6 %,85 %,B,300,30,Rentabilite = benefice / CA x 100 = 15 %.,"mixte,entrepreneuriat,calcul,rentabilite"
mix-0847,Challenge Mixte,mixte,challenge,"En entrepreneuriat, que designe la liquidation ?",Un contact commercial identifie et potentiellement interesse,Une solution de rechange prevue si le plan initial echoue,La procedure de vente des actifs pour rembourser les creanciers,Un outil de suivi qui reunit les indicateurs essentiels,C,300,30,La liquidation : la procedure de vente des actifs pour rembourser les creanciers.,"mixte,entrepreneuriat,glossaire"
mix-0848,Challenge Mixte,mixte,moyen,Quelle entreprise Tony Elumelu a-t-il ou a-t-elle fondee ou dirigee ?,Heirs Holdings,IKEA,Nvidia,VMK,A,200,25,"Tony Elumelu : Heirs Holdings - secteur la banque et l'investissement, le Nigeria.","mixte,entrepreneuriat,figures"
mix-0849,Challenge Mixte,mixte,moyen,De quelle ville camerounaise le club de football Canon Sportif est-il originaire ?,Mbouda,Yaounde,Ngoumou,Douala,B,200,25,"Canon Sportif est base a Yaounde, dans la region : Le Centre.","mixte,cameroun,sport"
mix-0850,Challenge Mixte,mixte,moyen,"En entrepreneuriat, que designe la ZLECAf ?",Une jeune entreprise innovante qui cherche un modele economique reproductible,La zone de libre-echange continentale africaine,Une depense engagee pour faire fonctionner l'activite,Le financement par des fonds qui prennent des parts dans des entreprises a fort potentiel,B,200,25,La ZLECAf : la zone de libre-echange continentale africaine.,"mixte,entrepreneuriat,glossaire"
mix-0851,Challenge Mixte,mixte,moyen,"Comment appelle-t-on ceci : L'analyse des forces, faiblesses, opportunites et menaces ?",l'analyse SWOT,un entrepreneur,le developpement durable,la valorisation,A,200,25,Il s'agit de l'analyse SWOT.,"mixte,entrepreneuriat,glossaire"
mix-0852,Challenge Mixte,mixte,challenge,Quelle est l'activite principale de Waspito ?,La vente en ligne d'appareils et d'electromenager,Les paiements en ligne pour entreprises,Le developpement de jeux video,La teleconsultation medicale,D,300,30,Waspito : la teleconsultation medicale (le Cameroun).,"mixte,innovation,afrique"
mix-0853,Challenge Mixte,mixte,challenge,Quelle methode aide a prioriser les taches selon l'urgence et l'importance ?,Le compte de resultat,L'analyse PESTEL,La matrice d'Eisenhower,Le bilan comptable,C,300,30,La matrice urgent/important structure les priorites.,"mixte,entrepreneuriat,gestion"
mix-0854,Challenge Mixte,mixte,facile,A quoi sert principalement un agenda partage ?,Coordonner les rendez-vous d'une equipe,Traduire rapidement un texte d'une langue a une autre,Conserver et partager des fichiers accessibles partout,Numeriser des papiers avec l'appareil photo,A,100,20,Un agenda partage sert a : coordonner les rendez-vous d'une equipe.,"mixte,innovation,outils"
mix-0855,Challenge Mixte,mixte,facile,Comment appelle-t-on ceci : Une entreprise ou une personne qui vend les matieres ou services dont on a besoin ?,une rupture de stock,un devis,un fournisseur,une reclamation,C,100,20,Il s'agit d'un fournisseur.,"mixte,entrepreneuriat,glossaire"
mix-0856,Challenge Mixte,mixte,facile,La ville de Garoua est le chef-lieu de quelle region du Cameroun ?,Centre,Sud-Ouest,Nord-Ouest,Nord,D,100,20,Garoua est le chef-lieu de la region : Nord.,"mixte,cameroun,geographie,regions"
mix-0857,Challenge Mixte,mixte,moyen,"En entrepreneuriat, que designe un cout variable ?",La difference entre le prix de vente et le cout d'achat des marchandises,Un acteur externe indispensable au fonctionnement du modele economique,Un accord qui engage juridiquement les parties,Une charge qui evolue avec le volume produit ou vendu,D,200,25,Un cout variable : une charge qui evolue avec le volume produit ou vendu.,"mixte,entrepreneuriat,glossaire"
mix-0858,Challenge Mixte,mixte,moyen,A quel besoin repond principalement cette solution : La signature electronique ?,Suivre la position d'une livraison en cours,Creer un visuel de communication sans graphiste,Faire signer un contrat a distance,Surveiller l'humidite d'un champ pour declencher l'irrigation,C,200,25,La signature electronique sert notamment a faire signer un contrat a distance.,"mixte,innovation,usages"
mix-0859,Challenge Mixte,mixte,challenge,Que designe le time to market ?,Le delai de paiement des clients,Le delai entre l'idee et la mise sur le marche,Le temps de trajet des livreurs,La duree d'une reunion,B,300,30,Un time to market court donne un avantage concurrentiel.,"mixte,entrepreneuriat,methodes"
mix-0860,Challenge Mixte,mixte,facile,Une entreprise vend 15 produits a 12 000 FCFA l'unite. Quel est son chiffre d'affaires ?,180 000 FCFA,18 000 FCFA,12 015 FCFA,90 000 FCFA,A,100,20,Chiffre d'affaires = prix x quantite = 12 000 FCFA x 15 = 180 000 FCFA.,"mixte,entrepreneuriat,calcul,chiffre-affaires"
mix-0861,Challenge Mixte,mixte,moyen,Une petite entreprise veut former ses employes sans les deplacer. Quelle solution numerique est la plus adaptee ?,Une plateforme de formation en ligne,Un catalogue en ligne mis a jour,L'authentification a deux facteurs,Un cours en ligne (MOOC),A,200,25,"Pour former ses employes sans les deplacer, une plateforme de formation en ligne est la reponse la plus directe.","mixte,innovation,usages"
mix-0862,Challenge Mixte,mixte,moyen,"En entrepreneuriat, que designe un plan de croissance ?",Un bien durable utilise plusieurs annees par l'entreprise,La feuille de route qui organise le developpement de l'activite,Le document qui compare les produits et les charges d'un exercice,Le developpement de l'activite au-dela des frontieres nationales,B,200,25,Un plan de croissance : la feuille de route qui organise le developpement de l'activite.,"mixte,entrepreneuriat,glossaire"
mix-0863,Challenge Mixte,mixte,facile,Quel service numerique facilite l'acces aux soins dans les zones eloignees ?,Le streaming musical,La teleconsultation,Le cinema en ligne,Le jeu video,B,100,20,La telemedecine reduit la contrainte de distance.,"mixte,innovation,afrique"
mix-0864,Challenge Mixte,mixte,challenge,De quel pays Jason Njoku est-il ou est-elle originaire ?,le Zimbabwe,les Etats-Unis,le Congo,le Nigeria,D,300,30,Jason Njoku est originaire de ce pays : le Nigeria.,"mixte,entrepreneuriat,figures"
mix-0865,Challenge Mixte,mixte,moyen,"En entrepreneuriat, que designe le capital social ?",Les ressources apportees par les associes a la creation de la societe,Le document qui decrit precisement ce qui est attendu d'un projet,"Une societe a responsabilite limitee, tres utilisee par les PME",Une taxe sur la consommation collectee par l'entreprise pour l'Etat,A,200,25,Le capital social : les ressources apportees par les associes a la creation de la societe.,"mixte,entrepreneuriat,glossaire"
mix-0866,Challenge Mixte,mixte,challenge,Quelle personnalite camerounaise est connue pour avoir conduit le Southern Cameroons vers la reunification de 1961 ?,Eric Maxim Choupo-Moting,John Ngu Foncha,Locko,Jean-Marie Teno,B,300,30,Il s'agit de John Ngu Foncha.,"mixte,cameroun,personnalites"
mix-0867,Challenge Mixte,mixte,moyen,"En entrepreneuriat, que designe un echantillon ?",La production obtenue rapportee au temps de travail utilise,Le sous-ensemble de personnes interrogees pour representer une population,Une observation de vrais utilisateurs face au produit,Une facture arrivee a echeance et non reglee,B,200,25,Un echantillon : le sous-ensemble de personnes interrogees pour representer une population.,"mixte,entrepreneuriat,glossaire"
mix-0868,Challenge Mixte,mixte,challenge,Quel terme correspond a cette definition : Le fait de dupliquer un equipement ou une donnee pour eviter une interruption ?,la verification des sources,la redondance,un hackathon,un fichier,B,300,30,Il s'agit de la redondance.,"mixte,innovation,glossaire"
mix-0869,Challenge Mixte,mixte,facile,Quelle est la mission principale d'un developpeur mobile ?,Concevoir et programmer des sites et applications en ligne,Creer des applications destinees aux telephones,Maintenir les serveurs et les infrastructures informatiques,Assembler et retoucher des sequences video,B,100,20,Un developpeur mobile : creer des applications destinees aux telephones.,"mixte,innovation,metiers"
mix-0870,Challenge Mixte,mixte,moyen,Comment appelle-t-on ceci : L'estimation chiffree des recettes et depenses a venir ?,un risque,un segment de clientele,un budget previsionnel,un salon professionnel,C,200,25,Il s'agit d'un budget previsionnel.,"mixte,entrepreneuriat,glossaire"
mix-0871,Challenge Mixte,mixte,facile,Quel terme correspond a cette definition : Le fait de travailler a distance grace aux outils numeriques ?,un panier d'achat,le teletravail,un indicateur numerique,la blockchain,B,100,20,Il s'agit du teletravail.,"mixte,innovation,glossaire"
mix-0872,Challenge Mixte,mixte,moyen,Qu'est-ce qu'une garantie dans un dossier de credit ?,Une promesse verbale sans valeur,Un bien ou un engagement qui protege le preteur en cas de defaut,Une reduction du taux d'interet,Un cadeau offert par la banque,B,200,25,La garantie couvre le risque du preteur.,"mixte,entrepreneuriat,financement"
mix-0873,Challenge Mixte,mixte,moyen,"Dans le monde numerique, que designe un ecosysteme numerique ?",La memoire de travail temporaire d'un appareil,L'ensemble des acteurs qui font vivre l'innovation d'un territoire,Une norme de reseau mobile permettant un acces rapide a internet,Un programme qui dialogue automatiquement avec les utilisateurs,B,200,25,Un ecosysteme numerique : l'ensemble des acteurs qui font vivre l'innovation d'un territoire.,"mixte,innovation,glossaire"
mix-0874,Challenge Mixte,mixte,moyen,"En entrepreneuriat, que designe la TVA ?",Une somme avancee par une banque et remboursee avec interets,Ce que l'entreprise possede,Une taxe sur la consommation collectee par l'entreprise pour l'Etat,Le document qui accompagne la marchandise remise au client,C,200,25,La TVA : une taxe sur la consommation collectee par l'entreprise pour l'etat.,"mixte,entrepreneuriat,glossaire"
mix-0875,Challenge Mixte,mixte,challenge,Quel terme correspond a cette definition : La quantite de donnees pouvant transiter par une connexion en un temps donne ?,un panier d'achat,la bande passante,la e-reputation,une communaute en ligne,B,300,30,Il s'agit de la bande passante.,"mixte,innovation,glossaire"
mix-0876,Challenge Mixte,mixte,moyen,Quel terme correspond a cette definition : Le logiciel de base qui fait fonctionner un ordinateur ou un telephone ?,la vision par ordinateur,un tunnel de conversion,un systeme d'exploitation,un portefeuille electronique,C,200,25,Il s'agit d'un systeme d'exploitation.,"mixte,innovation,glossaire"
mix-0877,Challenge Mixte,mixte,moyen,Quel outil numerique permet de : Suivre l'avancement du travail d'une equipe ?,un espace de stockage en ligne,un scanner de documents sur telephone,un outil de gestion de taches,un gestionnaire de mots de passe,C,200,25,Il s'agit d'un outil de gestion de taches.,"mixte,innovation,outils"
mix-0878,Challenge Mixte,mixte,moyen,Dans quel domaine Jovi s'est-il ou s'est-elle illustre(e) ?,Le cinema,La musique,Le football,L'athletisme,B,200,25,Jovi est connu(e) pour etre un rappeur pionnier du mouvement Mboko.,"mixte,cameroun,personnalites"
mix-0879,Challenge Mixte,mixte,facile,Quel avantage un entrepreneur tire-t-il d'une boutique en ligne au Cameroun ?,Supprimer la concurrence,Vendre au-dela de son quartier sans louer plusieurs locaux,Eviter toute logistique,Ne plus payer de fournisseurs,B,100,20,Le digital elargit la zone de chalandise.,"mixte,entrepreneuriat,cameroun"
mix-0880,Challenge Mixte,mixte,moyen,Comment qualifie-t-on cette charge : l'assurance annuelle de l'entreprise ?,Une charge variable,Un produit d'exploitation,Une charge fixe,Un actif immobilise,C,200,25,L'assurance annuelle de l'entreprise est une charge fixe.,"mixte,entrepreneuriat,couts"
mix-0881,Challenge Mixte,mixte,facile,La ville de Ngaoundere est le chef-lieu de quelle region du Cameroun ?,Extreme-Nord,Est,Nord,Adamaoua,D,100,20,Ngaoundere est le chef-lieu de la region : Adamaoua.,"mixte,cameroun,geographie,regions"
mix-0882,Challenge Mixte,mixte,moyen,Comment appelle-t-on ceci : Un programme intensif qui aide une jeune entreprise a croitre vite ?,le besoin en fonds de roulement,la dilution,un accelerateur,un bon de livraison,C,200,25,Il s'agit d'un accelerateur.,"mixte,entrepreneuriat,glossaire"
mix-0883,Challenge Mixte,mixte,challenge,Quel produit forestier non ligneux est tres commercialise dans le Sud du Cameroun ?,L'okok (gnetum),Le ble,Le coton,Le riz,A,300,30,L'okok est recolte et exporte dans la sous-region.,"mixte,cameroun,divers"
mix-0884,Challenge Mixte,mixte,moyen,Quel terme correspond a cette definition : La consigne que l'on donne a une intelligence artificielle pour obtenir une reponse ?,une visioconference,un audit numerique,un site frauduleux,un prompt,D,200,25,Il s'agit d'un prompt.,"mixte,innovation,glossaire"
mix-0885,Challenge Mixte,mixte,challenge,Quelle personnalite camerounaise est connue pour avoir recu le prix Femina pour La Saison de l'ombre ?,K-Tino,Charles Atangana,Leonora Miano,Solomon Tandeng Muna,C,300,30,Il s'agit de Leonora Miano.,"mixte,cameroun,personnalites"
mix-0886,Challenge Mixte,mixte,moyen,A quel besoin repond principalement cette solution : La telemedecine ?,Consulter un medecin depuis un village eloigne,Accepter des paiements depuis l'etranger,Gerer les plannings d'une equipe dispersee,Verifier l'identite d'un utilisateur avant un paiement,A,200,25,La telemedecine sert notamment a consulter un medecin depuis un village eloigne.,"mixte,innovation,usages"
mix-0887,Challenge Mixte,mixte,facile,"Dans le monde numerique, que designe la cybersecurite ?",La reduction de l'impact environnemental des usages numeriques,Une machine programmable capable d'executer des taches physiques,L'ensemble des moyens qui protegent les systemes et les donnees contre les attaques,Le composant specialise dans le traitement des images,C,100,20,La cybersecurite : l'ensemble des moyens qui protegent les systemes et les donnees contre les attaques.,"mixte,innovation,glossaire"
mix-0888,Challenge Mixte,mixte,moyen,"En entrepreneuriat, que designe une chaine d'approvisionnement ?",Le niveau de ventes a partir duquel l'entreprise ne perd plus d'argent,L'ensemble des etapes qui menent des matieres premieres au client,Une aide financiere qui n'a pas a etre remboursee,L'organisation des flux de marchandises et d'informations,B,200,25,Une chaine d'approvisionnement : l'ensemble des etapes qui menent des matieres premieres au client.,"mixte,entrepreneuriat,glossaire"
mix-0889,Challenge Mixte,mixte,moyen,"Dans le monde numerique, que designe une audience en ligne ?",La consigne que l'on donne a une intelligence artificielle pour obtenir une reponse,Un groupe de personnes reunies autour d'un interet commun sur internet,L'ensemble des personnes touchees par un contenu numerique,La maniere dont les donnees d'un fichier sont structurees,C,200,25,Une audience en ligne : l'ensemble des personnes touchees par un contenu numerique.,"mixte,innovation,glossaire"
mix-0890,Challenge Mixte,mixte,moyen,Quel terme correspond a cette definition : Un dispositif qui suggere des contenus ou produits selon les gouts de l'utilisateur ?,un tableau de bord numerique,un systeme de recommandation,le chiffrement,un brevet d'invention,B,200,25,Il s'agit d'un systeme de recommandation.,"mixte,innovation,glossaire"
mix-0891,Challenge Mixte,mixte,moyen,Dans quelle region du Cameroun se trouve la ville de Douala ?,Centre,Ouest,Littoral,Extreme-Nord,C,200,25,Douala est situee dans la region : Littoral.,"mixte,cameroun,geographie,villes"
mix-0892,Challenge Mixte,mixte,facile,Comment appelle-t-on ceci : Un entrepreneur experimente qui conseille un porteur de projet ?,un mentor,un pitch deck,un CRM,un local commercial,A,100,20,Il s'agit d'un mentor.,"mixte,entrepreneuriat,glossaire"
mix-0893,Challenge Mixte,mixte,moyen,Quelle situation justifie cette bonne pratique : Interdire cette pratique et n'installer que des logiciels legitimes ?,Vous notez vos mots de passe sur un papier colle a l'ecran,Un e-mail imite votre banque et demande de confirmer votre mot de passe,Un fichier joint inattendu arrive d'un expediteur inconnu,Un collaborateur telecharge des logiciels piratés sur l'ordinateur de l'entreprise,D,200,25,Cette pratique repond au cas suivant : un collaborateur telecharge des logiciels piratés sur l'ordinateur de l'entreprise.,"mixte,innovation,cybersecurite"
mix-0894,Challenge Mixte,mixte,facile,"Dans le monde numerique, que designe le cyberharcelement ?",L'assistance apportee aux utilisateurs en cas de probleme,L'ensemble des techniques qui ameliorent la visibilite d'un site dans les recherches,Le harcelement d'une personne au moyen des outils numeriques,La puce qui identifie un abonne sur un reseau mobile,C,100,20,Le cyberharcelement : le harcelement d'une personne au moyen des outils numeriques.,"mixte,innovation,glossaire"
mix-0895,Challenge Mixte,mixte,facile,"En entrepreneuriat, que designe un devis ?",Un titre qui protege une invention technique,Ce que l'entreprise possede,La prise en compte des enjeux sociaux et environnementaux par l'entreprise,Une proposition chiffree adressee au client avant la commande,D,100,20,Un devis : une proposition chiffree adressee au client avant la commande.,"mixte,entrepreneuriat,glossaire"
mix-0896,Challenge Mixte,mixte,challenge,"Un entrepreneur emprunte 1 000 000 FCFA sur 12 mois, avec un interet simple de 10 % par an. Quelle est approximativement la mensualite a rembourser ?",1 100 000 FCFA,8 333 FCFA,91 667 FCFA,183 333 FCFA,C,300,30,"Total du = 1 000 000 FCFA + 100 000 FCFA d'interets, soit 91 667 FCFA par mois.","mixte,entrepreneuriat,calcul,financement"
mix-0897,Challenge Mixte,mixte,moyen,Comment appelle-t-on ceci : L'ensemble des droits qui protegent les creations de l'esprit ?,la propriete intellectuelle,un acompte,un bilan,la responsabilite illimitee,A,200,25,Il s'agit de la propriete intellectuelle.,"mixte,entrepreneuriat,glossaire"
mix-0898,Challenge Mixte,mixte,moyen,Quelle industrie d'Edea transforme l'alumine importee en aluminium ?,CAMRAIL,SOSUCAM,CICAM,ALUCAM,D,200,25,ALUCAM profite de l'energie du barrage de Song Loulou.,"mixte,cameroun,economie"
mix-0899,Challenge Mixte,mixte,moyen,Comment appelle-t-on ceci : Une organisation detenue et geree par ses membres pour leur benefice commun ?,l'analyse SWOT,un bon de livraison,une charge,une cooperative,D,200,25,Il s'agit d'une cooperative.,"mixte,entrepreneuriat,glossaire"
mix-0900,Challenge Mixte,mixte,moyen,"Dans le monde numerique, que designe un tableau de bord numerique ?",Un ecran qui rassemble les indicateurs cles d'une activite,Une suite d'instructions permettant de resoudre un probleme ou d'accomplir une tache,Le service qui stocke un site et le rend accessible en ligne,Une proposition de prix transmise par un canal numerique,A,200,25,Un tableau de bord numerique : un ecran qui rassemble les indicateurs cles d'une activite.,"mixte,innovation,glossaire"
mix-0901,Challenge Mixte,mixte,facile,Quel terme correspond a cette definition : Un espace de rangement qui regroupe des fichiers ?,le numerique responsable,un service de livraison connecte,un dossier,un service a la demande,C,100,20,Il s'agit d'un dossier.,"mixte,innovation,glossaire"
mix-0902,Challenge Mixte,mixte,challenge,Quelle machine est consideree comme l'un des premiers ordinateurs electroniques ?,L'ENIAC,Le Commodore 64,Le Raspberry Pi,Le Macintosh,A,300,30,L'ENIAC date des annees 1940.,"mixte,innovation,histoire"
mix-0903,Challenge Mixte,mixte,facile,"Dans le monde numerique, que designe un espace disque ?",La capacite de stockage disponible sur un appareil,La demande enregistree d'un utilisateur aupres du support,L'image d'une personne ou d'une entreprise telle qu'elle apparait sur internet,Le guide expliquant comment utiliser un outil,A,100,20,Un espace disque : la capacite de stockage disponible sur un appareil.,"mixte,innovation,glossaire"
mix-0904,Challenge Mixte,mixte,moyen,A quel besoin repond principalement cette solution : L'authentification a deux facteurs ?,Verifier l'identite d'un utilisateur avant un paiement,Recommander des produits complementaires a un acheteur en ligne,Organiser une reunion avec un partenaire base a l'etranger,Reduire le temps d'attente au guichet,A,200,25,L'authentification a deux facteurs sert notamment a verifier l'identite d'un utilisateur avant un paiement.,"mixte,innovation,usages"
mix-0905,Challenge Mixte,mixte,moyen,Votre produit plait mais coute trop cher a produire. Quelle piste explorer d'abord ?,Revoir la conception et les achats pour reduire le cout sans degrader la valeur,Arreter la production,Baisser la qualite sans prevenir,Augmenter le prix de 300 %,A,200,25,L'optimisation des couts precede la hausse de prix.,"mixte,entrepreneuriat,mise-en-situation"
mix-0906,Challenge Mixte,mixte,facile,Une petite entreprise veut verifier qu'une information vue en ligne est vraie. Quelle solution numerique est la plus adaptee ?,La telemedecine,La verification des sources,La biometrie,Un outil de traduction automatique,B,100,20,"Pour verifier qu'une information vue en ligne est vraie, la verification des sources est la reponse la plus directe.","mixte,innovation,usages"
mix-0907,Challenge Mixte,mixte,moyen,Quel bloc du Business Model Canvas decrit ce que l'entreprise promet a ses clients ?,La structure de couts,La proposition de valeur,Les ressources cles,Les partenaires cles,B,200,25,La proposition de valeur est au centre du canvas.,"mixte,entrepreneuriat,methodes"
mix-0908,Challenge Mixte,mixte,facile,"En entrepreneuriat, que designe une remise ?",Le temps accorde au client pour regler sa facture,La zone de libre-echange continentale africaine,Une entreprise a qui l'on confie une partie de la production,Une reduction accordee sur le prix de vente,D,100,20,Une remise : une reduction accordee sur le prix de vente.,"mixte,entrepreneuriat,glossaire"
mix-0909,Challenge Mixte,mixte,challenge,Quel service correspond a cette activite : La teleconsultation medicale ?,Flutterwave,Waspito,Diool,Twiga Foods,B,300,30,Waspito correspond a cette activite.,"mixte,innovation,afrique"
mix-0910,Challenge Mixte,mixte,challenge,Quel est le chef-lieu du departement du Mezam ?,Sangmelima,Kaele,Bamenda,Kumba,C,300,30,"Bamenda est le chef-lieu du Mezam, dans la region : Nord-Ouest.","mixte,cameroun,geographie,departements"
mix-0911,Challenge Mixte,mixte,moyen,Dans quelle partie du Cameroun le poivre de Penja est-il ou est-elle principalement cultive(e) ?,L'Ouest et le Nord-Ouest,Le Grand Nord,Le Sud et l'Est,Le Littoral et le Sud-Ouest,D,200,25,Pour le poivre de Penja : il beneficie d'une indication geographique protegee.,"mixte,cameroun,economie,agriculture"
mix-0912,Challenge Mixte,mixte,challenge,"Quel centre camerounais, pres de Belabo, accueille des chimpanzes orphelins ?",Le jardin botanique de Limbe,Le parc de Waza,Le centre de Sanaga-Yong,Le zoo de Mvog-Betsi,C,300,30,"Le centre Sanaga-Yong, dans la region de l'Est, recueille des chimpanzes orphelins.","mixte,cameroun,culture"
mix-0913,Challenge Mixte,mixte,moyen,Pourquoi un entrepreneur doit-il savoir dire non ?,Pour proteger ses ressources et rester concentre sur l'essentiel,Pour vexer ses clients,Pour eviter de travailler,Pour reduire son chiffre d'affaires,A,200,25,Dire non protege la strategie et le temps.,"mixte,entrepreneuriat,posture"
mix-0914,Challenge Mixte,mixte,facile,"Dans le monde numerique, que designe un influenceur numerique ?",Une personne dont l'audience en ligne peut orienter les choix d'achat,La personne qui se sert d'un produit ou d'un service numerique,Le logiciel qui permet de consulter des sites internet,Une suite de barres lisible par un scanner pour identifier un produit,A,100,20,Un influenceur numerique : une personne dont l'audience en ligne peut orienter les choix d'achat.,"mixte,innovation,glossaire"
mix-0915,Challenge Mixte,mixte,challenge,Comment appelle-t-on ceci : Un accord durable entre entreprises pour atteindre un objectif commun ?,un recu,une alliance strategique,un appel d'offres,une acquisition,B,300,30,Il s'agit d'une alliance strategique.,"mixte,entrepreneuriat,glossaire"
mix-0916,Challenge Mixte,mixte,challenge,Quelle danse traditionnelle est associee aux Grassfields du Nord-Ouest ?,Le makossa,Le njang,L'assiko,Le bikutsi,B,300,30,Le njang accompagne les ceremonies dans le Nord-Ouest.,"mixte,cameroun,culture"
mix-0917,Challenge Mixte,mixte,facile,Que designe le sigle PME dans le contexte camerounais ?,Plan Municipal Economique,Programme Militaire d'Etat,Projet Mondial d'Exportation,Petites et Moyennes Entreprises,D,100,20,Les PME representent la grande majorite du tissu economique.,"mixte,cameroun,economie"
mix-0918,Challenge Mixte,mixte,facile,Quel outil numerique permet de : Echanger des messages en temps reel ?,une application de messagerie instantanee,un gestionnaire de mots de passe,une messagerie electronique,un outil de gestion de stock,A,100,20,Il s'agit d'une application de messagerie instantanee.,"mixte,innovation,outils"
mix-0919,Challenge Mixte,mixte,facile,Pourquoi definir des objectifs ecrits ?,Pour eviter de decider,Pour mesurer les progres et rester responsable de ses engagements,Pour remplir des dossiers,Pour impressionner la famille,B,100,20,Ce qui se mesure se pilote.,"mixte,entrepreneuriat,posture"
mix-0920,Challenge Mixte,mixte,moyen,Dans quelle region du Cameroun les Bakweri sont-ils principalement etablis ?,L'Extreme-Nord,Le Nord-Ouest,Le Nord,Le Sud-Ouest,D,200,25,Les Bakweri vivent principalement dans cette region.,"mixte,cameroun,peuples,langues"
mix-0921,Challenge Mixte,mixte,moyen,Quel terme correspond a cette definition : Un appareil du quotidien relie a internet pour transmettre des informations ?,un lecteur de code-barres,un objet connecte,la traduction automatique,une facture electronique,B,200,25,Il s'agit d'un objet connecte.,"mixte,innovation,glossaire"
mix-0922,Challenge Mixte,mixte,facile,"Dans le monde numerique, que designe un lien hypertexte ?",Le code qui permet de retrouver une operation de paiement,Un registre numerique partage qui enregistre les transactions de facon infalsifiable,Un element cliquable qui renvoie vers une autre page ou ressource,Le service qui stocke un site et le rend accessible en ligne,C,100,20,Un lien hypertexte : un element cliquable qui renvoie vers une autre page ou ressource.,"mixte,innovation,glossaire"
mix-0923,Challenge Mixte,mixte,moyen,"Dans le langage populaire camerounais, que designe un pia ?","Un revendeur, souvent une commercante de vivres","Un petit, un cadet ou un jeune",De l'argent,"L'intimidation, le fait de faire peur",C,200,25,Un pia : de l'argent.,"mixte,cameroun,culture,expressions"
mix-0924,Challenge Mixte,mixte,moyen,Quel est l'ingredient principal utilise pour preparer le folong ?,la pate d'arachide cuite en feuilles,les haricots ecrases,le taro et l'huile de palme aux epices,les feuilles d'amarante,D,200,25,Le folong se prepare avec les feuilles d'amarante.,"mixte,cameroun,gastronomie"
mix-0925,Challenge Mixte,mixte,challenge,Quel terme correspond a cette definition : La suppression des elements permettant d'identifier une personne dans un jeu de donnees ?,le numerique responsable,un ordinateur portable,un chatbot,l'anonymisation,D,300,30,Il s'agit de l'anonymisation.,"mixte,innovation,glossaire"
mix-0926,Challenge Mixte,mixte,facile,Comment appelle-t-on ceci : Un evenement incertain qui peut affecter le projet ?,une subvention,la scalabilite,un risque,la valorisation,C,100,20,Il s'agit d'un risque.,"mixte,entrepreneuriat,glossaire"
mix-0927,Challenge Mixte,mixte,moyen,Comment appelle-t-on ceci : Une entreprise a qui l'on confie une partie de la production ?,un influenceur,un franchise,un pitch deck,un sous-traitant,D,200,25,Il s'agit d'un sous-traitant.,"mixte,entrepreneuriat,glossaire"
mix-0928,Challenge Mixte,mixte,facile,Que signifie negocier gagnant-gagnant ?,Trouver un accord ou chaque partie tire un benefice reel,Imposer ses conditions,Rompre la discussion,Ceder sur tout,A,100,20,L'accord equilibre construit une relation durable.,"mixte,entrepreneuriat,vente"
mix-0929,Challenge Mixte,mixte,moyen,Quelle opportunite le port en eau profonde de Kribi ouvre-t-il aux entreprises ?,Une exoneration totale de TVA,Une suppression des douanes,Une garantie de clients,Un acces logistique ameliore pour l'import-export,D,200,25,Kribi renforce la capacite portuaire nationale.,"mixte,entrepreneuriat,cameroun"
mix-0930,Challenge Mixte,mixte,facile,Une petite entreprise veut verifier la disponibilite d'un produit avant de se deplacer. Quelle solution numerique est la plus adaptee ?,Un catalogue en ligne mis a jour,Un code QR imprime sur l'etiquette,La verification des sources,Un systeme de recommandation,A,100,20,"Pour verifier la disponibilite d'un produit avant de se deplacer, un catalogue en ligne mis a jour est la reponse la plus directe.","mixte,innovation,usages"
mix-0931,Challenge Mixte,mixte,challenge,Quel est le chef-lieu du departement du Lekie ?,Ngoumou,Kumbo,Monatele,Yokadouma,C,300,30,"Monatele est le chef-lieu du Lekie, dans la region : Centre.","mixte,cameroun,geographie,departements"
mix-0932,Challenge Mixte,mixte,facile,Quel terme correspond a cette definition : La protection des informations personnelles dans les usages en ligne ?,un service de livraison connecte,une base de donnees,une audience en ligne,la vie privee numerique,D,100,20,Il s'agit de la vie privee numerique.,"mixte,innovation,glossaire"
mix-0933,Challenge Mixte,mixte,moyen,"En entrepreneuriat, que designe l'image de marque ?",Une strategie de prix bas visant a conquerir vite une large clientele,La procedure de vente des actifs pour rembourser les creanciers,Les activites economiques exercees hors du cadre officiel enregistre,La perception que le public a de l'entreprise,D,200,25,L'image de marque : la perception que le public a de l'entreprise.,"mixte,entrepreneuriat,glossaire"
mix-0934,Challenge Mixte,mixte,moyen,Quelle personnalite camerounaise est connue pour avoir popularise African Typic Collection ?,Ni John Fru Ndi,Salatiel,Andre-Marie Talla,Sam Fan Thomas,D,200,25,Il s'agit de Sam Fan Thomas.,"mixte,cameroun,personnalites"
mix-0935,Challenge Mixte,mixte,moyen,Quelle entreprise camerounaise correspond a cette description : le groupe des Brasseries du Cameroun ?,Fokou,le PAK,Camair-Co,la SABC,D,200,25,Il s'agit de la SABC.,"mixte,cameroun,economie,entreprises"
mix-0936,Challenge Mixte,mixte,moyen,Quel terme correspond a cette definition : La creation d'images nouvelles par un modele d'intelligence artificielle ?,un bug,la generation d'images,une cryptomonnaie,l'innovation de rupture,B,200,25,Il s'agit de la generation d'images.,"mixte,innovation,glossaire"
mix-0937,Challenge Mixte,mixte,moyen,Dans quelle region du Cameroun les Moundang sont-ils principalement etablis ?,Le Nord,Le Sud-Ouest,L'Extreme-Nord,Le Nord-Ouest,C,200,25,Les Moundang vivent principalement dans cette region.,"mixte,cameroun,peuples,langues"
mix-0938,Challenge Mixte,mixte,challenge,Une petite entreprise veut comprendre pourquoi les visiteurs quittent un site sans acheter. Quelle solution numerique est la plus adaptee ?,Le paiement par mobile money,L'analyse du parcours utilisateur,Un systeme de recommandation,Un document partage en ligne,B,300,30,"Pour comprendre pourquoi les visiteurs quittent un site sans acheter, l'analyse du parcours utilisateur est la reponse la plus directe.","mixte,innovation,usages"
mix-0939,Challenge Mixte,mixte,moyen,"Dans le monde numerique, que designe un centre de donnees ?",Le controle par une personne des decisions proposees par une machine,Un batiment qui heberge des serveurs informatiques,Un robot qui repond aux questions frequentes des clients,Un message envoye par une application sur l'ecran du telephone,B,200,25,Un centre de donnees : un batiment qui heberge des serveurs informatiques.,"mixte,innovation,glossaire"
mix-0940,Challenge Mixte,mixte,challenge,Une opportunite tres rentable vous eloigne totalement de votre metier. Quel risque ?,Ameliorer votre image de marque,Disperser vos ressources et affaiblir votre activite principale,Doubler automatiquement vos benefices,Reduire vos charges fixes,B,300,30,La dispersion est un risque classique de croissance.,"mixte,entrepreneuriat,mise-en-situation"
mix-0941,Challenge Mixte,mixte,challenge,Que faut-il faire dans cette situation : vous jetez un ancien ordinateur sans effacer son disque ?,Interdire cette pratique et n'installer que des logiciels legitimes,Eviter les operations sensibles sur un reseau public non securise,Effacer securise le disque avant de vous en separer,Desactiver immediatement ses comptes et acces,C,300,30,Bonne pratique : effacer securise le disque avant de vous en separer.,"mixte,innovation,cybersecurite"
mix-0942,Challenge Mixte,mixte,facile,A quel besoin repond principalement cette solution : Une presence sur les reseaux sociaux locaux ?,Faire connaitre une boutique aupres des habitants du quartier,Vendre a des clients situes dans une autre ville,Surveiller l'humidite d'un champ pour declencher l'irrigation,Faire signer un contrat a distance,A,100,20,Une presence sur les reseaux sociaux locaux sert notamment a faire connaitre une boutique aupres des habitants du quartier.,"mixte,innovation,usages"
mix-0943,Challenge Mixte,mixte,facile,Que porte la bande centrale du drapeau camerounais ?,Un lion,Une etoile d'or,Un croissant de lune,Un baobab,B,100,20,L'etoile d'or symbolise l'unite nationale.,"mixte,cameroun,institutions,symboles"
mix-0944,Challenge Mixte,mixte,moyen,Qui est a l'origine de cette avancee : l'algorithme de classement a l'origine de Google ?,Larry Page,Martin Cooper,Guglielmo Marconi,Louis Pasteur,A,200,25,Il s'agit de Larry Page.,"mixte,innovation,histoire"
mix-0945,Challenge Mixte,mixte,moyen,Dans quel domaine Guglielmo Marconi a-t-il ou a-t-elle laisse sa marque ?,L'imprimerie,Les telecommunications,L'electronique,L'energie,B,200,25,Guglielmo Marconi a marque ce domaine : Les telecommunications.,"mixte,innovation,histoire"
mix-0946,Challenge Mixte,mixte,challenge,Dans quel domaine Yann LeCun a-t-il ou a-t-elle laisse sa marque ?,La sante,L'informatique,L'intelligence artificielle,L'imprimerie,C,300,30,Yann LeCun a marque ce domaine : L'intelligence artificielle.,"mixte,innovation,histoire"
mix-0947,Challenge Mixte,mixte,moyen,Dans quelle region du Cameroun les Kotoko sont-ils principalement etablis ?,L'Est,Le Sud,L'Extreme-Nord,Le Sud-Ouest,C,200,25,Les Kotoko vivent principalement dans cette region.,"mixte,cameroun,peuples,langues"
mix-0948,Challenge Mixte,mixte,facile,A quelle categorie d'outils appartient un tableur ?,La formation,L'intelligence artificielle,La bureautique,La mesure,C,100,20,Un tableur appartient a cette categorie : la bureautique.,"mixte,innovation,outils"
mix-0949,Challenge Mixte,mixte,moyen,Quelle est l'activite principale de Wave ?,Le paiement et le transfert par telephone,Le suivi de la sante maternelle par mobile,La formation et le placement de developpeurs,Le transfert d'argent mobile a bas cout,D,200,25,Wave : le transfert d'argent mobile a bas cout (le Senegal).,"mixte,innovation,afrique"
mix-0950,Challenge Mixte,mixte,facile,Quelle situation justifie cette bonne pratique : Mettre en place une sauvegarde reguliere et automatique ?,Vous notez vos mots de passe sur un papier colle a l'ecran,Vous n'avez aucune copie de votre fichier client,Une application demande l'acces a tous vos contacts sans raison,Votre telephone professionnel n'a aucun code de verrouillage,B,100,20,Cette pratique repond au cas suivant : vous n'avez aucune copie de votre fichier client.,"mixte,innovation,cybersecurite"
mix-0951,Challenge Mixte,mixte,moyen,Dans quelle partie du Cameroun le mais est-il ou est-elle principalement cultive(e) ?,Le Sud et l'Est,L'Ouest et le Nord-Ouest,Le Littoral et le Sud-Ouest,Le Grand Nord,B,200,25,Pour le mais : il est une cereale de base des hautes terres.,"mixte,cameroun,economie,agriculture"
mix-0952,Challenge Mixte,mixte,moyen,Le departement du Lebialem appartient a quelle region ?,Sud-Ouest,Ouest,Nord,Extreme-Nord,A,200,25,Le Lebialem se situe dans la region : Sud-Ouest.,"mixte,cameroun,geographie,departements"
mix-0953,Challenge Mixte,mixte,challenge,Quel professionnel du numerique a pour mission de : Concevoir et entrainer des modeles d'IA ?,un data scientist,un designer d'interface,un ingenieur en intelligence artificielle,un chef de projet numerique,C,300,30,Il s'agit d'un ingenieur en intelligence artificielle.,"mixte,innovation,metiers"
mix-0954,Challenge Mixte,mixte,moyen,Quel service correspond a cette activite : Les paiements en ligne pour entreprises ?,Will and Brothers,Diool,Kiro'o Games,Flutterwave,D,200,25,Flutterwave correspond a cette activite.,"mixte,innovation,afrique"
mix-0955,Challenge Mixte,mixte,moyen,"Dans le monde numerique, que designe un modem ?",L'appareil qui relie un local au reseau de l'operateur,Le service qui stocke un site et le rend accessible en ligne,Un paiement recurrent donnant acces a un service en ligne,L'avis exprime par une personne apres avoir utilise un service,A,200,25,Un modem : l'appareil qui relie un local au reseau de l'operateur.,"mixte,innovation,glossaire"
mix-0956,Challenge Mixte,mixte,challenge,Le chiffre d'affaires est passe de 1 200 000 FCFA a 1 500 000 FCFA en un an. Quel est le taux de croissance ?,20 %,12.5 %,25 %,50 %,C,300,30,Croissance = (nouveau - ancien) / ancien x 100 = 25 %.,"mixte,entrepreneuriat,calcul,indicateurs"
mix-0957,Challenge Mixte,mixte,moyen,Dans quelle partie du Cameroun le cafe robusta est-il ou est-elle principalement cultive(e) ?,Le Littoral et le Sud-Ouest,Le Sud et l'Est,L'Adamaoua,Le Grand Nord,A,200,25,Pour le cafe robusta : il pousse en zone chaude et humide.,"mixte,cameroun,economie,agriculture"
mix-0958,Challenge Mixte,mixte,challenge,Comment appelle-t-on ceci : La richesse creee par l'entreprise au-dela de ce qu'elle achete a l'exterieur ?,un indicateur de satisfaction,un entrepreneur,la valeur ajoutee,le taux de marge,C,300,30,Il s'agit de la valeur ajoutee.,"mixte,entrepreneuriat,glossaire"
mix-0959,Challenge Mixte,mixte,moyen,Quelle est la mission principale d'un expert en cybersecurite ?,Former les equipes a l'usage des outils digitaux,Animer la presence d'une marque sur les reseaux sociaux,Assister les utilisateurs a distance,Proteger les systemes et les donnees contre les attaques,D,200,25,Un expert en cybersecurite : proteger les systemes et les donnees contre les attaques.,"mixte,innovation,metiers"
mix-0960,Challenge Mixte,mixte,moyen,Dans quelle region du Cameroun se trouve la ville de Bangangte ?,Ouest,Nord,Nord-Ouest,Littoral,A,200,25,Bangangte est situee dans la region : Ouest.,"mixte,cameroun,geographie,villes"
mix-0961,Challenge Mixte,mixte,challenge,"En entrepreneuriat, que designe le tunnel de vente ?",Une entreprise qui exploite la marque et le savoir-faire d'un franchiseur,Le parcours qui mene un prospect de la decouverte a l'achat,Une observation de vrais utilisateurs face au produit,Un document qui annule ou reduit une facture deja emise,B,300,30,Le tunnel de vente : le parcours qui mene un prospect de la decouverte a l'achat.,"mixte,entrepreneuriat,glossaire"
mix-0962,Challenge Mixte,mixte,moyen,Le departement du Dja-et-Lobo appartient a quelle region ?,Sud-Ouest,Littoral,Sud,Nord-Ouest,C,200,25,Le Dja-et-Lobo se situe dans la region : Sud.,"mixte,cameroun,geographie,departements"
mix-0963,Challenge Mixte,mixte,moyen,Un produit coute 18 000 FCFA a produire. L'entrepreneur veut une marge de 25 % sur ce cout. A quel prix doit-il le vendre ?,13 500 FCFA,4 500 FCFA,22 500 FCFA,45 000 FCFA,C,200,25,Prix = cout x (1 + marge) = 18 000 FCFA x 1.25 = 22 500 FCFA.,"mixte,entrepreneuriat,calcul,prix"
mix-0964,Challenge Mixte,mixte,challenge,Dans quel domaine Charles Atangana s'est-il ou s'est-elle illustre(e) ?,La politique,La lutte contre la colonisation,La litterature,La mode,A,300,30,Charles Atangana est connu(e) pour avoir ete un chef superieur ewondo influent a l'epoque coloniale.,"mixte,cameroun,personnalites"
mix-0965,Challenge Mixte,mixte,moyen,Quel indicateur suivre en priorite pour une boutique en ligne debutante ?,Le nombre de commandes reelles,Le nombre de polices utilisees,Le nombre de pages creees,Le nombre de couleurs du site,A,200,25,Les commandes mesurent la performance reelle.,"mixte,entrepreneuriat,digital"
mix-0966,Challenge Mixte,mixte,moyen,Qu'est-ce que le Design Thinking ?,Une methode de calcul d'impots,Une methode de conception centree sur les besoins reels des utilisateurs,Un logiciel de dessin industriel,Une technique de comptabilite,B,200,25,Le Design Thinking part de l'empathie utilisateur.,"mixte,entrepreneuriat,methodes"
mix-0967,Challenge Mixte,mixte,moyen,Comment appelle-t-on ceci : Le decoupage du marche en groupes de clients homogenes ?,la segmentation,un apport personnel,un lead,un persona,A,200,25,Il s'agit de la segmentation.,"mixte,entrepreneuriat,glossaire"
mix-0968,Challenge Mixte,mixte,challenge,Quelle personnalite camerounaise est connue pour avoir ete un chef superieur ewondo influent a l'epoque coloniale ?,Charles Atangana,Blanche Bailly,Djaili Amadou Amal,X-Maleya,A,300,30,Il s'agit de Charles Atangana.,"mixte,cameroun,personnalites"
mix-0969,Challenge Mixte,mixte,facile,Quel plat associe poulet et banane plantain frite ?,Le poulet basquaise,Le poulet tandoori,Le poulet DG,Le poulet au curry vert,C,100,20,Le poulet DG est un plat de fete.,"mixte,cameroun,culture-generale"
mix-0970,Challenge Mixte,mixte,challenge,Comment appelle-t-on ceci : Une entreprise qui exploite la marque et le savoir-faire d'un franchiseur ?,le recrutement,la motivation,un franchise,le retour sur investissement,C,300,30,Il s'agit d'un franchise.,"mixte,entrepreneuriat,glossaire"
mix-0971,Challenge Mixte,mixte,moyen,Quelle personnalite camerounaise est connue pour etre l'un des hommes d'affaires les plus riches du Cameroun ?,Baba Danpullo,Andre-Marie Talla,Salatiel,Rigobert Song,A,200,25,Il s'agit de Baba Danpullo.,"mixte,cameroun,personnalites"
mix-0972,Challenge Mixte,mixte,facile,Quel est le principal benefice de cette demarche : proteger les acces des employes aux outils de l'entreprise ?,Reduire le risque de piratage,Fiabiliser les chiffres transmis aux clients,Decider a partir de chiffres reels,Donner acces a l'information sans vendeur disponible,A,100,20,Le gain principal : reduire le risque de piratage.,"mixte,innovation,usages"
mix-0973,Challenge Mixte,mixte,moyen,Votre activite depend d'une seule competence que vous detenez seul. Quel risque ?,L'activite s'arrete si vous etes indisponible,Une meilleure rentabilite,Une protection contre les concurrents,Une croissance automatique,A,200,25,La dependance a une personne est un risque operationnel.,"mixte,entrepreneuriat,mise-en-situation"
mix-0974,Challenge Mixte,mixte,moyen,Quel terme correspond a cette definition : Le service qui stocke un site et le rend accessible en ligne ?,un identifiant de transaction,l'hebergement web,un moteur de traduction,l'agriculture de precision,B,200,25,Il s'agit de l'hebergement web.,"mixte,innovation,glossaire"
mix-0975,Challenge Mixte,mixte,moyen,Quel arbre est a l'origine du fruit appele safou au Cameroun ?,Le manguier,Le cacaoyer,Le palmier dattier,Le safoutier,D,200,25,Le safou est le fruit du safoutier.,"mixte,cameroun,divers"
mix-0976,Challenge Mixte,mixte,moyen,"Dans le monde numerique, que designe une signature electronique ?",L'ensemble des moyens qui protegent les systemes et les donnees contre les attaques,Un procede qui authentifie un signataire sur un document numerique,L'espace qui rassemble les produits selectionnes avant le paiement,Un programme qui dialogue automatiquement avec les utilisateurs,B,200,25,Une signature electronique : un procede qui authentifie un signataire sur un document numerique.,"mixte,innovation,glossaire"
mix-0977,Challenge Mixte,mixte,facile,Comment appelle-t-on ceci : Un outil structure de collecte de reponses aupres d'un echantillon ?,un questionnaire,une fiche de poste,le benefice,l'echec entrepreneurial,A,100,20,Il s'agit d'un questionnaire.,"mixte,entrepreneuriat,glossaire"
mix-0978,Challenge Mixte,mixte,moyen,Quelle est l'activite principale de Flutterwave ?,L'intelligence artificielle appliquee aux entreprises,Les paiements en ligne pour entreprises,La recherche d'emploi en ligne,Le transfert d'argent par telephone,B,200,25,Flutterwave : les paiements en ligne pour entreprises (le Nigeria).,"mixte,innovation,afrique"
mix-0979,Challenge Mixte,mixte,moyen,"Dans le monde numerique, que designe le no-code ?",Une innovation qui obtient un resultat utile avec des moyens tres limites,Une application qui organise et suit les livraisons en temps reel,La creation d'applications sans ecrire de code informatique,L'interruption temporaire d'un service numerique,C,200,25,Le no-code : la creation d'applications sans ecrire de code informatique.,"mixte,innovation,glossaire"
mix-0980,Challenge Mixte,mixte,challenge,"Un entrepreneur emprunte 300 000 FCFA sur 6 mois, avec un interet simple de 15 % par an. Quelle est approximativement la mensualite a rembourser ?",3 750 FCFA,107 500 FCFA,322 500 FCFA,53 750 FCFA,D,300,30,"Total du = 300 000 FCFA + 22 500 FCFA d'interets, soit 53 750 FCFA par mois.","mixte,entrepreneuriat,calcul,financement"
mix-0981,Challenge Mixte,mixte,moyen,Dans quelle region du Cameroun se trouve la ville de Eseka ?,Centre,Littoral,Nord,Ouest,A,200,25,Eseka est situee dans la region : Centre.,"mixte,cameroun,geographie,villes"
mix-0982,Challenge Mixte,mixte,moyen,Dans quelle region du Cameroun les Bafut sont-ils principalement etablis ?,Le Nord-Ouest,Le Nord,Le Sud-Ouest,Le Centre,A,200,25,Les Bafut vivent principalement dans cette region.,"mixte,cameroun,peuples,langues"
mix-0983,Challenge Mixte,mixte,moyen,"Dans le monde numerique, que designe un ticket d'assistance ?",Une version d'essai diffusee avant la sortie officielle,La demande enregistree d'un utilisateur aupres du support,La preuve de paiement transmise sous forme numerique,L'organisation prevue pour maintenir l'activite malgre un incident,B,200,25,Un ticket d'assistance : la demande enregistree d'un utilisateur aupres du support.,"mixte,innovation,glossaire"
mix-0984,Challenge Mixte,mixte,facile,Dans quel secteur d'activite le groupe Dangote s'est-elle developpee ?,Le ciment et l'agroalimentaire,L'equipement sportif,L'hebergement entre particuliers,L'intelligence artificielle,A,100,20,le groupe Dangote intervient dans : le ciment et l'agroalimentaire.,"mixte,entrepreneuriat,figures"
mix-0985,Challenge Mixte,mixte,moyen,Que signifie le sigle EMF dans le monde de l'entreprise ?,Indication Geographique Protegee,Tres Petite Entreprise,Banque des Etats de l'Afrique Centrale,Etablissement de Microfinance,D,200,25,EMF : Etablissement de Microfinance.,"mixte,entrepreneuriat,sigles"
mix-0986,Challenge Mixte,mixte,moyen,De quelle region du Cameroun le njama njama est-il originaire ou le plus consomme ?,L'Ouest,Le Nord-Ouest,L'Adamaoua,Le Littoral,B,200,25,Le njama njama est surtout associe a cette region.,"mixte,cameroun,gastronomie"
mix-0987,Challenge Mixte,mixte,moyen,Pourquoi ecouter davantage que parler lors d'un entretien client ?,Parce que les clients n'aiment pas les questions,Parce que le client revele ses besoins reels quand on le laisse s'exprimer,Parce que parler est interdit,Parce que le silence fait vendre seul,B,200,25,L'ecoute active revele les besoins.,"mixte,entrepreneuriat,posture"
mix-0988,Challenge Mixte,mixte,facile,"Dans le monde numerique, que designe une publication ?",La possibilite d'utiliser un service sans connexion internet,La proportion de temps pendant laquelle un service fonctionne,L'estimation d'une valeur future a partir de donnees passees,Un contenu diffuse sur un reseau social ou un site,D,100,20,Une publication : un contenu diffuse sur un reseau social ou un site.,"mixte,innovation,glossaire"
mix-0989,Challenge Mixte,mixte,moyen,Dans quelle region du Cameroun se trouve la ville de Ngoumou ?,Centre,Adamaoua,Nord-Ouest,Est,A,200,25,Ngoumou est situee dans la region : Centre.,"mixte,cameroun,geographie,villes"
mix-0990,Challenge Mixte,mixte,facile,Quelle activite economique se pratique beaucoup sur la cote de Kribi et Limbe ?,L'elevage de rennes,L'extraction de charbon,La peche,La culture du ble d'hiver,C,100,20,La peche artisanale est tres presente.,"mixte,cameroun,culture-generale"
mix-0991,Challenge Mixte,mixte,moyen,Dans quelle region du Cameroun se trouve la ville de Djoum ?,Adamaoua,Sud,Est,Littoral,B,200,25,Djoum est situee dans la region : Sud.,"mixte,cameroun,geographie,villes"
mix-0992,Challenge Mixte,mixte,facile,Quelle ville abrite le siege de l'Union africaine ?,Douala,Addis-Abeba,Yaounde,Abuja,B,100,20,Le siege de l'UA est en Ethiopie.,"mixte,cameroun,culture-generale"
mix-0993,Challenge Mixte,mixte,moyen,Dans quelle region du Cameroun se trouve la ville de Bafut ?,Adamaoua,Nord-Ouest,Ouest,Centre,B,200,25,Bafut est situee dans la region : Nord-Ouest.,"mixte,cameroun,geographie,villes"
mix-0994,Challenge Mixte,mixte,moyen,"Dans le monde numerique, que designe un profil utilisateur ?",L'ensemble des informations et preferences associees a une personne,"Une facture emise, transmise et conservee sous format numerique","Un outil qui aide a suivre les stocks, les ventes ou la comptabilite",Un compte cree sous une fausse identite,A,200,25,Un profil utilisateur : l'ensemble des informations et preferences associees a une personne.,"mixte,innovation,glossaire"
mix-0995,Challenge Mixte,mixte,moyen,"Pour fabriquer un produit, un artisan depense 1 800 FCFA de matieres, 700 FCFA de main-d'oeuvre et 500 FCFA d'autres charges. Quel est son prix de revient ?",2 500 FCFA,3 000 FCFA,1 800 FCFA,6 000 FCFA,B,200,25,Prix de revient = 1 800 FCFA + 700 FCFA + 500 FCFA = 3 000 FCFA.,"mixte,entrepreneuriat,calcul,couts"
mix-0996,Challenge Mixte,mixte,facile,Quelle ville du Nord-Ouest est la plus grande de sa region ?,Ndop,Kumbo,Bamenda,Wum,C,100,20,Bamenda est le chef-lieu du Nord-Ouest.,"mixte,cameroun,culture-generale"
mix-0997,Challenge Mixte,mixte,moyen,Quelle personnalite camerounaise est connue pour avoir ecrit Le Pauvre Christ de Bomba et Ville cruelle ?,Tala Andre Marie,Nicolas Nkoulou,Charles Atangana,Mongo Beti,D,200,25,Il s'agit de Mongo Beti.,"mixte,cameroun,personnalites"
mix-0998,Challenge Mixte,mixte,challenge,Dans quel domaine Lapiro de Mbanga s'est-il ou s'est-elle illustre(e) ?,Le cinema,La litterature,La lutte contre la colonisation,La musique,D,300,30,Lapiro de Mbanga est connu(e) pour avoir chante en camfranglais des textes sociaux engages.,"mixte,cameroun,personnalites"
mix-0999,Challenge Mixte,mixte,challenge,Une entreprise vend pour 250 000 FCFA sur un marche total estime a 1 250 000 FCFA. Quelle est sa part de marche ?,10 %,20 %,40 %,80 %,B,300,30,Part de marche = ventes / marche total x 100 = 20 %.,"mixte,entrepreneuriat,calcul,marche"
mix-1000,Challenge Mixte,mixte,facile,Pourquoi conserver ses factures et justificatifs ?,Pour prouver les operations et tenir une comptabilite fiable,Pour augmenter le chiffre d'affaires,Pour decorer le bureau,Parce que le client l'exige toujours,A,100,20,Les justificatifs sont la base de la preuve comptable.,"mixte,entrepreneuriat,gestion"
