id,category,category_slug,difficulty,question,option_a,option_b,option_c,option_d,correct_answer,points,time_limit,explanation,tags
inn-0001,Innovation & IA,innovation-ia,facile,Pourquoi un entrepreneur doit-il tester une technologie avant de la generaliser ?,Pour verifier qu'elle fonctionne dans son contexte reel et qu'elle est adoptee,Pour retarder son projet,Pour eviter d'apprendre,Pour depenser davantage,A,100,20,Le test en conditions reelles evite les mauvaises surprises.,"innovation,comprehension"
inn-0002,Innovation & IA,innovation-ia,facile,A quoi sert principalement un traitement de texte ?,Rediger et mettre en forme des documents,Echanger des messages en temps reel,Conserver et partager des fichiers accessibles partout,Editer et suivre les factures clients,A,100,20,Un traitement de texte sert a : rediger et mettre en forme des documents.,"innovation,outils"
inn-0003,Innovation & IA,innovation-ia,facile,"Dans le monde numerique, que designe un abonnement mensuel ?",Un paiement recurrent qui donne acces a un service,Le plan des evolutions prevues pour un service numerique,Une structure qui heberge et accompagne de jeunes entreprises innovantes,Un dispositif qui recompense les achats repetes via une application,A,100,20,Un abonnement mensuel : un paiement recurrent qui donne acces a un service.,"innovation,glossaire"
inn-0004,Innovation & IA,innovation-ia,facile,Quel terme correspond a cette definition : Un espace de rangement qui regroupe des fichiers ?,le numerique responsable,un service de livraison connecte,un dossier,un service a la demande,C,100,20,Il s'agit d'un dossier.,"innovation,glossaire"
inn-0005,Innovation & IA,innovation-ia,challenge,Quel service correspond a cette activite : La recherche d'emploi en ligne ?,Healthlane,Njorku,Diool,Yoco,B,300,30,Njorku correspond a cette activite.,"innovation,afrique"
inn-0006,Innovation & IA,innovation-ia,challenge,"Dans le monde numerique, que designe un modele de langage ?",Un systeme entraine sur de grands volumes de textes pour comprendre et produire du langage,Une application qui organise et suit les livraisons en temps reel,Une suite de barres lisible par un scanner pour identifier un produit,Le fait de dupliquer un equipement ou une donnee pour eviter une interruption,A,300,30,Un modele de langage : un systeme entraine sur de grands volumes de textes pour comprendre et produire du langage.,"innovation,glossaire"
inn-0007,Innovation & IA,innovation-ia,moyen,Quel est le principal benefice de cette demarche : consulter un medecin depuis un village eloigne ?,Reduire les rendez-vous manques,Repondre plus vite et a toute heure,Acceder aux soins sans long deplacement,Gagner du temps de lecture,C,200,25,Le gain principal : acceder aux soins sans long deplacement.,"innovation,usages"
inn-0008,Innovation & IA,innovation-ia,challenge,Dans quel domaine Grace Hopper a-t-il ou a-t-elle laisse sa marque ?,L'informatique,L'imprimerie,L'energie,La programmation,D,300,30,Grace Hopper a marque ce domaine : La programmation.,"innovation,histoire"
inn-0009,Innovation & IA,innovation-ia,facile,A quelle categorie d'outils appartient une application de messagerie instantanee ?,La gestion,La communication,Le stockage,La creation,B,100,20,Une application de messagerie instantanee appartient a cette categorie : la communication.,"innovation,outils"
inn-0010,Innovation & IA,innovation-ia,challenge,Quel terme correspond a cette definition : Un logiciel malveillant qui bloque les donnees et reclame une rancon ?,le e-commerce,la synchronisation,un rancongiciel,un algorithme,C,300,30,Il s'agit d'un rancongiciel.,"innovation,glossaire"
inn-0011,Innovation & IA,innovation-ia,facile,"Dans le monde numerique, que designe la cybersecurite ?",La reduction de l'impact environnemental des usages numeriques,Une machine programmable capable d'executer des taches physiques,L'ensemble des moyens qui protegent les systemes et les donnees contre les attaques,Le composant specialise dans le traitement des images,C,100,20,La cybersecurite : l'ensemble des moyens qui protegent les systemes et les donnees contre les attaques.,"innovation,glossaire"
inn-0012,Innovation & IA,innovation-ia,moyen,"Dans le monde numerique, que designe une documentation utilisateur ?",Un defaut de fonctionnement dans un programme,La reduction de l'impact environnemental des usages numeriques,Le guide expliquant comment utiliser un outil,Un site qui met en relation de nombreux vendeurs et acheteurs,C,200,25,Une documentation utilisateur : le guide expliquant comment utiliser un outil.,"innovation,glossaire"
inn-0013,Innovation & IA,innovation-ia,moyen,"Dans le monde numerique, que designe l'innovation incrementale ?",L'usage de l'intelligence artificielle dans le respect des personnes et de la loi,"Une periode ou le service est accessible sans payer, pour le tester",L'usage de donnees et de capteurs pour optimiser les cultures,Une amelioration progressive d'un produit ou service existant,D,200,25,L'innovation incrementale : une amelioration progressive d'un produit ou service existant.,"innovation,glossaire"
inn-0014,Innovation & IA,innovation-ia,moyen,Quel est le principal benefice de cette demarche : savoir quels produits se vendent le mieux chaque semaine ?,Produire rapidement un brouillon a corriger ensuite,Donner acces a l'information sans vendeur disponible,Decider a partir de chiffres reels,Retrouver ses donnees en cas d'incident,C,200,25,Le gain principal : decider a partir de chiffres reels.,"innovation,usages"
inn-0015,Innovation & IA,innovation-ia,facile,"Dans le monde numerique, que designe la geolocalisation ?",Un robot qui repond aux questions frequentes des clients,Un site qui met en relation de nombreux vendeurs et acheteurs,La determination de la position geographique d'un appareil,Un groupe de personnes reunies autour d'un interet commun sur internet,C,100,20,La geolocalisation : la determination de la position geographique d'un appareil.,"innovation,glossaire"
inn-0016,Innovation & IA,innovation-ia,facile,Quel terme correspond a cette definition : Un groupe de personnes reunies autour d'un interet commun sur internet ?,une mise a jour,la compression de fichier,une communaute en ligne,un ecran tactile,C,100,20,Il s'agit d'une communaute en ligne.,"innovation,glossaire"
inn-0017,Innovation & IA,innovation-ia,challenge,"Dans le monde numerique, que designe un taux de disponibilite ?",Un robot qui traite les demandes courantes des clients,Le composant qui execute les calculs d'un appareil,La proportion de temps pendant laquelle un service fonctionne,Le harcelement d'une personne au moyen des outils numeriques,C,300,30,Un taux de disponibilite : la proportion de temps pendant laquelle un service fonctionne.,"innovation,glossaire"
inn-0018,Innovation & IA,innovation-ia,moyen,Une petite entreprise veut suivre la position d'une livraison en cours. Quelle solution numerique est la plus adaptee ?,Un outil no-code,L'authentification a deux facteurs,La realite augmentee,La geolocalisation via une application,D,200,25,"Pour suivre la position d'une livraison en cours, la geolocalisation via une application est la reponse la plus directe.","innovation,usages"
inn-0019,Innovation & IA,innovation-ia,challenge,"Dans le monde numerique, que designe la bande passante ?",Un systeme satellitaire qui indique une position et guide un deplacement,La quantite de donnees pouvant transiter par une connexion en un temps donne,La mise a jour automatique des memes donnees sur plusieurs appareils,Un code qui distingue un element de tous les autres dans un systeme,B,300,30,La bande passante : la quantite de donnees pouvant transiter par une connexion en un temps donne.,"innovation,glossaire"
inn-0020,Innovation & IA,innovation-ia,challenge,Quel terme correspond a cette definition : L'organisation prevue pour maintenir l'activite malgre un incident ?,un objet connecte,un plan de continuite,la e-reputation,le numerique responsable,B,300,30,Il s'agit d'un plan de continuite.,"innovation,glossaire"
inn-0021,Innovation & IA,innovation-ia,challenge,Qui est a l'origine de cette avancee : les reseaux de neurones convolutifs pour l'image ?,Steve Wozniak,Ada Lovelace,Joseph Weizenbaum,Yann LeCun,D,300,30,Il s'agit de Yann LeCun.,"innovation,histoire"
inn-0022,Innovation & IA,innovation-ia,moyen,"Dans le monde numerique, que designe un prompt ?",La consigne que l'on donne a une intelligence artificielle pour obtenir une reponse,Un appareil qui lit automatiquement l'identifiant d'un produit,Le fait de se faire passer pour quelqu'un d'autre,Un batiment qui heberge des serveurs informatiques,A,200,25,Un prompt : la consigne que l'on donne a une intelligence artificielle pour obtenir une reponse.,"innovation,glossaire"
inn-0023,Innovation & IA,innovation-ia,facile,A quoi sert principalement un tableur ?,Creer des diaporamas pour presenter un projet,Organiser des donnees et faire des calculs,Chiffrer la connexion pour proteger les echanges en ligne,Construire un site ou une application sans programmer,B,100,20,Un tableur sert a : organiser des donnees et faire des calculs.,"innovation,outils"
inn-0024,Innovation & IA,innovation-ia,moyen,Dans quel domaine Alexander Fleming a-t-il ou a-t-elle laisse sa marque ?,Internet,La sante,L'energie,L'intelligence artificielle,B,200,25,Alexander Fleming a marque ce domaine : La sante.,"innovation,histoire"
inn-0025,Innovation & IA,innovation-ia,moyen,Quelle est la mission principale d'un administrateur systeme ?,Verifier le bon fonctionnement d'un programme avant sa mise en service,Maintenir les serveurs et les infrastructures informatiques,Exploiter les donnees pour aider a decider,Concevoir et programmer des sites et applications en ligne,B,200,25,Un administrateur systeme : maintenir les serveurs et les infrastructures informatiques.,"innovation,metiers"
inn-0026,Innovation & IA,innovation-ia,moyen,Quelle situation justifie cette bonne pratique : Verifier la demande par un autre canal avant tout paiement ?,Votre boutique en ligne stocke les mots de passe clients en clair,Vous utilisez le meme mot de passe pour tous vos comptes,Un collaborateur telecharge des logiciels piratés sur l'ordinateur de l'entreprise,Un message urgent du dirigeant demande un virement immediat sans verification,D,200,25,Cette pratique repond au cas suivant : un message urgent du dirigeant demande un virement immediat sans verification.,"innovation,cybersecurite"
inn-0027,Innovation & IA,innovation-ia,facile,"Dans le monde numerique, que designe un logiciel de gestion ?",Le controle par une personne des decisions proposees par une machine,"Un outil qui aide a suivre les stocks, les ventes ou la comptabilite",Un site qui met en relation de nombreux vendeurs et acheteurs,Une copie de securite des donnees permettant des restaurer,B,100,20,"Un logiciel de gestion : un outil qui aide a suivre les stocks, les ventes ou la comptabilite.","innovation,glossaire"
inn-0028,Innovation & IA,innovation-ia,moyen,A quelle categorie d'outils appartient un outil no-code ?,La communication,L'organisation,La creation,La gestion,C,200,25,Un outil no-code appartient a cette categorie : la creation.,"innovation,outils"
inn-0029,Innovation & IA,innovation-ia,moyen,"Dans le monde numerique, que designe la double authentification ?",Un appareil qui transforme un document papier en fichier numerique,Un cours en ligne ouvert et accessible a un grand nombre de participants,Une technologie qui plonge l'utilisateur dans un environnement entierement simule,Une securite exigeant deux preuves d'identite differentes,D,200,25,La double authentification : une securite exigeant deux preuves d'identite differentes.,"innovation,glossaire"
inn-0030,Innovation & IA,innovation-ia,moyen,Quel terme correspond a cette definition : Le traitement automatique de tache repetitives comme la saisie ou les relances ?,un ecosysteme numerique,un espace disque,la traduction automatique,l'automatisation des taches administratives,D,200,25,Il s'agit de l'automatisation des taches administratives.,"innovation,glossaire"
inn-0031,Innovation & IA,innovation-ia,moyen,"Dans le monde numerique, que designe une hallucination d'IA ?",Un composant qui mesure une grandeur physique et la transmet,Une reponse inventee par l'IA mais presentee comme vraie,Un service qui trouve des pages web a partir de mots-cles,Le retour d'une somme au client via un canal numerique,B,200,25,Une hallucination d'IA : une reponse inventee par l'ia mais presentee comme vraie.,"innovation,glossaire"
inn-0032,Innovation & IA,innovation-ia,challenge,Pour quelle contribution Jack Kilby est-il ou est-elle connu(e) ?,la telegraphie sans fil,la premiere automobile a moteur a essence,le circuit integre,"ELIZA, l'un des premiers agents conversationnels",C,300,30,Jack Kilby est associe(e) a le circuit integre.,"innovation,histoire"
inn-0033,Innovation & IA,innovation-ia,moyen,Une petite entreprise veut accepter des paiements depuis l'etranger. Quelle solution numerique est la plus adaptee ?,Une newsletter ou une liste de diffusion,Un systeme de detection automatique de fraude,Une solution de paiement en ligne,Un code QR imprime sur l'etiquette,C,200,25,"Pour accepter des paiements depuis l'etranger, une solution de paiement en ligne est la reponse la plus directe.","innovation,usages"
inn-0034,Innovation & IA,innovation-ia,moyen,Quel est le principal inconvenient d'une dependance totale a internet ?,La securite devient parfaite,Les couts deviennent nuls,L'activite s'arrete en cas de coupure de connexion,Les clients disparaissent,C,200,25,Il faut prevoir un mode degrade.,"innovation,comprehension"
inn-0035,Innovation & IA,innovation-ia,facile,"Dans le monde numerique, que designe une carte SIM ?",La mise a jour automatique des memes donnees sur plusieurs appareils,L'appareil qui permet d'encaisser un paiement par carte,La puce qui identifie un abonne sur un reseau mobile,Un appareil qui lit automatiquement l'identifiant d'un produit,C,100,20,Une carte SIM : la puce qui identifie un abonne sur un reseau mobile.,"innovation,glossaire"
inn-0036,Innovation & IA,innovation-ia,moyen,"Dans le monde numerique, que designe la fibre optique ?",La part de l'audience qui reagit a un contenu,Un format de document qui conserve la mise en page a l'identique,Une technologie de cable permettant des debits internet tres eleves,Un paiement recurrent qui donne acces a un service,C,200,25,La fibre optique : une technologie de cable permettant des debits internet tres eleves.,"innovation,glossaire"
inn-0037,Innovation & IA,innovation-ia,challenge,Qui est a l'origine de cette avancee : les premiers travaux sur les compilateurs ?,Joseph Weizenbaum,Grace Hopper,Yann LeCun,Johannes Gutenberg,B,300,30,Il s'agit de Grace Hopper.,"innovation,histoire"
inn-0038,Innovation & IA,innovation-ia,challenge,Une petite entreprise veut reduire la consommation d'electricite d'un atelier. Quelle solution numerique est la plus adaptee ?,Une imprimante 3D,La biometrie,La verification des sources,Des compteurs connectes et un suivi des consommations,D,300,30,"Pour reduire la consommation d'electricite d'un atelier, des compteurs connectes et un suivi des consommations est la reponse la plus directe.","innovation,usages"
inn-0039,Innovation & IA,innovation-ia,facile,"Dans le monde numerique, que designe un code QR ?","Un carre imprime qui, une fois scanne, ouvre un lien ou une information",Une observation de personnes reelles utilisant le produit,Un batiment qui heberge des serveurs informatiques,L'usage de l'intelligence artificielle dans le respect des personnes et de la loi,A,100,20,"Un code QR : un carre imprime qui, une fois scanne, ouvre un lien ou une information.","innovation,glossaire"
inn-0040,Innovation & IA,innovation-ia,moyen,"Dans le monde numerique, que designe un terminal de paiement ?",La conception de services utilisables aussi par les personnes en situation de handicap,Une suite secrete de caracteres qui protege l'acces a un compte,Une distorsion des resultats reproduisant des prejuges presents dans les donnees,L'appareil qui permet d'encaisser un paiement par carte,D,200,25,Un terminal de paiement : l'appareil qui permet d'encaisser un paiement par carte.,"innovation,glossaire"
inn-0041,Innovation & IA,innovation-ia,challenge,"Dans le monde numerique, que designe le pilotage par la donnee ?","Un service utilisable directement depuis un navigateur, sans installation",La prise de decisions fondee sur des chiffres mesures plutot que sur l'intuition,Une technologie qui plonge l'utilisateur dans un environnement entierement simule,L'espace qui rassemble les produits selectionnes avant le paiement,B,300,30,Le pilotage par la donnee : la prise de decisions fondee sur des chiffres mesures plutot que sur l'intuition.,"innovation,glossaire"
inn-0042,Innovation & IA,innovation-ia,facile,Quelle est l'activite principale de MTN MoMo ?,Le transfert d'argent par telephone,La formation et le placement de developpeurs,La vente en ligne de produits varies,Le paiement et le transfert par telephone,D,100,20,MTN MoMo : le paiement et le transfert par telephone (le Cameroun).,"innovation,afrique"
inn-0043,Innovation & IA,innovation-ia,facile,A quelle categorie d'outils appartient un outil de creation graphique en ligne ?,La securite,La formation,La creation,La numerisation,C,100,20,Un outil de creation graphique en ligne appartient a cette categorie : la creation.,"innovation,outils"
inn-0044,Innovation & IA,innovation-ia,facile,Quel est le principal atout demographique de l'Afrique pour le numerique ?,Une population sans telephone,Une population tres reduite,Une population majoritairement agee,Une population tres jeune et connectee,D,100,20,La jeunesse africaine est un moteur d'adoption.,"innovation,afrique"
inn-0045,Innovation & IA,innovation-ia,moyen,Quel professionnel du numerique a pour mission de : Verifier le bon fonctionnement d'un programme avant sa mise en service ?,un testeur logiciel,un pilote de drone professionnel,un redacteur web,un formateur numerique,A,200,25,Il s'agit d'un testeur logiciel.,"innovation,metiers"
inn-0046,Innovation & IA,innovation-ia,moyen,Quel terme correspond a cette definition : L'identification d'une personne par une caracteristique physique unique ?,un rancongiciel,la biometrie,la vie privee numerique,un commentaire,B,200,25,Il s'agit de la biometrie.,"innovation,glossaire"
inn-0047,Innovation & IA,innovation-ia,moyen,Quel terme correspond a cette definition : La reduction de la taille d'un fichier pour l'envoyer plus facilement ?,un abonne,la supervision humaine,la compression de fichier,un drone,C,200,25,Il s'agit de la compression de fichier.,"innovation,glossaire"
inn-0048,Innovation & IA,innovation-ia,facile,"Dans le monde numerique, que designe un chatbot ?",Un programme qui dialogue automatiquement avec les utilisateurs,Le numero qui identifie un appareil connecte a un reseau,Le plan des evolutions prevues pour un service numerique,La possibilite d'utiliser un service sans connexion internet,A,100,20,Un chatbot : un programme qui dialogue automatiquement avec les utilisateurs.,"innovation,glossaire"
inn-0049,Innovation & IA,innovation-ia,facile,A quelle categorie d'outils appartient un outil de traduction en ligne ?,La gestion,L'organisation,L'intelligence artificielle,La numerisation,C,100,20,Un outil de traduction en ligne appartient a cette categorie : l'intelligence artificielle.,"innovation,outils"
inn-0050,Innovation & IA,innovation-ia,moyen,Quel outil numerique permet de : Suivre l'avancement du travail d'une equipe ?,un espace de stockage en ligne,un scanner de documents sur telephone,un outil de gestion de taches,un gestionnaire de mots de passe,C,200,25,Il s'agit d'un outil de gestion de taches.,"innovation,outils"
inn-0051,Innovation & IA,innovation-ia,facile,Quel outil numerique permet de : Envoyer et recevoir des courriers numeriques ?,un logiciel de facturation,un outil de gestion de stock,une messagerie electronique,un agenda partage,C,100,20,Il s'agit d'une messagerie electronique.,"innovation,outils"
inn-0052,Innovation & IA,innovation-ia,moyen,Quel terme correspond a cette definition : Un service commande et obtenu immediatement via une application ?,un tutoriel,une notification push,un service a la demande,un moderateur,C,200,25,Il s'agit d'un service a la demande.,"innovation,glossaire"
inn-0053,Innovation & IA,innovation-ia,facile,Quel outil numerique permet de : Conserver et partager des fichiers accessibles partout ?,un espace de stockage en ligne,un outil de gestion de taches,une messagerie electronique,un logiciel de comptabilite,A,100,20,Il s'agit d'un espace de stockage en ligne.,"innovation,outils"
inn-0054,Innovation & IA,innovation-ia,moyen,Quel outil numerique permet de : Enregistrer les operations financieres de l'entreprise ?,un antivirus,un VPN,un logiciel de comptabilite,un outil no-code,C,200,25,Il s'agit d'un logiciel de comptabilite.,"innovation,outils"
inn-0055,Innovation & IA,innovation-ia,moyen,A quel besoin repond principalement cette solution : Un logiciel de gestion de stock avec code-barres ?,Identifier un client sans carte grace a son empreinte,Eviter de perdre du temps a compter le stock a la main,Vendre a des clients situes dans une autre ville,Eviter que la caisse ne soit fausse en fin de journee,B,200,25,Un logiciel de gestion de stock avec code-barres sert notamment a eviter de perdre du temps a compter le stock a la main.,"innovation,usages"
inn-0056,Innovation & IA,innovation-ia,moyen,Pourquoi dit-on que la qualite des donnees determine la qualite d'une IA ?,Parce que les donnees sont toujours parfaites,Parce que l'IA choisit ses donnees seule,Parce qu'un modele entraine sur des donnees biaisees ou fausses produira des resultats biaises ou faux,Parce que les donnees coutent cher,C,200,25,Des donnees de mauvaise qualite donnent de mauvais resultats.,"innovation,comprehension"
inn-0057,Innovation & IA,innovation-ia,facile,Quelle situation justifie cette bonne pratique : Ne jamais communiquer son code et supprimer le message ?,Un employe part de l'entreprise en gardant ses acces informatiques,Un site vous demande de payer sans afficher aucune mention legale,Vous n'avez aucune copie de votre fichier client,Vous recevez un SMS annoncant que vous avez gagne un prix et demandant votre code secret,D,100,20,Cette pratique repond au cas suivant : vous recevez un SMS annoncant que vous avez gagne un prix et demandant votre code secret.,"innovation,cybersecurite"
inn-0058,Innovation & IA,innovation-ia,facile,Quelle situation justifie cette bonne pratique : Installer les mises a jour de securite sans tarder ?,Un e-mail imite votre banque et demande de confirmer votre mot de passe,Votre logiciel affiche depuis des mois un message de mise a jour,Vous vous connectez au wifi public d'un hotel pour consulter vos comptes,Un message urgent du dirigeant demande un virement immediat sans verification,B,100,20,Cette pratique repond au cas suivant : votre logiciel affiche depuis des mois un message de mise a jour.,"innovation,cybersecurite"
inn-0059,Innovation & IA,innovation-ia,moyen,"Dans le monde numerique, que designe une faille de securite ?",Une suite secrete de caracteres qui protege l'acces a un compte,La creation d'applications sans ecrire de code informatique,Une faiblesse d'un systeme qui peut etre exploitee par un attaquant,Un programme installe sur un telephone pour rendre un service,C,200,25,Une faille de securite : une faiblesse d'un systeme qui peut etre exploitee par un attaquant.,"innovation,glossaire"
inn-0060,Innovation & IA,innovation-ia,moyen,Un employe utilise une IA pour rediger des e-mails clients. Quelle regle poser ?,Interdire toute relecture,Verifier le contenu et ne jamais y saisir d'informations confidentielles sensibles,Y saisir tous les mots de passe de l'entreprise,Envoyer sans relire,B,200,25,Verification et confidentialite sont les deux regles cles.,"innovation,mise-en-situation"
inn-0061,Innovation & IA,innovation-ia,moyen,Quel terme correspond a cette definition : Un batiment qui heberge des serveurs informatiques ?,un abonnement mensuel,un terminal de paiement,le no-code,un centre de donnees,D,200,25,Il s'agit d'un centre de donnees.,"innovation,glossaire"
inn-0062,Innovation & IA,innovation-ia,challenge,"Dans le monde numerique, que designe la redondance ?",La reduction de la taille d'un fichier pour l'envoyer plus facilement,Un groupe de personnes reunies autour d'un interet commun sur internet,Une tentative de vol d'informations en se faisant passer pour un organisme de confiance,Le fait de dupliquer un equipement ou une donnee pour eviter une interruption,D,300,30,La redondance : le fait de dupliquer un equipement ou une donnee pour eviter une interruption.,"innovation,glossaire"
inn-0063,Innovation & IA,innovation-ia,facile,Que faut-il faire dans cette situation : vous n'avez aucune copie de votre fichier client ?,Refuser de communiquer le code et raccrocher,Ne jamais communiquer son code et supprimer le message,Installer les mises a jour de securite sans tarder,Mettre en place une sauvegarde reguliere et automatique,D,100,20,Bonne pratique : mettre en place une sauvegarde reguliere et automatique.,"innovation,cybersecurite"
inn-0064,Innovation & IA,innovation-ia,moyen,Quel terme correspond a cette definition : Un contenu video ou audio truque de facon realiste par intelligence artificielle ?,un modele de langage,la reconnaissance vocale,un plan de continuite,le deepfake,D,200,25,Il s'agit du deepfake.,"innovation,glossaire"
inn-0065,Innovation & IA,innovation-ia,moyen,Quel terme correspond a cette definition : La creation d'applications sans ecrire de code informatique ?,le traitement du langage naturel,un systeme d'exploitation,le no-code,une donnee,C,200,25,Il s'agit du no-code.,"innovation,glossaire"
inn-0066,Innovation & IA,innovation-ia,facile,Quelle est la mission principale d'un formateur numerique ?,Creer des applications destinees aux telephones,Former les equipes a l'usage des outils digitaux,Assister les utilisateurs a distance,Proteger les systemes et les donnees contre les attaques,B,100,20,Un formateur numerique : former les equipes a l'usage des outils digitaux.,"innovation,metiers"
inn-0067,Innovation & IA,innovation-ia,facile,"Dans le monde numerique, que designe le teletravail ?",Le fait de travailler a distance grace aux outils numeriques,L'usage de donnees et de capteurs pour optimiser les cultures,Une approche qui limite les effets negatifs sociaux et ecologiques du numerique,Le delai entre la demande d'un utilisateur et la reponse recue,A,100,20,Le teletravail : le fait de travailler a distance grace aux outils numeriques.,"innovation,glossaire"
inn-0068,Innovation & IA,innovation-ia,facile,"Dans le monde numerique, que designe le cyberharcelement ?",L'assistance apportee aux utilisateurs en cas de probleme,L'ensemble des techniques qui ameliorent la visibilite d'un site dans les recherches,Le harcelement d'une personne au moyen des outils numeriques,La puce qui identifie un abonne sur un reseau mobile,C,100,20,Le cyberharcelement : le harcelement d'une personne au moyen des outils numeriques.,"innovation,glossaire"
inn-0069,Innovation & IA,innovation-ia,moyen,"Dans le monde numerique, que designe un site frauduleux ?",Un site imitant un service legitime pour tromper les visiteurs,Un service en ligne qui met en relation plusieurs types d'utilisateurs,La liste des pages consultees par un utilisateur,L'appareil qui distribue la connexion internet dans un local,A,200,25,Un site frauduleux : un site imitant un service legitime pour tromper les visiteurs.,"innovation,glossaire"
inn-0070,Innovation & IA,innovation-ia,challenge,Quelle est la mission principale d'un product owner ?,Concevoir et programmer des sites et applications en ligne,Concevoir et reparer des circuits et appareils electroniques,Creer les visuels et l'identite graphique,Definir les priorites d'un produit numerique au nom des utilisateurs,D,300,30,Un product owner : definir les priorites d'un produit numerique au nom des utilisateurs.,"innovation,metiers"
inn-0071,Innovation & IA,innovation-ia,moyen,"Dans le monde numerique, que designe un paiement fractionne ?",Un reglement reparti en plusieurs echeances,Une faiblesse d'un systeme qui peut etre exploitee par un attaquant,Une technologie de connexion a internet sans fil sur une courte distance,Une amelioration progressive d'un produit ou service existant,A,200,25,Un paiement fractionne : un reglement reparti en plusieurs echeances.,"innovation,glossaire"
inn-0072,Innovation & IA,innovation-ia,facile,Quel terme correspond a cette definition : Une personne dont l'audience en ligne peut orienter les choix d'achat ?,un influenceur numerique,l'IA generative,l'apprentissage automatique,le cloud,A,100,20,Il s'agit d'un influenceur numerique.,"innovation,glossaire"
inn-0073,Innovation & IA,innovation-ia,moyen,Une entreprise veut lancer une application mobile. Quelle question poser en premier ?,Les clients ont-ils vraiment besoin d'une application plutot que d'un site simple ?,Quelle couleur choisir pour l'icone ?,Combien de developpeurs recruter ?,Quel nom de serveur utiliser ?,A,200,25,Le besoin reel precede le choix technique.,"innovation,mise-en-situation"
inn-0074,Innovation & IA,innovation-ia,facile,Quelle est l'activite principale de Jumia ?,L'intelligence artificielle appliquee aux entreprises,La vente en ligne de produits varies,Le paiement et le transfert par telephone,Le developpement de jeux video,B,100,20,Jumia : la vente en ligne de produits varies (le Nigeria).,"innovation,afrique"
inn-0075,Innovation & IA,innovation-ia,moyen,Quel professionnel du numerique a pour mission de : Realiser des prises de vue ou des mesures aeriennes ?,un testeur logiciel,un technicien de maintenance informatique,un consultant en transformation digitale,un pilote de drone professionnel,D,200,25,Il s'agit d'un pilote de drone professionnel.,"innovation,metiers"
inn-0076,Innovation & IA,innovation-ia,moyen,Quel terme correspond a cette definition : Un cours en ligne ouvert et accessible a un grand nombre de participants ?,la classification automatique,un MOOC,un lecteur de code-barres,la numerisation,B,200,25,Il s'agit d'un MOOC.,"innovation,glossaire"
inn-0077,Innovation & IA,innovation-ia,facile,Quel terme correspond a cette definition : La formation a distance via des supports numeriques ?,un abandon de panier,un profil en ligne,l'e-learning,un nom de domaine,C,100,20,Il s'agit de l'e-learning.,"innovation,glossaire"
inn-0078,Innovation & IA,innovation-ia,facile,Quel terme correspond a cette definition : Un systeme satellitaire qui indique une position et guide un deplacement ?,l'authentification a deux facteurs,une communaute en ligne,une arnaque en ligne,le GPS,D,100,20,Il s'agit du GPS.,"innovation,glossaire"
inn-0079,Innovation & IA,innovation-ia,facile,Quel terme correspond a cette definition : Une suite d'instructions permettant de resoudre un probleme ou d'accomplir une tache ?,un algorithme,un forfait de donnees,un test de charge,un hackathon,A,100,20,Il s'agit d'un algorithme.,"innovation,glossaire"
inn-0080,Innovation & IA,innovation-ia,facile,Quel terme correspond a cette definition : La determination de la position geographique d'un appareil ?,un test utilisateur,la geolocalisation,un ordinateur portable,la verification des sources,B,100,20,Il s'agit de la geolocalisation.,"innovation,glossaire"
inn-0081,Innovation & IA,innovation-ia,challenge,Quelle est l'activite principale de Will and Brothers ?,La conception de drones civils,La formation et le placement de developpeurs,Le transport a la demande et la livraison,Les paiements marchands et le mobile money,A,300,30,Will and Brothers : la conception de drones civils (le Cameroun).,"innovation,afrique"
inn-0082,Innovation & IA,innovation-ia,moyen,"Dans le monde numerique, que designe un MOOC ?",Une distorsion des resultats reproduisant des prejuges presents dans les donnees,La formation a distance via des supports numeriques,Un contenu qui explique pas a pas comment realiser une tache,Un cours en ligne ouvert et accessible a un grand nombre de participants,D,200,25,Un MOOC : un cours en ligne ouvert et accessible a un grand nombre de participants.,"innovation,glossaire"
inn-0083,Innovation & IA,innovation-ia,moyen,"Dans le monde numerique, que designe un lecteur de code-barres ?",Un appareil qui lit automatiquement l'identifiant d'un produit,La proportion de temps pendant laquelle un service fonctionne,Un titre qui protege une invention technique pendant une duree limitee,Un element cliquable qui renvoie vers une autre page ou ressource,A,200,25,Un lecteur de code-barres : un appareil qui lit automatiquement l'identifiant d'un produit.,"innovation,glossaire"
inn-0084,Innovation & IA,innovation-ia,moyen,A quoi sert principalement un outil de gestion de taches ?,Enregistrer les ventes et editer les tickets,Rediger et mettre en forme des documents,Suivre l'avancement du travail d'une equipe,Diffuser des cours accessibles a distance,C,200,25,Un outil de gestion de taches sert a : suivre l'avancement du travail d'une equipe.,"innovation,outils"
inn-0085,Innovation & IA,innovation-ia,moyen,Quel terme correspond a cette definition : L'ensemble des acteurs qui font vivre l'innovation d'un territoire ?,un PDF,une notification push,un ecosysteme numerique,un portefeuille electronique,C,200,25,Il s'agit d'un ecosysteme numerique.,"innovation,glossaire"
inn-0086,Innovation & IA,innovation-ia,moyen,A quel besoin repond principalement cette solution : L'authentification a deux facteurs ?,Verifier l'identite d'un utilisateur avant un paiement,Recommander des produits complementaires a un acheteur en ligne,Organiser une reunion avec un partenaire base a l'etranger,Reduire le temps d'attente au guichet,A,200,25,L'authentification a deux facteurs sert notamment a verifier l'identite d'un utilisateur avant un paiement.,"innovation,usages"
inn-0087,Innovation & IA,innovation-ia,moyen,A quelle categorie d'outils appartient un CRM ?,L'intelligence artificielle,La mesure,La gestion,La numerisation,C,200,25,Un CRM appartient a cette categorie : la gestion.,"innovation,outils"
inn-0088,Innovation & IA,innovation-ia,facile,Une PME veut se lancer dans le numerique mais dispose d'un tres petit budget. Par quoi commencer ?,Par un outil gratuit ou peu couteux qui resout son probleme le plus urgent,Par l'achat d'un logiciel sur mesure a plusieurs millions,Par le recrutement d'une equipe informatique complete,Par la construction d'un centre de donnees,A,100,20,"On commence par le besoin le plus douloureux, avec un outil simple.","innovation,mise-en-situation"
inn-0089,Innovation & IA,innovation-ia,challenge,Quel service correspond a cette activite : L'intelligence artificielle appliquee aux entreprises ?,Paystack,InstaDeep,Kiro'o Games,Gifted Mom,B,300,30,InstaDeep correspond a cette activite.,"innovation,afrique"
inn-0090,Innovation & IA,innovation-ia,facile,Quelle langue est un atout pour un entrepreneur numerique camerounais sur le marche africain ?,Le latin,Le grec ancien,Le bilinguisme francais-anglais,Le japonais,C,100,20,Le bilinguisme ouvre les marches francophones et anglophones.,"innovation,afrique"
inn-0091,Innovation & IA,innovation-ia,moyen,Quel terme correspond a cette definition : La demande enregistree d'un utilisateur aupres du support ?,un test utilisateur,un ticket d'assistance,l'authentification a deux facteurs,un reseau social,B,200,25,Il s'agit d'un ticket d'assistance.,"innovation,glossaire"
inn-0092,Innovation & IA,innovation-ia,moyen,"Dans le monde numerique, que designe un portefeuille electronique ?",Un compte numerique qui stocke de l'argent pour payer en ligne ou par telephone,Une machine programmable capable d'executer des taches physiques,La rediffusion d'un contenu vers son propre reseau,Un service en ligne qui met en relation plusieurs types d'utilisateurs,A,200,25,Un portefeuille electronique : un compte numerique qui stocke de l'argent pour payer en ligne ou par telephone.,"innovation,glossaire"
inn-0093,Innovation & IA,innovation-ia,moyen,Quel terme correspond a cette definition : Le controle par une personne des decisions proposees par une machine ?,une version beta,la supervision humaine,une place de marche en ligne,l'agriculture de precision,B,200,25,Il s'agit de la supervision humaine.,"innovation,glossaire"
inn-0094,Innovation & IA,innovation-ia,facile,De quel pays Orange Money est-il ou est-elle originaire ?,la Tunisie,le Senegal,le Kenya,le Cameroun,D,100,20,Orange Money vient de ce pays : le Cameroun.,"innovation,afrique"
inn-0095,Innovation & IA,innovation-ia,challenge,Quelle est l'activite principale de Twiga Foods ?,Le suivi de la sante maternelle par mobile,Le transfert d'argent par telephone,La teleconsultation medicale,La distribution de produits agricoles,D,300,30,Twiga Foods : la distribution de produits agricoles (le Kenya).,"innovation,afrique"
inn-0096,Innovation & IA,innovation-ia,moyen,"Dans le monde numerique, que designe un prestataire informatique ?","Une periode ou le service est accessible sans payer, pour le tester",Un appareil du quotidien relie a internet pour transmettre des informations,L'examen des outils et pratiques numeriques d'une organisation,Une entreprise externe chargee de realiser ou maintenir un service numerique,D,200,25,Un prestataire informatique : une entreprise externe chargee de realiser ou maintenir un service numerique.,"innovation,glossaire"
inn-0097,Innovation & IA,innovation-ia,facile,Qui est a l'origine de cette avancee : la vaccination moderne et la pasteurisation ?,Verone Mankou,Louis Pasteur,Alan Turing,Geoffrey Hinton,B,100,20,Il s'agit de Louis Pasteur.,"innovation,histoire"
inn-0098,Innovation & IA,innovation-ia,facile,Quel terme correspond a cette definition : Un message d'information envoye regulierement a une liste d'abonnes ?,une newsletter,l'automatisation,un taux de disponibilite,le numerique responsable,A,100,20,Il s'agit d'une newsletter.,"innovation,glossaire"
inn-0099,Innovation & IA,innovation-ia,facile,Quel terme correspond a cette definition : Un message non sollicite envoye en masse ?,un pixel de suivi,le spam,l'intelligence artificielle,une feuille de route produit,B,100,20,Il s'agit du spam.,"innovation,glossaire"
inn-0100,Innovation & IA,innovation-ia,facile,A quoi sert principalement un antivirus ?,Detecter et neutraliser les logiciels malveillants,Traduire rapidement un texte d'une langue a une autre,Echanger des messages en temps reel,"Obtenir de l'aide pour rediger, resumer ou expliquer",A,100,20,Un antivirus sert a : detecter et neutraliser les logiciels malveillants.,"innovation,outils"
inn-0101,Innovation & IA,innovation-ia,challenge,"Dans le monde numerique, que designe le traitement du langage naturel ?",Un site qui met en relation de nombreux vendeurs et acheteurs,L'identification d'une personne par une caracteristique physique unique,La capacite d'un systeme a analyser et produire du langage humain,Un appareil qui lit automatiquement l'identifiant d'un produit,C,300,30,Le traitement du langage naturel : la capacite d'un systeme a analyser et produire du langage humain.,"innovation,glossaire"
inn-0102,Innovation & IA,innovation-ia,facile,Quel professionnel du numerique a pour mission de : Assembler et retoucher des sequences video ?,un gestionnaire de bases de donnees,un monteur video,un analyste de donnees,un product owner,B,100,20,Il s'agit d'un monteur video.,"innovation,metiers"
inn-0103,Innovation & IA,innovation-ia,moyen,"Dans le monde numerique, que designe un brevet d'invention ?",Un titre qui protege une invention technique pendant une duree limitee,L'accord libre et informe donne avant l'utilisation de ses donnees,La quantite de donnees pouvant transiter par une connexion en un temps donne,Le stockage et le traitement de donnees sur des serveurs accessibles par internet,A,200,25,Un brevet d'invention : un titre qui protege une invention technique pendant une duree limitee.,"innovation,glossaire"
inn-0104,Innovation & IA,innovation-ia,facile,Quel terme correspond a cette definition : La protection des informations personnelles dans les usages en ligne ?,un service de livraison connecte,une base de donnees,une audience en ligne,la vie privee numerique,D,100,20,Il s'agit de la vie privee numerique.,"innovation,glossaire"
inn-0105,Innovation & IA,innovation-ia,facile,Quel est le principal benefice de cette demarche : gerer les plannings d'une equipe dispersee ?,Coordonner sans reunions inutiles,Servir la diaspora et les clients internationaux,Eviter les versions multiples et les pertes,Corriger les points de blocage du tunnel de vente,A,100,20,Le gain principal : coordonner sans reunions inutiles.,"innovation,usages"
inn-0106,Innovation & IA,innovation-ia,facile,"Dans le monde numerique, que designe la 4G ?",L'espace personnel cree pour acceder a un service en ligne,"Un carre imprime qui, une fois scanne, ouvre un lien ou une information",La transformation de donnees en un format illisible sans la cle appropriee,Une norme de reseau mobile permettant un acces rapide a internet,D,100,20,La 4G : une norme de reseau mobile permettant un acces rapide a internet.,"innovation,glossaire"
inn-0107,Innovation & IA,innovation-ia,moyen,Quelle situation justifie cette bonne pratique : Refuser l'autorisation inutile ?,Une application demande l'acces a tous vos contacts sans raison,Votre telephone professionnel n'a aucun code de verrouillage,Un inconnu vous appelle en se disant technicien et demande un code recu par SMS,Un employe part de l'entreprise en gardant ses acces informatiques,A,200,25,Cette pratique repond au cas suivant : une application demande l'acces a tous vos contacts sans raison.,"innovation,cybersecurite"
inn-0108,Innovation & IA,innovation-ia,facile,"Dans le monde numerique, que designe une story ?",Une publication ephemere qui disparait apres un temps limite,Une nouvelle version qui corrige ou ameliore un logiciel,Un contenu video ou audio truque de facon realiste par intelligence artificielle,Un service permettant d'envoyer et de recevoir de l'argent depuis un telephone,A,100,20,Une story : une publication ephemere qui disparait apres un temps limite.,"innovation,glossaire"
inn-0109,Innovation & IA,innovation-ia,moyen,Quel terme correspond a cette definition : L'ensemble des techniques qui ameliorent la visibilite d'un site dans les recherches ?,un temps de reponse,une carte numerique,le referencement,l'hebergement web,C,200,25,Il s'agit du referencement.,"innovation,glossaire"
inn-0110,Innovation & IA,innovation-ia,moyen,Que risque une entreprise qui saisit des donnees confidentielles de clients dans un outil en ligne inconnu ?,Une fuite de donnees et une perte de confiance,Un gain de temps sans risque,Une meilleure securite,Une exoneration de responsabilite,A,200,25,La confidentialite des donnees clients engage l'entreprise.,"innovation,comprehension"
inn-0111,Innovation & IA,innovation-ia,challenge,"Dans le monde numerique, que designe un tunnel de conversion ?",Une suite d'instructions permettant de resoudre un probleme ou d'accomplir une tache,Un programme malveillant qui se propage et endommage un systeme,L'adaptation d'un service aux preferences de chaque utilisateur,Le parcours qui mene un visiteur en ligne jusqu'a l'achat,D,300,30,Un tunnel de conversion : le parcours qui mene un visiteur en ligne jusqu'a l'achat.,"innovation,glossaire"
inn-0112,Innovation & IA,innovation-ia,moyen,A quoi sert principalement un outil de gestion de stock ?,Editer et suivre les factures clients,Suivre les entrees et sorties de marchandises,Envoyer et recevoir des courriers numeriques,Chiffrer la connexion pour proteger les echanges en ligne,B,200,25,Un outil de gestion de stock sert a : suivre les entrees et sorties de marchandises.,"innovation,outils"
inn-0113,Innovation & IA,innovation-ia,facile,Pour quelle contribution Alexander Graham Bell est-il ou est-elle connu(e) ?,le telephone,la telegraphie sans fil,la penicilline,les premiers ordinateurs Apple,A,100,20,Alexander Graham Bell est associe(e) a le telephone.,"innovation,histoire"
inn-0114,Innovation & IA,innovation-ia,facile,A quoi sert principalement un logiciel de presentation ?,"Obtenir de l'aide pour rediger, resumer ou expliquer",Suivre l'avancement du travail d'une equipe,Creer des diaporamas pour presenter un projet,Coordonner les rendez-vous d'une equipe,C,100,20,Un logiciel de presentation sert a : creer des diaporamas pour presenter un projet.,"innovation,outils"
inn-0115,Innovation & IA,innovation-ia,challenge,A quoi sert principalement un VPN ?,Enregistrer les ventes et editer les tickets,Chiffrer la connexion pour proteger les echanges en ligne,Construire un site ou une application sans programmer,Coordonner les rendez-vous d'une equipe,B,300,30,Un VPN sert a : chiffrer la connexion pour proteger les echanges en ligne.,"innovation,outils"
inn-0116,Innovation & IA,innovation-ia,facile,Quel service correspond a cette activite : Le paiement et le transfert par telephone ?,MTN MoMo,Kiro'o Games,Orange Money,Diool,C,100,20,Orange Money correspond a cette activite.,"innovation,afrique"
inn-0117,Innovation & IA,innovation-ia,moyen,Une petite entreprise veut former ses employes sans les deplacer. Quelle solution numerique est la plus adaptee ?,Une plateforme de formation en ligne,Un catalogue en ligne mis a jour,L'authentification a deux facteurs,Un cours en ligne (MOOC),A,200,25,"Pour former ses employes sans les deplacer, une plateforme de formation en ligne est la reponse la plus directe.","innovation,usages"
inn-0118,Innovation & IA,innovation-ia,facile,Quel terme correspond a cette definition : Le harcelement d'une personne au moyen des outils numeriques ?,une arnaque en ligne,un contrat de maintenance,un site frauduleux,le cyberharcelement,D,100,20,Il s'agit du cyberharcelement.,"innovation,glossaire"
inn-0119,Innovation & IA,innovation-ia,facile,"Dans le monde numerique, que designe un influenceur numerique ?",Une personne dont l'audience en ligne peut orienter les choix d'achat,La personne qui se sert d'un produit ou d'un service numerique,Le logiciel qui permet de consulter des sites internet,Une suite de barres lisible par un scanner pour identifier un produit,A,100,20,Un influenceur numerique : une personne dont l'audience en ligne peut orienter les choix d'achat.,"innovation,glossaire"
inn-0120,Innovation & IA,innovation-ia,moyen,Quel terme correspond a cette definition : L'appareil qui relie un local au reseau de l'operateur ?,le big data,un modem,un service a la demande,la realite virtuelle,B,200,25,Il s'agit d'un modem.,"innovation,glossaire"
inn-0121,Innovation & IA,innovation-ia,moyen,"Dans le monde numerique, que designe l'apprentissage automatique ?",Le numero qui identifie un appareil connecte a un reseau,Le stockage et le traitement de donnees sur des serveurs accessibles par internet,La capacite d'un programme a s'ameliorer a partir d'exemples,Un appareil qui affiche une image sur un grand ecran ou un mur,C,200,25,L'apprentissage automatique : la capacite d'un programme a s'ameliorer a partir d'exemples.,"innovation,glossaire"
inn-0122,Innovation & IA,innovation-ia,moyen,Quel terme correspond a cette definition : L'accord qui organise l'entretien et le depannage d'un systeme ?,un logiciel libre,un test utilisateur,un abonnement mensuel,un contrat de maintenance,D,200,25,Il s'agit d'un contrat de maintenance.,"innovation,glossaire"
inn-0123,Innovation & IA,innovation-ia,moyen,Qui est a l'origine de cette avancee : le premier vol motorise controle ?,Ada Lovelace,Verone Mankou,Jack Kilby,Les freres Wright,D,200,25,Il s'agit de Les freres Wright.,"innovation,histoire"
inn-0124,Innovation & IA,innovation-ia,moyen,"Dans le monde numerique, que designe la synchronisation ?",La mise a jour automatique des memes donnees sur plusieurs appareils,L'interruption temporaire d'un service numerique,Une suite d'instructions permettant de resoudre un probleme ou d'accomplir une tache,Un mot-cle precede d'un diese servant a classer les publications,A,200,25,La synchronisation : la mise a jour automatique des memes donnees sur plusieurs appareils.,"innovation,glossaire"
inn-0125,Innovation & IA,innovation-ia,moyen,Quel outil numerique permet de : Centraliser l'historique de la relation avec chaque client ?,un scanner de documents sur telephone,un CRM,un outil no-code,un agenda partage,B,200,25,Il s'agit d'un CRM.,"innovation,outils"
inn-0126,Innovation & IA,innovation-ia,challenge,A quel besoin repond principalement cette solution : Un systeme de detection automatique de fraude ?,Eviter que la caisse ne soit fausse en fin de journee,Resumer un long document en quelques points,Repondre automatiquement aux questions frequentes des clients,Detecter une transaction bancaire anormale,D,300,30,Un systeme de detection automatique de fraude sert notamment a detecter une transaction bancaire anormale.,"innovation,usages"
inn-0127,Innovation & IA,innovation-ia,facile,"Dans le monde numerique, que designe une panne de service ?",La prise de decisions fondee sur des chiffres mesures plutot que sur l'intuition,L'interruption temporaire d'un service numerique,Une faiblesse d'un systeme qui peut etre exploitee par un attaquant,La capacite d'un systeme a analyser et produire du langage humain,B,100,20,Une panne de service : l'interruption temporaire d'un service numerique.,"innovation,glossaire"
inn-0128,Innovation & IA,innovation-ia,facile,A quel besoin repond principalement cette solution : Un cours en ligne (MOOC) ?,Apprendre un metier depuis chez soi,Eviter de perdre du temps a compter le stock a la main,Classer automatiquement des milliers de photos de produits,Connaitre l'avis des clients apres un achat,A,100,20,Un cours en ligne (MOOC) sert notamment a apprendre un metier depuis chez soi.,"innovation,usages"
inn-0129,Innovation & IA,innovation-ia,challenge,Pour quelle contribution Vint Cerf est-il ou est-elle connu(e) ?,la premiere tablette concue en Afrique centrale,les protocoles de communication d'internet,le circuit integre,la vaccination moderne et la pasteurisation,B,300,30,Vint Cerf est associe(e) a les protocoles de communication d'internet.,"innovation,histoire"
inn-0130,Innovation & IA,innovation-ia,moyen,A quel besoin repond principalement cette solution : Une plateforme de formation en ligne ?,Former ses employes sans les deplacer,Identifier un client sans carte grace a son empreinte,Detecter une transaction bancaire anormale,Consulter un medecin depuis un village eloigne,A,200,25,Une plateforme de formation en ligne sert notamment a former ses employes sans les deplacer.,"innovation,usages"
inn-0131,Innovation & IA,innovation-ia,facile,"Dans le monde numerique, que designe un avis client en ligne ?",Un commentaire public laisse par un acheteur sur un produit ou un service,Un ecran qui reagit directement au contact du doigt,Un espace de rangement qui regroupe des fichiers,La phase pendant laquelle un systeme d'IA apprend a partir de donnees,A,100,20,Un avis client en ligne : un commentaire public laisse par un acheteur sur un produit ou un service.,"innovation,glossaire"
inn-0132,Innovation & IA,innovation-ia,challenge,"Dans le monde numerique, que designe l'agriculture de precision ?",La phase pendant laquelle un systeme d'IA apprend a partir de donnees,L'usage de donnees et de capteurs pour optimiser les cultures,Un appareil externe relie a un ordinateur,Un message d'information envoye regulierement a une liste d'abonnes,B,300,30,L'agriculture de precision : l'usage de donnees et de capteurs pour optimiser les cultures.,"innovation,glossaire"
inn-0133,Innovation & IA,innovation-ia,facile,Quel terme correspond a cette definition : Un paiement recurrent donnant acces a un service en ligne ?,la transformation digitale,un rancongiciel,l'annotation de donnees,un abonnement numerique,D,100,20,Il s'agit d'un abonnement numerique.,"innovation,glossaire"
inn-0134,Innovation & IA,innovation-ia,moyen,Quel est le principal benefice de cette demarche : photographier de grandes parcelles agricoles rapidement ?,Observer l'etat des cultures sans se deplacer partout,Communiquer a grande echelle a faible cout,Reduire les rendez-vous manques,Etre visible en ligne rapidement,A,200,25,Le gain principal : observer l'etat des cultures sans se deplacer partout.,"innovation,usages"
inn-0135,Innovation & IA,innovation-ia,challenge,Quel terme correspond a cette definition : Un petit element qui mesure le comportement des visiteurs d'un site ?,un pixel de suivi,la sobriete numerique,l'informatique en periphérie,la double authentification,A,300,30,Il s'agit d'un pixel de suivi.,"innovation,glossaire"
inn-0136,Innovation & IA,innovation-ia,facile,Une petite entreprise veut organiser une reunion avec un partenaire base a l'etranger. Quelle solution numerique est la plus adaptee ?,Une visioconference,Un drone,Un outil de creation graphique en ligne,Un logiciel de gestion de la relation client,A,100,20,"Pour organiser une reunion avec un partenaire base a l'etranger, une visioconference est la reponse la plus directe.","innovation,usages"
inn-0137,Innovation & IA,innovation-ia,moyen,Une petite entreprise veut transcrire automatiquement une reunion en compte rendu. Quelle solution numerique est la plus adaptee ?,La reconnaissance vocale,Un outil no-code,La biometrie,Un logiciel de caisse,A,200,25,"Pour transcrire automatiquement une reunion en compte rendu, la reconnaissance vocale est la reponse la plus directe.","innovation,usages"
inn-0138,Innovation & IA,innovation-ia,facile,Un commercant veut utiliser l'IA pour repondre a ses clients la nuit. Quelle solution simple ?,Recruter cinq employes de nuit immediatement,Fermer le service client,Supprimer les questions des clients,Mettre en place un agent conversationnel repondant aux questions frequentes,D,100,20,Le chatbot couvre les questions repetitives 24 h/24.,"innovation,mise-en-situation"
inn-0139,Innovation & IA,innovation-ia,facile,Une petite entreprise veut envoyer une information a tous ses clients d'un coup. Quelle solution numerique est la plus adaptee ?,Une imprimante 3D,Une newsletter ou une liste de diffusion,Une presence sur les reseaux sociaux locaux,Un agenda partage en ligne,B,100,20,"Pour envoyer une information a tous ses clients d'un coup, une newsletter ou une liste de diffusion est la reponse la plus directe.","innovation,usages"
inn-0140,Innovation & IA,innovation-ia,facile,Quel professionnel du numerique a pour mission de : Assister les utilisateurs a distance ?,un redacteur web,un specialiste du support client en ligne,un developpeur web,un consultant en transformation digitale,B,100,20,Il s'agit d'un specialiste du support client en ligne.,"innovation,metiers"
inn-0141,Innovation & IA,innovation-ia,moyen,Quel terme correspond a cette definition : Une application qui organise et suit les livraisons en temps reel ?,un service de livraison connecte,un moteur de traduction,une mise a jour,un abonne,A,200,25,Il s'agit d'un service de livraison connecte.,"innovation,glossaire"
inn-0142,Innovation & IA,innovation-ia,moyen,Quel terme correspond a cette definition : L'accord libre et informe donne avant l'utilisation de ses donnees ?,une sauvegarde,un partage,le consentement,un profil en ligne,C,200,25,Il s'agit du consentement.,"innovation,glossaire"
inn-0143,Innovation & IA,innovation-ia,moyen,"Dans le monde numerique, que designe un objet connecte ?",Un service qui trouve des pages web a partir de mots-cles,Une approche qui limite les effets negatifs sociaux et ecologiques du numerique,Un appareil du quotidien relie a internet pour transmettre des informations,La surveillance organisee des evolutions techniques d'un secteur,C,200,25,Un objet connecte : un appareil du quotidien relie a internet pour transmettre des informations.,"innovation,glossaire"
inn-0144,Innovation & IA,innovation-ia,challenge,"Dans le monde numerique, que designe la memoire vive ?",La memoire de travail temporaire d'un appareil,Un espace de rangement qui regroupe des fichiers,La mise en oeuvre concrete d'une idee nouvelle qui apporte de la valeur,Une technologie de cable permettant des debits internet tres eleves,A,300,30,La memoire vive : la memoire de travail temporaire d'un appareil.,"innovation,glossaire"
inn-0145,Innovation & IA,innovation-ia,facile,Quel terme correspond a cette definition : Une copie de securite des donnees permettant des restaurer ?,un site web,un centre de donnees,un filtre anti-spam,une sauvegarde,D,100,20,Il s'agit d'une sauvegarde.,"innovation,glossaire"
inn-0146,Innovation & IA,innovation-ia,challenge,Quel service correspond a cette activite : Le transport a moto securise ?,SafeMotos,Diool,Jumia,M-Pesa,A,300,30,SafeMotos correspond a cette activite.,"innovation,afrique"
inn-0147,Innovation & IA,innovation-ia,moyen,Quelle est la principale difficulte des startups camerounaises pour se financer ?,L'interdiction de creer des entreprises,Le trop grand nombre d'investisseurs,L'acces limite au capital-risque local,L'absence de talents,C,200,25,Le financement en amorçage reste rare localement.,"innovation,afrique"
inn-0148,Innovation & IA,innovation-ia,facile,Que faut-il faire dans cette situation : vous utilisez le meme mot de passe pour tous vos comptes ?,Creer un mot de passe different pour chaque service,Refuser de communiquer le code et raccrocher,Ne pas l'ouvrir et verifier l'expediteur,Desactiver immediatement ses comptes et acces,A,100,20,Bonne pratique : creer un mot de passe different pour chaque service.,"innovation,cybersecurite"
inn-0149,Innovation & IA,innovation-ia,moyen,Dans quel domaine Arthur Zang a-t-il ou a-t-elle laisse sa marque ?,L'intelligence artificielle,L'electronique,L'informatique,La sante,D,200,25,Arthur Zang a marque ce domaine : La sante.,"innovation,histoire"
inn-0150,Innovation & IA,innovation-ia,facile,Quel type de connexion domine l'acces a internet en Afrique ?,La connexion satellite domestique generalisee,Le cable telephonique fixe,L'internet mobile,La fibre a domicile pour tous,C,100,20,L'acces se fait majoritairement par le mobile.,"innovation,afrique"
inn-0151,Innovation & IA,innovation-ia,facile,Dans quel domaine Thomas Edison a-t-il ou a-t-elle laisse sa marque ?,L'energie,La programmation,L'intelligence artificielle,Les transports,A,100,20,Thomas Edison a marque ce domaine : L'energie.,"innovation,histoire"
inn-0152,Innovation & IA,innovation-ia,challenge,Dans quel domaine John McCarthy a-t-il ou a-t-elle laisse sa marque ?,L'intelligence artificielle,L'electronique,Les telecommunications,L'energie,A,300,30,John McCarthy a marque ce domaine : L'intelligence artificielle.,"innovation,histoire"
inn-0153,Innovation & IA,innovation-ia,facile,"Dans le monde numerique, que designe une visioconference ?",Le stockage et le traitement de donnees sur des serveurs accessibles par internet,Une reunion a distance avec image et son,Une proposition de prix transmise par un canal numerique,Le fait d'etiqueter des donnees pour apprendre a une IA a les reconnaitre,B,100,20,Une visioconference : une reunion a distance avec image et son.,"innovation,glossaire"
inn-0154,Innovation & IA,innovation-ia,moyen,"Dans le monde numerique, que designe le consentement ?",L'appareil qui permet d'encaisser un paiement par carte,L'accord libre et informe donne avant l'utilisation de ses donnees,Un espace en ligne d'echange de questions et de reponses,Une technologie de cable permettant des debits internet tres eleves,B,200,25,Le consentement : l'accord libre et informe donne avant l'utilisation de ses donnees.,"innovation,glossaire"
inn-0155,Innovation & IA,innovation-ia,facile,"Dans le monde numerique, que designe l'innovation ?",La liste des pages consultees par un utilisateur,Le traitement automatique de tache repetitives comme la saisie ou les relances,La mise en oeuvre concrete d'une idee nouvelle qui apporte de la valeur,Une structure qui heberge et accompagne de jeunes entreprises innovantes,C,100,20,L'innovation : la mise en oeuvre concrete d'une idee nouvelle qui apporte de la valeur.,"innovation,glossaire"
inn-0156,Innovation & IA,innovation-ia,moyen,Qui est a l'origine de cette avancee : la telegraphie sans fil ?,Alexander Graham Bell,Alexander Fleming,Thomas Edison,Guglielmo Marconi,D,200,25,Il s'agit de Guglielmo Marconi.,"innovation,histoire"
inn-0157,Innovation & IA,innovation-ia,facile,Que faut-il faire dans cette situation : un fichier joint inattendu arrive d'un expediteur inconnu ?,Refuser de communiquer le code et raccrocher,Verifier la demande par un autre canal avant tout paiement,Ne pas cliquer et contacter la banque par un canal officiel,Ne pas l'ouvrir et verifier l'expediteur,D,100,20,Bonne pratique : ne pas l'ouvrir et verifier l'expediteur.,"innovation,cybersecurite"
inn-0158,Innovation & IA,innovation-ia,moyen,Qu'est-ce qu'un deepfake ?,Un logiciel de comptabilite,Un reseau social,Un type de batterie,Une video ou un audio truque de facon realiste par intelligence artificielle,D,200,25,Le deepfake peut servir a desinformer ou a usurper une identite.,"innovation,comprehension"
inn-0159,Innovation & IA,innovation-ia,facile,Quel professionnel du numerique a pour mission de : Concevoir et programmer des sites et applications en ligne ?,un product owner,un developpeur web,un ingenieur en intelligence artificielle,un data scientist,B,100,20,Il s'agit d'un developpeur web.,"innovation,metiers"
inn-0160,Innovation & IA,innovation-ia,facile,"Quel terme correspond a cette definition : L'assistance au client apres l'achat, par des canaux numeriques ?",un service apres-vente en ligne,un abonnement mensuel,le traitement du langage naturel,la publicite ciblee,A,100,20,Il s'agit d'un service apres-vente en ligne.,"innovation,glossaire"
inn-0161,Innovation & IA,innovation-ia,facile,Quel terme correspond a cette definition : Un message texte court envoye par le reseau telephonique ?,la verification des sources,un chatbot de support,un SMS,la synchronisation,C,100,20,Il s'agit d'un SMS.,"innovation,glossaire"
inn-0162,Innovation & IA,innovation-ia,moyen,Quel professionnel du numerique a pour mission de : Ameliorer le parcours et le ressenti des utilisateurs ?,un designer d'experience utilisateur,un developpeur web,un graphiste numerique,un chef de projet numerique,A,200,25,Il s'agit d'un designer d'experience utilisateur.,"innovation,metiers"
inn-0163,Innovation & IA,innovation-ia,facile,Quel terme correspond a cette definition : Un ordinateur autonome et transportable ?,la traduction automatique,le wifi,un ordinateur portable,l'usurpation d'identite,C,100,20,Il s'agit d'un ordinateur portable.,"innovation,glossaire"
inn-0164,Innovation & IA,innovation-ia,moyen,Quel est le principal benefice de cette demarche : reduire le temps d'attente au guichet ?,Ameliorer l'experience client,Reduire le risque de piratage,Eviter des deplacements inutiles au client,Observer l'etat des cultures sans se deplacer partout,A,200,25,Le gain principal : ameliorer l'experience client.,"innovation,usages"
inn-0165,Innovation & IA,innovation-ia,moyen,Quel service correspond a cette activite : La vente en ligne d'appareils et d'electromenager ?,Yassir,Glotelho,M-Pesa,Flutterwave,B,200,25,Glotelho correspond a cette activite.,"innovation,afrique"
inn-0166,Innovation & IA,innovation-ia,facile,Quel terme correspond a cette definition : Un programme malveillant qui se propage et endommage un systeme ?,le no-code,un virus informatique,l'annotation de donnees,un ticket d'assistance,B,100,20,Il s'agit d'un virus informatique.,"innovation,glossaire"
inn-0167,Innovation & IA,innovation-ia,facile,A quel besoin repond principalement cette solution : Un catalogue en ligne mis a jour ?,Verifier la disponibilite d'un produit avant de se deplacer,Eviter de perdre du temps a compter le stock a la main,Trier automatiquement les commandes recues par messagerie,Encaisser un client qui n'a pas d'argent liquide,A,100,20,Un catalogue en ligne mis a jour sert notamment a verifier la disponibilite d'un produit avant de se deplacer.,"innovation,usages"
inn-0168,Innovation & IA,innovation-ia,challenge,Quelle est l'activite principale de Yoco ?,Les terminaux de paiement pour petits commerces,La distribution de produits agricoles,Le paiement et le transfert par telephone,Les services de sante numeriques,A,300,30,Yoco : les terminaux de paiement pour petits commerces (l'Afrique du Sud).,"innovation,afrique"
inn-0169,Innovation & IA,innovation-ia,moyen,Qui est a l'origine de cette avancee : la premiere automobile a moteur a essence ?,Karl Benz,Yann LeCun,Johannes Gutenberg,Larry Page,A,200,25,Il s'agit de Karl Benz.,"innovation,histoire"
inn-0170,Innovation & IA,innovation-ia,moyen,Pour quelle contribution Steve Wozniak est-il ou est-elle connu(e) ?,les premiers ordinateurs Apple,la penicilline,l'imprimerie a caracteres mobiles en Europe,le premier vol motorise controle,A,200,25,Steve Wozniak est associe(e) a les premiers ordinateurs Apple.,"innovation,histoire"
inn-0171,Innovation & IA,innovation-ia,facile,"Dans le monde numerique, que designe la desinformation en ligne ?",L'espace personnel cree pour acceder a un service en ligne,Un site imitant un service legitime pour tromper les visiteurs,La diffusion volontaire d'informations fausses sur internet,La memoire de travail temporaire d'un appareil,C,100,20,La desinformation en ligne : la diffusion volontaire d'informations fausses sur internet.,"innovation,glossaire"
inn-0172,Innovation & IA,innovation-ia,challenge,Quel terme correspond a cette definition : Une verification du comportement d'un service face a un grand nombre d'utilisateurs ?,un recu electronique,un indicateur numerique,un test de charge,une panne de service,C,300,30,Il s'agit d'un test de charge.,"innovation,glossaire"
inn-0173,Innovation & IA,innovation-ia,facile,A quel besoin repond principalement cette solution : Une IA generative de texte ?,Identifier les clients qui n'ont pas commande depuis trois mois,Verifier la disponibilite d'un produit avant de se deplacer,Rediger une premiere version d'annonce publicitaire,Savoir quels produits se vendent le mieux chaque semaine,C,100,20,Une IA generative de texte sert notamment a rediger une premiere version d'annonce publicitaire.,"innovation,usages"
inn-0174,Innovation & IA,innovation-ia,facile,"Dans le monde numerique, que designe une communaute en ligne ?",Un groupe de personnes reunies autour d'un interet commun sur internet,Une offre de base gratuite completee par des options payantes,Le fait de dupliquer un equipement ou une donnee pour eviter une interruption,Les informations qui permettent d'identifier une personne,A,100,20,Une communaute en ligne : un groupe de personnes reunies autour d'un interet commun sur internet.,"innovation,glossaire"
inn-0175,Innovation & IA,innovation-ia,challenge,Une petite entreprise veut classer automatiquement des milliers de photos de produits. Quelle solution numerique est la plus adaptee ?,La reconnaissance d'images,Un questionnaire de satisfaction en ligne,Un systeme de detection automatique de fraude,Un code QR imprime sur l'etiquette,A,300,30,"Pour classer automatiquement des milliers de photos de produits, la reconnaissance d'images est la reponse la plus directe.","innovation,usages"
inn-0176,Innovation & IA,innovation-ia,moyen,"Dans le monde numerique, que designe un logiciel libre ?","Un logiciel dont le code peut etre utilise, modifie et partage librement",L'estimation d'une valeur future a partir de donnees passees,Une approche qui limite les effets negatifs sociaux et ecologiques du numerique,La memoire de travail temporaire d'un appareil,A,200,25,"Un logiciel libre : un logiciel dont le code peut etre utilise, modifie et partage librement.","innovation,glossaire"
inn-0177,Innovation & IA,innovation-ia,moyen,Quelle est l'activite principale de Flutterwave ?,L'intelligence artificielle appliquee aux entreprises,Les paiements en ligne pour entreprises,La recherche d'emploi en ligne,Le transfert d'argent par telephone,B,200,25,Flutterwave : les paiements en ligne pour entreprises (le Nigeria).,"innovation,afrique"
inn-0178,Innovation & IA,innovation-ia,facile,Qui est a l'origine de cette avancee : le telephone ?,Verone Mankou,Alan Turing,Johannes Gutenberg,Alexander Graham Bell,D,100,20,Il s'agit de Alexander Graham Bell.,"innovation,histoire"
inn-0179,Innovation & IA,innovation-ia,facile,A quel besoin repond principalement cette solution : Une sauvegarde dans le cloud ?,Creer un site vitrine sans savoir programmer,Verifier qu'une information vue en ligne est vraie,Vendre a des clients situes dans une autre ville,Sauvegarder le fichier client contre la perte d'un telephone,D,100,20,Une sauvegarde dans le cloud sert notamment a sauvegarder le fichier client contre la perte d'un telephone.,"innovation,usages"
inn-0180,Innovation & IA,innovation-ia,challenge,Comment appelle-t-on les pays africains les plus actifs dans les levees de fonds technologiques ?,Le Big Two : Cameroun et Tchad,Le Big Five europeen,"Le Big Four : Nigeria, Kenya, Egypte et Afrique du Sud",Le G7 africain,C,300,30,Ces quatre pays concentrent l'essentiel des financements tech.,"innovation,afrique"
inn-0181,Innovation & IA,innovation-ia,moyen,"Dans le monde numerique, que designe un hackathon ?",Un evenement court ou des equipes concoivent une solution numerique,Le logiciel de base qui fait fonctionner un ordinateur ou un telephone,Une suite de barres lisible par un scanner pour identifier un produit,Une premiere version testable d'un service numerique,A,200,25,Un hackathon : un evenement court ou des equipes concoivent une solution numerique.,"innovation,glossaire"
inn-0182,Innovation & IA,innovation-ia,moyen,Une IA peut-elle remplacer le jugement d'un dirigeant sur une decision strategique ?,"Oui, elle decide mieux dans tous les cas","Oui, elle connait l'avenir","Oui, elle remplace le conseil d'administration","Non, elle peut aider a analyser mais la decision reste humaine",D,200,25,"L'IA est une aide a la decision, pas un decideur.","innovation,comprehension"
inn-0183,Innovation & IA,innovation-ia,moyen,Quel professionnel du numerique a pour mission de : Proteger les systemes et les donnees contre les attaques ?,un chef de projet numerique,un graphiste numerique,un community manager,un expert en cybersecurite,D,200,25,Il s'agit d'un expert en cybersecurite.,"innovation,metiers"
inn-0184,Innovation & IA,innovation-ia,moyen,Que faut-il faire dans cette situation : vous notez vos mots de passe sur un papier colle a l'ecran ?,Refuser de communiquer le code et raccrocher,Ne pas payer et verifier l'identite du vendeur,Interdire cette pratique et n'installer que des logiciels legitimes,Utiliser un gestionnaire de mots de passe securise,D,200,25,Bonne pratique : utiliser un gestionnaire de mots de passe securise.,"innovation,cybersecurite"
inn-0185,Innovation & IA,innovation-ia,facile,"Quel terme correspond a cette definition : Un carre imprime qui, une fois scanne, ouvre un lien ou une information ?",un compte utilisateur,la synthese vocale,un code QR,l'innovation,C,100,20,Il s'agit d'un code QR.,"innovation,glossaire"
inn-0186,Innovation & IA,innovation-ia,moyen,Quel secteur du numerique africain attire le plus de financements ces dernieres annees ?,L'industrie du charbon,La construction navale,L'aeronautique lourde,La fintech,D,200,25,Les paiements et services financiers dominent les levees de fonds.,"innovation,afrique"
inn-0187,Innovation & IA,innovation-ia,facile,Quel outil numerique permet de : Organiser des reunions a distance ?,une plateforme de visioconference,une plateforme de formation en ligne,un tableur,un assistant IA conversationnel,A,100,20,Il s'agit d'une plateforme de visioconference.,"innovation,outils"
inn-0188,Innovation & IA,innovation-ia,moyen,A quel besoin repond principalement cette solution : Un systeme de prise de rendez-vous en ligne ?,Eviter que la caisse ne soit fausse en fin de journee,Suivre la position d'une livraison en cours,Reduire le temps d'attente au guichet,Detecter une transaction bancaire anormale,C,200,25,Un systeme de prise de rendez-vous en ligne sert notamment a reduire le temps d'attente au guichet.,"innovation,usages"
inn-0189,Innovation & IA,innovation-ia,facile,Que faut-il faire dans cette situation : un e-mail imite votre banque et demande de confirmer votre mot de passe ?,Activer un code ou un verrouillage biometrique,Installer les mises a jour de securite sans tarder,Ne pas cliquer et contacter la banque par un canal officiel,Ne jamais communiquer son code et supprimer le message,C,100,20,Bonne pratique : ne pas cliquer et contacter la banque par un canal officiel.,"innovation,cybersecurite"
inn-0190,Innovation & IA,innovation-ia,facile,"Dans le monde numerique, que designe un abonne ?",Le fait de dupliquer un equipement ou une donnee pour eviter une interruption,Un logiciel qui organise des donnees en lignes et colonnes et effectue des calculs,Une personne qui suit les publications d'un compte,Le numero qui identifie un appareil connecte a un reseau,C,100,20,Un abonne : une personne qui suit les publications d'un compte.,"innovation,glossaire"
inn-0191,Innovation & IA,innovation-ia,moyen,Quel terme correspond a cette definition : L'adaptation d'un service aux preferences de chaque utilisateur ?,la telemedecine,la personnalisation,un forfait de donnees,la realite augmentee,B,200,25,Il s'agit de la personnalisation.,"innovation,glossaire"
inn-0192,Innovation & IA,innovation-ia,moyen,Quel service correspond a cette activite : Le transfert d'argent par telephone ?,Diool,InstaDeep,Flutterwave,M-Pesa,D,200,25,M-Pesa correspond a cette activite.,"innovation,afrique"
inn-0193,Innovation & IA,innovation-ia,facile,"Dans le monde numerique, que designe un scanner ?",Une machine programmable capable d'executer des taches physiques,Un paiement recurrent donnant acces a un service en ligne,Un appareil qui transforme un document papier en fichier numerique,La surveillance organisee des evolutions techniques d'un secteur,C,100,20,Un scanner : un appareil qui transforme un document papier en fichier numerique.,"innovation,glossaire"
inn-0194,Innovation & IA,innovation-ia,facile,Quel terme correspond a cette definition : Un contenu qui explique pas a pas comment realiser une tache ?,un pare-feu,la personnalisation,un serveur,un tutoriel,D,100,20,Il s'agit d'un tutoriel.,"innovation,glossaire"
inn-0195,Innovation & IA,innovation-ia,facile,"Dans le monde numerique, que designe un moteur de recherche ?",Le fait de travailler a distance grace aux outils numeriques,L'accord libre et informe donne avant l'utilisation de ses donnees,Un service qui trouve des pages web a partir de mots-cles,Une innovation qui obtient un resultat utile avec des moyens tres limites,C,100,20,Un moteur de recherche : un service qui trouve des pages web a partir de mots-cles.,"innovation,glossaire"
inn-0196,Innovation & IA,innovation-ia,facile,"Dans le monde numerique, que designe un retour utilisateur ?",Le volume d'internet mobile inclus dans un abonnement,L'avis exprime par une personne apres avoir utilise un service,"Un service utilisable directement depuis un navigateur, sans installation",Le retour d'une somme au client via un canal numerique,B,100,20,Un retour utilisateur : l'avis exprime par une personne apres avoir utilise un service.,"innovation,glossaire"
inn-0197,Innovation & IA,innovation-ia,moyen,"Dans le monde numerique, que designe le chiffrement ?",Le numero qui identifie un appareil connecte a un reseau,La transformation de donnees en un format illisible sans la cle appropriee,La protection des informations personnelles dans les usages en ligne,Un ensemble de pages accessibles en ligne a une meme adresse,B,200,25,Le chiffrement : la transformation de donnees en un format illisible sans la cle appropriee.,"innovation,glossaire"
inn-0198,Innovation & IA,innovation-ia,moyen,"Dans le monde numerique, que designe un code a usage unique ?",L'image d'une personne ou d'une entreprise telle qu'elle apparait sur internet,Un code valable une seule fois pour valider une operation,La creation d'applications sans ecrire de code informatique,Un appareil qui transforme un document papier en fichier numerique,B,200,25,Un code a usage unique : un code valable une seule fois pour valider une operation.,"innovation,glossaire"
inn-0199,Innovation & IA,innovation-ia,moyen,Quel terme correspond a cette definition : La reorganisation d'une activite autour des outils numeriques ?,un centre de donnees,un panier d'achat,une application mobile,la transformation digitale,D,200,25,Il s'agit de la transformation digitale.,"innovation,glossaire"
inn-0200,Innovation & IA,innovation-ia,moyen,Quel terme correspond a cette definition : Un compte numerique qui stocke de l'argent pour payer en ligne ou par telephone ?,un portefeuille electronique,un agent conversationnel de service client,un serveur,un ecran tactile,A,200,25,Il s'agit d'un portefeuille electronique.,"innovation,glossaire"
inn-0201,Innovation & IA,innovation-ia,moyen,"Dans le monde numerique, que designe un systeme d'exploitation ?",Le retour d'une somme au client via un canal numerique,Les actions visant a permettre a tous d'utiliser les outils numeriques,Le logiciel de base qui fait fonctionner un ordinateur ou un telephone,La surveillance organisee des evolutions techniques d'un secteur,C,200,25,Un systeme d'exploitation : le logiciel de base qui fait fonctionner un ordinateur ou un telephone.,"innovation,glossaire"
inn-0202,Innovation & IA,innovation-ia,facile,Quel terme correspond a cette definition : Un ensemble d'informations organisees pour etre retrouvees facilement ?,un site frauduleux,une adresse IP,une base de donnees,un paiement fractionne,C,100,20,Il s'agit d'une base de donnees.,"innovation,glossaire"
inn-0203,Innovation & IA,innovation-ia,facile,"Dans le monde numerique, que designe une arnaque en ligne ?",Une tromperie visant a soutirer de l'argent ou des informations sur internet,Les actions visant a permettre a tous d'utiliser les outils numeriques,Un systeme qui convertit automatiquement un texte d'une langue a une autre,"L'assistance au client apres l'achat, par des canaux numeriques",A,100,20,Une arnaque en ligne : une tromperie visant a soutirer de l'argent ou des informations sur internet.,"innovation,glossaire"
inn-0204,Innovation & IA,innovation-ia,facile,Quel terme correspond a cette definition : Un defaut de fonctionnement dans un programme ?,un tableur,une arnaque en ligne,un bug,un reseau social,C,100,20,Il s'agit d'un bug.,"innovation,glossaire"
inn-0205,Innovation & IA,innovation-ia,challenge,A quel besoin repond principalement cette solution : L'analyse des donnees historiques de vente ?,Faire connaitre une boutique aupres des habitants du quartier,Identifier un client sans carte grace a son empreinte,Prevoir les ventes de la saison prochaine,Surveiller l'humidite d'un champ pour declencher l'irrigation,C,300,30,L'analyse des donnees historiques de vente sert notamment a prevoir les ventes de la saison prochaine.,"innovation,usages"
inn-0206,Innovation & IA,innovation-ia,moyen,Un dirigeant veut mesurer l'effet de sa page en ligne sur ses ventes. Que met-il en place ?,Un sondage aupres de sa famille,"Rien, l'intuition suffit",Un suivi des demandes et commandes provenant de cette page,Un comptage des couleurs utilisees,C,200,25,Le lien entre canal et vente doit etre mesure.,"innovation,mise-en-situation"
inn-0207,Innovation & IA,innovation-ia,facile,Quel est le principal benefice de cette demarche : connaitre l'avis des clients apres un achat ?,Produire rapidement un brouillon a corriger ensuite,Echanger sans frais de deplacement,Corriger les points de blocage du tunnel de vente,Ameliorer l'offre grace aux retours,D,100,20,Le gain principal : ameliorer l'offre grace aux retours.,"innovation,usages"
inn-0208,Innovation & IA,innovation-ia,facile,A quel besoin repond principalement cette solution : Un outil de traduction automatique ?,Permettre a un client de retrouver une fiche produit en magasin,Consulter un medecin depuis un village eloigne,Verifier la disponibilite d'un produit avant de se deplacer,Traduire une fiche produit en anglais pour la vendre au Nigeria,D,100,20,Un outil de traduction automatique sert notamment a traduire une fiche produit en anglais pour la vendre au Nigeria.,"innovation,usages"
inn-0209,Innovation & IA,innovation-ia,challenge,Quel terme correspond a cette definition : La reduction de l'impact environnemental des usages numeriques ?,la redondance,un logiciel de caisse,la sobriete numerique,l'interface,C,300,30,Il s'agit de la sobriete numerique.,"innovation,glossaire"
inn-0210,Innovation & IA,innovation-ia,facile,"Dans le monde numerique, que designe une application mobile ?",Une technologie de cable permettant des debits internet tres eleves,L'examen des outils et pratiques numeriques d'une organisation,Un programme installe sur un telephone pour rendre un service,Un dispositif qui filtre les connexions pour proteger un reseau,C,100,20,Une application mobile : un programme installe sur un telephone pour rendre un service.,"innovation,glossaire"
inn-0211,Innovation & IA,innovation-ia,challenge,Quel service correspond a cette activite : Le suivi de la sante maternelle par mobile ?,Yassir,Jumia,Gifted Mom,Diool,C,300,30,Gifted Mom correspond a cette activite.,"innovation,afrique"
inn-0212,Innovation & IA,innovation-ia,moyen,Quel professionnel du numerique a pour mission de : Accompagner une organisation dans son passage au numerique ?,un community manager,un developpeur web,un designer d'interface,un consultant en transformation digitale,D,200,25,Il s'agit d'un consultant en transformation digitale.,"innovation,metiers"
inn-0213,Innovation & IA,innovation-ia,moyen,Quel terme correspond a cette definition : La qualite du ressenti d'une personne lorsqu'elle utilise un service ?,la geolocalisation,l'experience utilisateur,le GPS,les donnees personnelles,B,200,25,Il s'agit de l'experience utilisateur.,"innovation,glossaire"
inn-0214,Innovation & IA,innovation-ia,challenge,Dans quel domaine Yann LeCun a-t-il ou a-t-elle laisse sa marque ?,La sante,L'informatique,L'intelligence artificielle,L'imprimerie,C,300,30,Yann LeCun a marque ce domaine : L'intelligence artificielle.,"innovation,histoire"
inn-0215,Innovation & IA,innovation-ia,facile,"Dans le monde numerique, que designe un document partage ?",Le controle par une personne des decisions proposees par une machine,La conversion d'un texte d'une langue a une autre par un logiciel,Un fichier consultable et modifiable a plusieurs en ligne,Une machine qui fabrique un objet en deposant de la matiere couche par couche,C,100,20,Un document partage : un fichier consultable et modifiable a plusieurs en ligne.,"innovation,glossaire"
inn-0216,Innovation & IA,innovation-ia,facile,"Dans le monde numerique, que designe un recu electronique ?",L'identification d'une personne par une caracteristique physique unique,Un compte cree sous une fausse identite,Un logiciel qui organise des donnees en lignes et colonnes et effectue des calculs,La preuve de paiement transmise sous forme numerique,D,100,20,Un recu electronique : la preuve de paiement transmise sous forme numerique.,"innovation,glossaire"
inn-0217,Innovation & IA,innovation-ia,challenge,Quel terme correspond a cette definition : L'examen des outils et pratiques numeriques d'une organisation ?,un audit numerique,un identifiant de transaction,un prestataire informatique,une base de donnees,A,300,30,Il s'agit d'un audit numerique.,"innovation,glossaire"
inn-0218,Innovation & IA,innovation-ia,moyen,Pour quelle contribution Alan Turing est-il ou est-elle connu(e) ?,le test de Turing et les bases de l'informatique moderne,le circuit integre,la telegraphie sans fil,l'imprimerie a caracteres mobiles en Europe,A,200,25,Alan Turing est associe(e) a le test de Turing et les bases de l'informatique moderne.,"innovation,histoire"
inn-0219,Innovation & IA,innovation-ia,facile,Quelle situation justifie cette bonne pratique : Creer un mot de passe different pour chaque service ?,Vous utilisez le meme mot de passe pour tous vos comptes,Vous vous connectez au wifi public d'un hotel pour consulter vos comptes,Votre logiciel affiche depuis des mois un message de mise a jour,Votre telephone professionnel n'a aucun code de verrouillage,A,100,20,Cette pratique repond au cas suivant : vous utilisez le meme mot de passe pour tous vos comptes.,"innovation,cybersecurite"
inn-0220,Innovation & IA,innovation-ia,facile,Quel terme correspond a cette definition : La puce qui identifie un abonne sur un reseau mobile ?,une carte SIM,un temps de reponse,un indicateur numerique,un marketplace,A,100,20,Il s'agit d'une carte SIM.,"innovation,glossaire"
inn-0221,Innovation & IA,innovation-ia,moyen,Quel terme correspond a cette definition : Une faiblesse d'un systeme qui peut etre exploitee par un attaquant ?,une faille de securite,la e-reputation,l'anonymisation,un retour utilisateur,A,200,25,Il s'agit d'une faille de securite.,"innovation,glossaire"
inn-0222,Innovation & IA,innovation-ia,moyen,Quel terme correspond a cette definition : Le code qui permet de retrouver une operation de paiement ?,un identifiant de transaction,un hackathon,l'innovation,la e-reputation,A,200,25,Il s'agit d'un identifiant de transaction.,"innovation,glossaire"
inn-0223,Innovation & IA,innovation-ia,challenge,Dans quel domaine Ray Tomlinson a-t-il ou a-t-elle laisse sa marque ?,L'electronique,L'imprimerie,La programmation,Internet,D,300,30,Ray Tomlinson a marque ce domaine : Internet.,"innovation,histoire"
inn-0224,Innovation & IA,innovation-ia,moyen,Quel terme correspond a cette definition : L'ecart entre ceux qui ont acces au numerique et ceux qui en sont prives ?,la fracture numerique,un avis client en ligne,une application web,un taux de disponibilite,A,200,25,Il s'agit de la fracture numerique.,"innovation,glossaire"
inn-0225,Innovation & IA,innovation-ia,moyen,"Quel professionnel du numerique a pour mission de : Coordonner les equipes, les delais et le budget d'un projet ?",un designer d'interface,un chef de projet numerique,un monteur video,un expert en cybersecurite,B,200,25,Il s'agit d'un chef de projet numerique.,"innovation,metiers"
inn-0226,Innovation & IA,innovation-ia,facile,"Dans le monde numerique, que designe une tablette ?",Une observation de personnes reelles utilisant le produit,Un appareil externe relie a un ordinateur,La mise en oeuvre concrete d'une idee nouvelle qui apporte de la valeur,Un appareil tactile intermediaire entre le telephone et l'ordinateur,D,100,20,Une tablette : un appareil tactile intermediaire entre le telephone et l'ordinateur.,"innovation,glossaire"
inn-0227,Innovation & IA,innovation-ia,facile,Quel est le principal benefice de cette demarche : rediger une premiere version d'annonce publicitaire ?,Reduire le risque de piratage,Produire rapidement un brouillon a corriger ensuite,Etre visible en ligne rapidement,Acceder aux soins sans long deplacement,B,100,20,Le gain principal : produire rapidement un brouillon a corriger ensuite.,"innovation,usages"
inn-0228,Innovation & IA,innovation-ia,challenge,Pour quelle contribution Geoffrey Hinton est-il ou est-elle connu(e) ?,l'imprimerie a caracteres mobiles en Europe,"ELIZA, l'un des premiers agents conversationnels",les avancees majeures de l'apprentissage profond,le World Wide Web,C,300,30,Geoffrey Hinton est associe(e) a les avancees majeures de l'apprentissage profond.,"innovation,histoire"
inn-0229,Innovation & IA,innovation-ia,facile,"Dans le monde numerique, que designe un hashtag ?",La demande enregistree d'un utilisateur aupres du support,La transformation d'un texte en parole audible,Un evenement court ou des equipes concoivent une solution numerique,Un mot-cle precede d'un diese servant a classer les publications,D,100,20,Un hashtag : un mot-cle precede d'un diese servant a classer les publications.,"innovation,glossaire"
inn-0230,Innovation & IA,innovation-ia,facile,Quel est le principal benefice de cette demarche : encaisser un client qui n'a pas d'argent liquide ?,Ne pas perdre la vente et garder une trace,Rassurer le client et augmenter les reservations,Limiter les pertes financieres,Acceder aux soins sans long deplacement,A,100,20,Le gain principal : ne pas perdre la vente et garder une trace.,"innovation,usages"
inn-0231,Innovation & IA,innovation-ia,moyen,Quel terme correspond a cette definition : Une version d'essai diffusee avant la sortie officielle ?,l'historique de navigation,un programme de fidelite numerique,une version beta,un code a usage unique,C,200,25,Il s'agit d'une version beta.,"innovation,glossaire"
inn-0232,Innovation & IA,innovation-ia,facile,Quel terme correspond a cette definition : La personne qui se sert d'un produit ou d'un service numerique ?,un utilisateur,l'automatisation des taches administratives,une sauvegarde,un commentaire,A,100,20,Il s'agit d'un utilisateur.,"innovation,glossaire"
inn-0233,Innovation & IA,innovation-ia,facile,"Dans le monde numerique, que designe un partage ?",Un contenu diffuse sur un reseau social ou un site,Une proposition de prix transmise par un canal numerique,La personne qui se sert d'un produit ou d'un service numerique,La rediffusion d'un contenu vers son propre reseau,D,100,20,Un partage : la rediffusion d'un contenu vers son propre reseau.,"innovation,glossaire"
inn-0234,Innovation & IA,innovation-ia,moyen,Quelle est la mission principale d'un specialiste du referencement ?,Concevoir et entrainer des modeles d'IA,Ameliorer la visibilite d'un site dans les moteurs de recherche,Former les equipes a l'usage des outils digitaux,Produire des contenus ecrits pour internet,B,200,25,Un specialiste du referencement : ameliorer la visibilite d'un site dans les moteurs de recherche.,"innovation,metiers"
inn-0235,Innovation & IA,innovation-ia,challenge,Quel terme correspond a cette definition : Le fait de dupliquer un equipement ou une donnee pour eviter une interruption ?,la verification des sources,la redondance,un hackathon,un fichier,B,300,30,Il s'agit de la redondance.,"innovation,glossaire"
inn-0236,Innovation & IA,innovation-ia,facile,Quel terme correspond a cette definition : La diffusion volontaire d'informations fausses sur internet ?,la desinformation en ligne,l'intelligence artificielle,un ticket d'assistance,un test de charge,A,100,20,Il s'agit de la desinformation en ligne.,"innovation,glossaire"
inn-0237,Innovation & IA,innovation-ia,facile,Comment reagir face a une video suspecte partagee sur les reseaux ?,Verifier la source et croiser avec des medias fiables avant de partager,La croire sans reflechir,L'utiliser comme preuve officielle,La partager immediatement,A,100,20,La verification limite la propagation de fausses informations.,"innovation,comprehension"
inn-0238,Innovation & IA,innovation-ia,moyen,Quel est le principal benefice de cette demarche : accepter des paiements depuis l'etranger ?,Reduire les erreurs et le temps de saisie,Aider le client a se projeter et reduire les retours,Eviter des deplacements inutiles au client,Servir la diaspora et les clients internationaux,D,200,25,Le gain principal : servir la diaspora et les clients internationaux.,"innovation,usages"
inn-0239,Innovation & IA,innovation-ia,moyen,Quel service a fait de l'Afrique de l'Est un pionnier mondial du paiement mobile ?,Le telegramme,M-Pesa,Le minitel,Le fax,B,200,25,M-Pesa a ete lance au Kenya en 2007.,"innovation,afrique"
inn-0240,Innovation & IA,innovation-ia,challenge,"Dans le monde numerique, que designe un rancongiciel ?",L'espace personnel cree pour acceder a un service en ligne,Un logiciel malveillant qui bloque les donnees et reclame une rancon,Un dispositif qui recompense les achats repetes via une application,Le traitement de volumes de donnees trop importants pour les outils classiques,B,300,30,Un rancongiciel : un logiciel malveillant qui bloque les donnees et reclame une rancon.,"innovation,glossaire"
inn-0241,Innovation & IA,innovation-ia,moyen,Quel evenement rassemble regulierement les acteurs du numerique africain autour de projets courts ?,Une assemblee generale d'actionnaires,Un hackathon,Un conseil des ministres,Un match de football,B,200,25,Le hackathon fait emerger des prototypes en quelques jours.,"innovation,afrique"
inn-0242,Innovation & IA,innovation-ia,moyen,Quelle est la mission principale d'un electronicien ?,Ameliorer la visibilite d'un site dans les moteurs de recherche,Concevoir et reparer des circuits et appareils electroniques,Concevoir l'apparence et l'ergonomie des ecrans,Assister les utilisateurs a distance,B,200,25,Un electronicien : concevoir et reparer des circuits et appareils electroniques.,"innovation,metiers"
inn-0243,Innovation & IA,innovation-ia,facile,Quel professionnel du numerique a pour mission de : Creer des applications destinees aux telephones ?,un analyste de donnees,un consultant en transformation digitale,un developpeur mobile,un product owner,C,100,20,Il s'agit d'un developpeur mobile.,"innovation,metiers"
inn-0244,Innovation & IA,innovation-ia,facile,"Dans le monde numerique, que designe l'e-learning ?",La formation a distance via des supports numeriques,Une offre de base gratuite completee par des options payantes,Un logiciel qui organise des donnees en lignes et colonnes et effectue des calculs,L'identification d'une personne par une caracteristique physique unique,A,100,20,L'e-learning : la formation a distance via des supports numeriques.,"innovation,glossaire"
inn-0245,Innovation & IA,innovation-ia,moyen,Comment mesurer si une innovation apporte reellement de la valeur a une entreprise ?,En comptant le nombre d'ecrans,En comparant les gains obtenus au cout total de sa mise en oeuvre,En comptant les articles de presse,En comptant les reunions organisees,B,200,25,La valeur se mesure en gains nets.,"innovation,comprehension"
inn-0246,Innovation & IA,innovation-ia,moyen,Que faut-il faire dans cette situation : une application demande l'acces a tous vos contacts sans raison ?,Chiffrer les mots de passe et securiser la base de donnees,Activer un code ou un verrouillage biometrique,Refuser l'autorisation inutile,Ne jamais communiquer son code et supprimer le message,C,200,25,Bonne pratique : refuser l'autorisation inutile.,"innovation,cybersecurite"
inn-0247,Innovation & IA,innovation-ia,moyen,Quel terme correspond a cette definition : Une machine qui fabrique un objet en deposant de la matiere couche par couche ?,un filtre anti-spam,un modele de langage,un cookie,une imprimante 3D,D,200,25,Il s'agit d'une imprimante 3D.,"innovation,glossaire"
inn-0248,Innovation & IA,innovation-ia,facile,Quelle est la mission principale d'un developpeur mobile ?,Concevoir et programmer des sites et applications en ligne,Creer des applications destinees aux telephones,Maintenir les serveurs et les infrastructures informatiques,Assembler et retoucher des sequences video,B,100,20,Un developpeur mobile : creer des applications destinees aux telephones.,"innovation,metiers"
inn-0249,Innovation & IA,innovation-ia,moyen,Quel outil numerique permet de : Construire un site ou une application sans programmer ?,un outil d'analyse d'audience,un traitement de texte,une plateforme de formation en ligne,un outil no-code,D,200,25,Il s'agit d'un outil no-code.,"innovation,outils"
inn-0250,Innovation & IA,innovation-ia,moyen,Quel professionnel du numerique a pour mission de : Concevoir et reparer des circuits et appareils electroniques ?,un developpeur mobile,un electronicien,un consultant en transformation digitale,un administrateur systeme,B,200,25,Il s'agit d'un electronicien.,"innovation,metiers"
inn-0251,Innovation & IA,innovation-ia,moyen,Une entreprise veut automatiser ses relances de factures impayees. Quelle approche ?,Renoncer aux creances,Attendre que les clients paient spontanement,Programmer des rappels automatiques a partir de son outil de gestion,Appeler chaque client au hasard,C,200,25,L'automatisation des relances ameliore la tresorerie.,"innovation,mise-en-situation"
inn-0252,Innovation & IA,innovation-ia,challenge,Pour quelle contribution Grace Hopper est-il ou est-elle connu(e) ?,les premiers travaux sur les compilateurs,le circuit integre,les avancees majeures de l'apprentissage profond,l'imprimerie a caracteres mobiles en Europe,A,300,30,Grace Hopper est associe(e) a les premiers travaux sur les compilateurs.,"innovation,histoire"
inn-0253,Innovation & IA,innovation-ia,facile,Quel outil numerique permet de : Echanger des messages en temps reel ?,une application de messagerie instantanee,un gestionnaire de mots de passe,une messagerie electronique,un outil de gestion de stock,A,100,20,Il s'agit d'une application de messagerie instantanee.,"innovation,outils"
inn-0254,Innovation & IA,innovation-ia,facile,A quelle categorie d'outils appartient une plateforme de visioconference ?,La gestion,La communication,La bureautique,L'organisation,B,100,20,Une plateforme de visioconference appartient a cette categorie : la communication.,"innovation,outils"
inn-0255,Innovation & IA,innovation-ia,moyen,De quel pays Wave est-il ou est-elle originaire ?,le Senegal,le Nigeria,le Cameroun,l'Afrique du Sud,A,200,25,Wave vient de ce pays : le Senegal.,"innovation,afrique"
inn-0256,Innovation & IA,innovation-ia,moyen,Quel terme correspond a cette definition : Un evenement court ou des equipes concoivent une solution numerique ?,un hackathon,l'innovation de rupture,la verification des sources,un tunnel de conversion,A,200,25,Il s'agit d'un hackathon.,"innovation,glossaire"
inn-0257,Innovation & IA,innovation-ia,challenge,Quelle est l'activite principale de Diool ?,La livraison medicale par drone,Les paiements marchands et le mobile money,Les paiements en ligne pour commercants,Le transfert d'argent mobile a bas cout,B,300,30,Diool : les paiements marchands et le mobile money (le Cameroun).,"innovation,afrique"
inn-0258,Innovation & IA,innovation-ia,moyen,A quel besoin repond principalement cette solution : Un outil d'automatisation des taches ?,Trier automatiquement les commandes recues par messagerie,Accepter des paiements depuis l'etranger,Eviter de perdre du temps a compter le stock a la main,Repondre automatiquement aux questions frequentes des clients,A,200,25,Un outil d'automatisation des taches sert notamment a trier automatiquement les commandes recues par messagerie.,"innovation,usages"
inn-0259,Innovation & IA,innovation-ia,moyen,Pour quelle contribution Tim Berners-Lee est-il ou est-elle connu(e) ?,la vaccination moderne et la pasteurisation,la telegraphie sans fil,le premier vol motorise controle,le World Wide Web,D,200,25,Tim Berners-Lee est associe(e) a le World Wide Web.,"innovation,histoire"
inn-0260,Innovation & IA,innovation-ia,moyen,Peut-on utiliser une image generee par IA sans aucune precaution commerciale ?,"Non, il faut verifier les conditions d'utilisation et les droits applicables","Oui, si personne ne le remarque","Oui, les images IA n'ont jamais de regles","Oui, tout est toujours libre de droits",A,200,25,Les conditions d'utilisation varient selon les outils.,"innovation,comprehension"
inn-0261,Innovation & IA,innovation-ia,challenge,Quelle est l'activite principale de Andela ?,La formation et le placement de developpeurs,La conception de drones civils,Le transport a moto securise,La distribution de produits agricoles,A,300,30,Andela : la formation et le placement de developpeurs (le Nigeria).,"innovation,afrique"
inn-0262,Innovation & IA,innovation-ia,facile,Quel terme correspond a cette definition : Un format de document qui conserve la mise en page a l'identique ?,une politique de confidentialite,l'interface,un PDF,un virus informatique,C,100,20,Il s'agit d'un PDF.,"innovation,glossaire"
inn-0263,Innovation & IA,innovation-ia,moyen,"Dans le monde numerique, que designe un mode hors ligne ?",Une nouvelle facon d'utiliser une technologie existante,Un paiement recurrent donnant acces a un service en ligne,Un fichier consultable et modifiable a plusieurs en ligne,La possibilite d'utiliser un service sans connexion internet,D,200,25,Un mode hors ligne : la possibilite d'utiliser un service sans connexion internet.,"innovation,glossaire"
inn-0264,Innovation & IA,innovation-ia,facile,Quelle est l'activite principale de Orange Money ?,L'intelligence artificielle appliquee aux entreprises,Le paiement et le transfert par telephone,Le transport a moto securise,Le transfert d'argent mobile a bas cout,B,100,20,Orange Money : le paiement et le transfert par telephone (le Cameroun).,"innovation,afrique"
inn-0265,Innovation & IA,innovation-ia,challenge,Quel terme correspond a cette definition : La memoire de travail temporaire d'un appareil ?,la synthese vocale,la memoire vive,un code QR,un ecran tactile,B,300,30,Il s'agit de la memoire vive.,"innovation,glossaire"
inn-0266,Innovation & IA,innovation-ia,moyen,Quel terme correspond a cette definition : La surveillance organisee des evolutions techniques d'un secteur ?,la veille technologique,l'IA responsable,un correcteur automatique,une mise a jour,A,200,25,Il s'agit de la veille technologique.,"innovation,glossaire"
inn-0267,Innovation & IA,innovation-ia,moyen,"Dans le monde numerique, que designe un capteur ?","Un logiciel dont le code peut etre utilise, modifie et partage librement",La copie virtuelle d'un objet ou d'un processus reel,Un composant qui mesure une grandeur physique et la transmet,Le service qui stocke un site et le rend accessible en ligne,C,200,25,Un capteur : un composant qui mesure une grandeur physique et la transmet.,"innovation,glossaire"
inn-0268,Innovation & IA,innovation-ia,challenge,Quel terme correspond a cette definition : Une approche qui limite les effets negatifs sociaux et ecologiques du numerique ?,un code QR,le numerique responsable,l'innovation frugale,une adresse IP,B,300,30,Il s'agit du numerique responsable.,"innovation,glossaire"
inn-0269,Innovation & IA,innovation-ia,moyen,Quel service correspond a cette activite : Le developpement de jeux video ?,Wave,Kiro'o Games,Paystack,Twiga Foods,B,200,25,Kiro'o Games correspond a cette activite.,"innovation,afrique"
inn-0270,Innovation & IA,innovation-ia,facile,Quel est le principal benefice de cette demarche : reduire les erreurs de calcul dans les devis ?,Reduire fortement le risque de fraude,Fiabiliser les chiffres transmis aux clients,Gagner du temps et limiter les erreurs,Produire rapidement un brouillon a corriger ensuite,B,100,20,Le gain principal : fiabiliser les chiffres transmis aux clients.,"innovation,usages"
inn-0271,Innovation & IA,innovation-ia,facile,Quelle est la mission principale d'un community manager ?,Concevoir et entrainer des modeles d'IA,Animer la presence d'une marque sur les reseaux sociaux,Former les equipes a l'usage des outils digitaux,Creer des applications destinees aux telephones,B,100,20,Un community manager : animer la presence d'une marque sur les reseaux sociaux.,"innovation,metiers"
inn-0272,Innovation & IA,innovation-ia,moyen,Pourquoi de nombreuses innovations echouent-elles malgre une bonne technologie ?,Parce qu'elles ne repondent pas a un besoin reel ou ne sont pas adoptees,Parce que la technologie est toujours mauvaise,Parce que les clients sont trop nombreux,Parce que le prix est toujours trop bas,A,200,25,L'adoption par les utilisateurs decide du succes.,"innovation,comprehension"
inn-0273,Innovation & IA,innovation-ia,moyen,Quel terme correspond a cette definition : Une reponse inventee par l'IA mais presentee comme vraie ?,une hallucination d'IA,l'anonymisation,la telemedecine,un systeme d'exploitation,A,200,25,Il s'agit d'une hallucination d'IA.,"innovation,glossaire"
inn-0274,Innovation & IA,innovation-ia,moyen,Quel terme correspond a cette definition : L'appareil qui distribue la connexion internet dans un local ?,la double authentification,un routeur,une place de marche en ligne,un code-barres,B,200,25,Il s'agit d'un routeur.,"innovation,glossaire"
inn-0275,Innovation & IA,innovation-ia,moyen,Quel terme correspond a cette definition : Un code qui distingue un element de tous les autres dans un systeme ?,un pixel de suivi,l'e-learning,un identifiant unique,un retour utilisateur,C,200,25,Il s'agit d'un identifiant unique.,"innovation,glossaire"
inn-0276,Innovation & IA,innovation-ia,facile,Une IA peut-elle se tromper ?,"Non, elle est infaillible","Non, elle refuse de repondre en cas de doute","Non, elle verifie toujours ses sources","Oui, elle peut produire des reponses fausses avec assurance",D,100,20,Les erreurs d'IA sont frequentes : il faut verifier.,"innovation,comprehension"
inn-0277,Innovation & IA,innovation-ia,challenge,Quelle machine est consideree comme l'un des premiers ordinateurs electroniques ?,L'ENIAC,Le Commodore 64,Le Raspberry Pi,Le Macintosh,A,300,30,L'ENIAC date des annees 1940.,"innovation,histoire"
inn-0278,Innovation & IA,innovation-ia,moyen,"Dans le monde numerique, que designe l'hebergement web ?",La creation d'images nouvelles par un modele d'intelligence artificielle,Une suite d'instructions permettant de resoudre un probleme ou d'accomplir une tache,L'espace personnel cree pour acceder a un service en ligne,Le service qui stocke un site et le rend accessible en ligne,D,200,25,L'hebergement web : le service qui stocke un site et le rend accessible en ligne.,"innovation,glossaire"
inn-0279,Innovation & IA,innovation-ia,moyen,"Dans le monde numerique, que designe une fuite de donnees ?",Le parcours qui mene un visiteur en ligne jusqu'a l'achat,Le composant specialise dans le traitement des images,La divulgation non autorisee d'informations detenues par une organisation,Une suite de caracteres donnant droit a une reduction en ligne,C,200,25,Une fuite de donnees : la divulgation non autorisee d'informations detenues par une organisation.,"innovation,glossaire"
inn-0280,Innovation & IA,innovation-ia,facile,A quelle categorie d'outils appartient un tableur ?,La formation,L'intelligence artificielle,La bureautique,La mesure,C,100,20,Un tableur appartient a cette categorie : la bureautique.,"innovation,outils"
inn-0281,Innovation & IA,innovation-ia,challenge,Pour quelle contribution Yann LeCun est-il ou est-elle connu(e) ?,la telegraphie sans fil,les avancees majeures de l'apprentissage profond,les reseaux de neurones convolutifs pour l'image,les protocoles de communication d'internet,C,300,30,Yann LeCun est associe(e) a les reseaux de neurones convolutifs pour l'image.,"innovation,histoire"
inn-0282,Innovation & IA,innovation-ia,moyen,Que designe un usage responsable de l'intelligence artificielle ?,Confier toutes les decisions a la machine,Utiliser l'IA sans jamais reflechir,Utiliser l'IA en verifiant ses resultats et en respectant les personnes et la loi,Cacher qu'on utilise une IA en toute circonstance,C,200,25,La supervision humaine est au coeur de l'IA responsable.,"innovation,comprehension"
inn-0283,Innovation & IA,innovation-ia,moyen,Quel terme correspond a cette definition : L'estimation d'une valeur future a partir de donnees passees ?,une publication,un nom de domaine,la prediction,un profil utilisateur,C,200,25,Il s'agit de la prediction.,"innovation,glossaire"
inn-0284,Innovation & IA,innovation-ia,moyen,"Dans le monde numerique, que designe un remboursement en ligne ?",Le retour d'une somme au client via un canal numerique,Le volume d'internet mobile inclus dans un abonnement,Une approche qui limite les effets negatifs sociaux et ecologiques du numerique,Une offre de base gratuite completee par des options payantes,A,200,25,Un remboursement en ligne : le retour d'une somme au client via un canal numerique.,"innovation,glossaire"
inn-0285,Innovation & IA,innovation-ia,moyen,"Dans le monde numerique, que designe la realite virtuelle ?",Une technologie qui plonge l'utilisateur dans un environnement entierement simule,Le traitement automatique de tache repetitives comme la saisie ou les relances,Un ecran qui rassemble les indicateurs cles d'une activite,"Un logiciel dont le code peut etre utilise, modifie et partage librement",A,200,25,La realite virtuelle : une technologie qui plonge l'utilisateur dans un environnement entierement simule.,"innovation,glossaire"
inn-0286,Innovation & IA,innovation-ia,moyen,Pour quelle contribution Arthur Zang est-il ou est-elle connu(e) ?,le premier algorithme destine a une machine,"le Cardiopad, tablette d'examen cardiaque",les protocoles de communication d'internet,l'expression intelligence artificielle,B,200,25,"Arthur Zang est associe(e) a le Cardiopad, tablette d'examen cardiaque.","innovation,histoire"
inn-0287,Innovation & IA,innovation-ia,facile,A quel besoin repond principalement cette solution : Un tableur avec formules automatiques ?,Recommander des produits complementaires a un acheteur en ligne,Trier automatiquement les commandes recues par messagerie,Reduire les erreurs de calcul dans les devis,Reduire le temps d'attente au guichet,C,100,20,Un tableur avec formules automatiques sert notamment a reduire les erreurs de calcul dans les devis.,"innovation,usages"
inn-0288,Innovation & IA,innovation-ia,moyen,Quelle est l'activite principale de Zipline ?,Les paiements en ligne pour commercants,La livraison medicale par drone,La formation et le placement de developpeurs,Le transfert d'argent mobile a bas cout,B,200,25,Zipline : la livraison medicale par drone (le Rwanda).,"innovation,afrique"
inn-0289,Innovation & IA,innovation-ia,moyen,Dans quel domaine Alan Turing a-t-il ou a-t-elle laisse sa marque ?,L'electronique,La programmation,Les transports,L'informatique,D,200,25,Alan Turing a marque ce domaine : L'informatique.,"innovation,histoire"
inn-0290,Innovation & IA,innovation-ia,challenge,Quelle est l'activite principale de SafeMotos ?,Le transfert d'argent par telephone,Le suivi de la sante maternelle par mobile,La formation et le placement de developpeurs,Le transport a moto securise,D,300,30,SafeMotos : le transport a moto securise (le Rwanda).,"innovation,afrique"
inn-0291,Innovation & IA,innovation-ia,moyen,Dans quel domaine Ada Lovelace a-t-il ou a-t-elle laisse sa marque ?,La programmation,L'electronique,Internet,L'energie,A,200,25,Ada Lovelace a marque ce domaine : La programmation.,"innovation,histoire"
inn-0292,Innovation & IA,innovation-ia,challenge,Dans quel domaine Vint Cerf a-t-il ou a-t-elle laisse sa marque ?,La programmation,L'energie,Internet,La sante,C,300,30,Vint Cerf a marque ce domaine : Internet.,"innovation,histoire"
inn-0293,Innovation & IA,innovation-ia,moyen,"Dans le monde numerique, que designe un prototype numerique ?",Une premiere version testable d'un service numerique,Un message d'information envoye regulierement a une liste d'abonnes,Le traitement de volumes de donnees trop importants pour les outils classiques,Un outil qui detecte et corrige les fautes dans un texte,A,200,25,Un prototype numerique : une premiere version testable d'un service numerique.,"innovation,glossaire"
inn-0294,Innovation & IA,innovation-ia,challenge,A quel besoin repond principalement cette solution : La realite augmentee ?,Travailler a plusieurs sur le meme document,Montrer un meuble dans le salon du client avant l'achat,Creer un site vitrine sans savoir programmer,Classer automatiquement des milliers de photos de produits,B,300,30,La realite augmentee sert notamment a montrer un meuble dans le salon du client avant l'achat.,"innovation,usages"
inn-0295,Innovation & IA,innovation-ia,facile,A quel besoin repond principalement cette solution : Une presence sur les reseaux sociaux locaux ?,Faire connaitre une boutique aupres des habitants du quartier,Vendre a des clients situes dans une autre ville,Surveiller l'humidite d'un champ pour declencher l'irrigation,Faire signer un contrat a distance,A,100,20,Une presence sur les reseaux sociaux locaux sert notamment a faire connaitre une boutique aupres des habitants du quartier.,"innovation,usages"
inn-0296,Innovation & IA,innovation-ia,moyen,Quel professionnel du numerique a pour mission de : Maintenir les serveurs et les infrastructures informatiques ?,un data scientist,un administrateur systeme,un specialiste du referencement,un ingenieur en intelligence artificielle,B,200,25,Il s'agit d'un administrateur systeme.,"innovation,metiers"
inn-0297,Innovation & IA,innovation-ia,facile,Quel est le principal benefice de cette demarche : eviter que la caisse ne soit fausse en fin de journee ?,Suivre chaque vente et fiabiliser les comptes,Traiter un grand volume sans travail manuel,Servir la diaspora et les clients internationaux,Aider le client a se projeter et reduire les retours,A,100,20,Le gain principal : suivre chaque vente et fiabiliser les comptes.,"innovation,usages"
inn-0298,Innovation & IA,innovation-ia,facile,Quel terme correspond a cette definition : La page qui presente une personne ou une entreprise sur une plateforme ?,un fichier,un identifiant,un ordinateur portable,un profil en ligne,D,100,20,Il s'agit d'un profil en ligne.,"innovation,glossaire"
inn-0299,Innovation & IA,innovation-ia,moyen,"Dans le monde numerique, que designe le deepfake ?",Un commentaire public laisse par un acheteur sur un produit ou un service,Le code qui permet de retrouver une operation de paiement,Un contenu video ou audio truque de facon realiste par intelligence artificielle,La liste des pages consultees par un utilisateur,C,200,25,Le deepfake : un contenu video ou audio truque de facon realiste par intelligence artificielle.,"innovation,glossaire"
inn-0300,Innovation & IA,innovation-ia,moyen,Pour quelle contribution Alexander Fleming est-il ou est-elle connu(e) ?,les protocoles de communication d'internet,l'expression intelligence artificielle,l'usage du symbole arobase dans les adresses e-mail,la penicilline,D,200,25,Alexander Fleming est associe(e) a la penicilline.,"innovation,histoire"
inn-0301,Innovation & IA,innovation-ia,moyen,Quel terme correspond a cette definition : Un titre qui protege une invention technique pendant une duree limitee ?,un brevet d'invention,la publicite ciblee,un PDF,une base de donnees,A,200,25,Il s'agit d'un brevet d'invention.,"innovation,glossaire"
inn-0302,Innovation & IA,innovation-ia,moyen,Quel terme correspond a cette definition : Le stockage et le traitement de donnees sur des serveurs accessibles par internet ?,une application mobile,un contrat de maintenance,le cloud,un tutoriel,C,200,25,Il s'agit du cloud.,"innovation,glossaire"
inn-0303,Innovation & IA,innovation-ia,moyen,Quel usage de l'IA reste deconseille sans verification humaine ?,La creation d'un brouillon de publication,La generation d'idees de brainstorming,La production de documents juridiques ou medicaux engageants,La reformulation d'un texte interne,C,200,25,"Plus l'enjeu est fort, plus la supervision est necessaire.","innovation,comprehension"
inn-0304,Innovation & IA,innovation-ia,facile,Quel est le principal benefice de cette demarche : traduire une fiche produit en anglais pour la vendre au Nigeria ?,Reduire le risque de piratage,Gagner du temps et toucher un nouveau marche,Toucher des clients proches a faible cout,Gagner du temps et limiter les erreurs,B,100,20,Le gain principal : gagner du temps et toucher un nouveau marche.,"innovation,usages"
inn-0305,Innovation & IA,innovation-ia,challenge,Quelle est l'activite principale de InstaDeep ?,Le suivi de la sante maternelle par mobile,La conception de drones civils,L'intelligence artificielle appliquee aux entreprises,La distribution de produits agricoles,C,300,30,InstaDeep : l'intelligence artificielle appliquee aux entreprises (la Tunisie).,"innovation,afrique"
inn-0306,Innovation & IA,innovation-ia,facile,A quoi sert principalement un assistant IA conversationnel ?,Enregistrer les operations financieres de l'entreprise,"Obtenir de l'aide pour rediger, resumer ou expliquer",Suivre les entrees et sorties de marchandises,Suivre l'avancement du travail d'une equipe,B,100,20,"Un assistant IA conversationnel sert a : obtenir de l'aide pour rediger, resumer ou expliquer.","innovation,outils"
inn-0307,Innovation & IA,innovation-ia,moyen,Quel est le principal benefice de cette demarche : eviter de ressaisir les factures a la main ?,Donner acces a l'information sans vendeur disponible,Produire des visuels corrects a faible cout,Traiter un grand volume sans travail manuel,Gagner du temps et limiter les erreurs,D,200,25,Le gain principal : gagner du temps et limiter les erreurs.,"innovation,usages"
inn-0308,Innovation & IA,innovation-ia,moyen,Quel terme correspond a cette definition : Un appareil externe relie a un ordinateur ?,un peripherique,un rancongiciel,une imprimante 3D,un videoprojecteur,A,200,25,Il s'agit d'un peripherique.,"innovation,glossaire"
inn-0309,Innovation & IA,innovation-ia,challenge,Quel terme correspond a cette definition : Le tri automatique d'elements dans des categories predefinies ?,un agent conversationnel de service client,un modele freemium,la classification automatique,une publication,C,300,30,Il s'agit de la classification automatique.,"innovation,glossaire"
inn-0310,Innovation & IA,innovation-ia,moyen,Quel terme correspond a cette definition : Une observation de personnes reelles utilisant le produit ?,un prototype numerique,un test utilisateur,un profil en ligne,un forum,B,200,25,Il s'agit d'un test utilisateur.,"innovation,glossaire"
inn-0311,Innovation & IA,innovation-ia,moyen,"Dans le monde numerique, que designe la reconnaissance faciale ?",Une suite secrete de caracteres qui protege l'acces a un compte,Une representation geographique consultable en ligne,L'identification d'une personne a partir de l'image de son visage,Le nom d'utilisateur qui permet de se connecter a un service,C,200,25,La reconnaissance faciale : l'identification d'une personne a partir de l'image de son visage.,"innovation,glossaire"
inn-0312,Innovation & IA,innovation-ia,moyen,Quel professionnel du numerique a pour mission de : Exploiter les donnees pour aider a decider ?,un administrateur systeme,un analyste de donnees,un developpeur web,un designer d'experience utilisateur,B,200,25,Il s'agit d'un analyste de donnees.,"innovation,metiers"
inn-0313,Innovation & IA,innovation-ia,facile,"Dans le monde numerique, que designe un videoprojecteur ?",La determination de la position geographique d'un appareil,La maniere dont les donnees d'un fichier sont structurees,Un appareil qui affiche une image sur un grand ecran ou un mur,L'usage de donnees et de capteurs pour optimiser les cultures,C,100,20,Un videoprojecteur : un appareil qui affiche une image sur un grand ecran ou un mur.,"innovation,glossaire"
inn-0314,Innovation & IA,innovation-ia,facile,Quel terme correspond a cette definition : Une proposition de prix transmise par un canal numerique ?,un dossier,un devis en ligne,un identifiant unique,un serveur,B,100,20,Il s'agit d'un devis en ligne.,"innovation,glossaire"
inn-0315,Innovation & IA,innovation-ia,facile,Qui est a l'origine de cette avancee : l'ampoule electrique commercialisable ?,Thomas Edison,Alexander Graham Bell,Yann LeCun,Tim Berners-Lee,A,100,20,Il s'agit de Thomas Edison.,"innovation,histoire"
inn-0316,Innovation & IA,innovation-ia,facile,A quel besoin repond principalement cette solution : Un outil de creation graphique en ligne ?,Creer un visuel de communication sans graphiste,Reduire la consommation d'electricite d'un atelier,Identifier un client sans carte grace a son empreinte,Encaisser un client qui n'a pas d'argent liquide,A,100,20,Un outil de creation graphique en ligne sert notamment a creer un visuel de communication sans graphiste.,"innovation,usages"
inn-0317,Innovation & IA,innovation-ia,challenge,De quel pays Andela est-il ou est-elle originaire ?,le Cameroun,le Nigeria,l'Algerie,le Kenya,B,300,30,Andela vient de ce pays : le Nigeria.,"innovation,afrique"
inn-0318,Innovation & IA,innovation-ia,facile,"Dans le monde numerique, que designe une notification push ?",La consultation medicale realisee a distance grace aux outils numeriques,Une technologie de cable permettant des debits internet tres eleves,Un message envoye par une application sur l'ecran du telephone,L'assistance apportee aux utilisateurs en cas de probleme,C,100,20,Une notification push : un message envoye par une application sur l'ecran du telephone.,"innovation,glossaire"
inn-0319,Innovation & IA,innovation-ia,moyen,Quel est le principal benefice de cette demarche : garder une trace ecrite de tous les echanges avec un client ?,Echanger sans frais de deplacement,Assurer la continuite du suivi commercial,Servir une clientele plus large,Reduire les erreurs et le temps de saisie,B,200,25,Le gain principal : assurer la continuite du suivi commercial.,"innovation,usages"
inn-0320,Innovation & IA,innovation-ia,facile,"Dans le monde numerique, que designe un virus informatique ?",Un petit element qui mesure le comportement des visiteurs d'un site,Un service qui trouve des pages web a partir de mots-cles,Un programme malveillant qui se propage et endommage un systeme,Le composant specialise dans le traitement des images,C,100,20,Un virus informatique : un programme malveillant qui se propage et endommage un systeme.,"innovation,glossaire"
inn-0321,Innovation & IA,innovation-ia,facile,Quel est le principal benefice de cette demarche : envoyer un rappel de rendez-vous aux clients ?,Suivre chaque vente et fiabiliser les comptes,Relancer les clients endormis au bon moment,Reduire les rendez-vous manques,Mieux dimensionner les achats et les stocks,C,100,20,Le gain principal : reduire les rendez-vous manques.,"innovation,usages"
inn-0322,Innovation & IA,innovation-ia,moyen,Une petite entreprise veut photographier de grandes parcelles agricoles rapidement. Quelle solution numerique est la plus adaptee ?,Une visioconference,Un drone,Un envoi automatique de SMS ou de notifications,Une plateforme de formation en ligne,B,200,25,"Pour photographier de grandes parcelles agricoles rapidement, un drone est la reponse la plus directe.","innovation,usages"
inn-0323,Innovation & IA,innovation-ia,challenge,"Dans le monde numerique, que designe la vision par ordinateur ?",Le tri automatique d'elements dans des categories predefinies,La capacite d'un systeme a interpreter des images,Une plateforme permettant de publier et d'echanger avec une communaute,L'ensemble des techniques qui ameliorent la visibilite d'un site dans les recherches,B,300,30,La vision par ordinateur : la capacite d'un systeme a interpreter des images.,"innovation,glossaire"
inn-0324,Innovation & IA,innovation-ia,moyen,"Dans le monde numerique, que designe un resume automatique ?",La production par une machine d'une version courte d'un texte long,La suppression des elements permettant d'identifier une personne dans un jeu de donnees,L'organisation prevue pour maintenir l'activite malgre un incident,Le partage de la connexion internet d'un telephone avec d'autres appareils,A,200,25,Un resume automatique : la production par une machine d'une version courte d'un texte long.,"innovation,glossaire"
inn-0325,Innovation & IA,innovation-ia,facile,Quel terme correspond a cette definition : Une technologie de connexion a internet sans fil sur une courte distance ?,un biais algorithmique,le wifi,la transformation digitale,un compte utilisateur,B,100,20,Il s'agit du wifi.,"innovation,glossaire"
inn-0326,Innovation & IA,innovation-ia,facile,Quel terme correspond a cette definition : L'espace qui rassemble les produits selectionnes avant le paiement ?,un panier d'achat,un service de livraison connecte,un scanner,un dossier,A,100,20,Il s'agit d'un panier d'achat.,"innovation,glossaire"
inn-0327,Innovation & IA,innovation-ia,facile,Quel outil numerique permet de : Detecter et neutraliser les logiciels malveillants ?,une application de messagerie instantanee,un scanner de documents sur telephone,un VPN,un antivirus,D,100,20,Il s'agit d'un antivirus.,"innovation,outils"
inn-0328,Innovation & IA,innovation-ia,moyen,"Dans le monde numerique, que designe une application web ?","Un service utilisable directement depuis un navigateur, sans installation",Un ensemble d'informations organisees pour etre retrouvees facilement,Le fait de quitter un site sans finaliser sa commande,La transformation automatique de la parole en texte,A,200,25,"Une application web : un service utilisable directement depuis un navigateur, sans installation.","innovation,glossaire"
inn-0329,Innovation & IA,innovation-ia,facile,Quel avantage le mobile money apporte-t-il a un commercant de quartier ?,Eviter de servir les clients,Encaisser sans especes et garder une trace de ses ventes,Garantir un benefice,Supprimer ses fournisseurs,B,100,20,Il securise et trace les encaissements.,"innovation,afrique"
inn-0330,Innovation & IA,innovation-ia,facile,"Dans le monde numerique, que designe un moteur de traduction ?",Le document decrivant precisement les fonctions attendues d'un outil,Une mesure chiffree du fonctionnement d'un service en ligne,Une innovation qui bouleverse un marche et remplace les solutions existantes,Un systeme qui convertit automatiquement un texte d'une langue a une autre,D,100,20,Un moteur de traduction : un systeme qui convertit automatiquement un texte d'une langue a une autre.,"innovation,glossaire"
inn-0331,Innovation & IA,innovation-ia,challenge,Que faut-il faire dans cette situation : vous jetez un ancien ordinateur sans effacer son disque ?,Interdire cette pratique et n'installer que des logiciels legitimes,Eviter les operations sensibles sur un reseau public non securise,Effacer securise le disque avant de vous en separer,Desactiver immediatement ses comptes et acces,C,300,30,Bonne pratique : effacer securise le disque avant de vous en separer.,"innovation,cybersecurite"
inn-0332,Innovation & IA,innovation-ia,moyen,Qui est a l'origine de cette avancee : le World Wide Web ?,Vint Cerf,Johannes Gutenberg,Tim Berners-Lee,Ray Tomlinson,C,200,25,Il s'agit de Tim Berners-Lee.,"innovation,histoire"
inn-0333,Innovation & IA,innovation-ia,facile,Quel terme correspond a cette definition : Le delai entre la demande d'un utilisateur et la reponse recue ?,un temps de reponse,une documentation utilisateur,un indicateur numerique,la classification automatique,A,100,20,Il s'agit d'un temps de reponse.,"innovation,glossaire"
inn-0334,Innovation & IA,innovation-ia,facile,Pour quelle contribution Thomas Edison est-il ou est-elle connu(e) ?,le World Wide Web,l'ampoule electrique commercialisable,le test de Turing et les bases de l'informatique moderne,les premiers ordinateurs Apple,B,100,20,Thomas Edison est associe(e) a l'ampoule electrique commercialisable.,"innovation,histoire"
inn-0335,Innovation & IA,innovation-ia,moyen,"Dans le monde numerique, que designe une politique de confidentialite ?",Le document expliquant comment un service traite les donnees personnelles,Une application qui organise et suit les livraisons en temps reel,Un logiciel malveillant qui bloque les donnees et reclame une rancon,L'estimation d'une valeur future a partir de donnees passees,A,200,25,Une politique de confidentialite : le document expliquant comment un service traite les donnees personnelles.,"innovation,glossaire"
inn-0336,Innovation & IA,innovation-ia,challenge,Quel terme correspond a cette definition : Une innovation qui obtient un resultat utile avec des moyens tres limites ?,un code QR,un panier d'achat,un site frauduleux,l'innovation frugale,D,300,30,Il s'agit de l'innovation frugale.,"innovation,glossaire"
inn-0337,Innovation & IA,innovation-ia,moyen,Quel terme correspond a cette definition : Une tentative de vol d'informations en se faisant passer pour un organisme de confiance ?,le phishing,le wifi,un logiciel de caisse,la numerisation,A,200,25,Il s'agit du phishing.,"innovation,glossaire"
inn-0338,Innovation & IA,innovation-ia,moyen,Quel terme correspond a cette definition : Un ecran qui rassemble les indicateurs cles d'une activite ?,un tableau de bord numerique,un paiement fractionne,une base de donnees,l'interface,A,200,25,Il s'agit d'un tableau de bord numerique.,"innovation,glossaire"
inn-0339,Innovation & IA,innovation-ia,moyen,"Dans le monde numerique, que designe une imprimante 3D ?","Un aeronef sans pilote a bord, pilote a distance ou automatiquement",Une machine qui fabrique un objet en deposant de la matiere couche par couche,Un commentaire public laisse par un acheteur sur un produit ou un service,Un logiciel qui organise des donnees en lignes et colonnes et effectue des calculs,B,200,25,Une imprimante 3D : une machine qui fabrique un objet en deposant de la matiere couche par couche.,"innovation,glossaire"
inn-0340,Innovation & IA,innovation-ia,challenge,Quel terme correspond a cette definition : La prise de decisions fondee sur des chiffres mesures plutot que sur l'intuition ?,le pilotage par la donnee,l'informatique en periphérie,un cahier des charges numerique,un algorithme,A,300,30,Il s'agit du pilotage par la donnee.,"innovation,glossaire"
inn-0341,Innovation & IA,innovation-ia,moyen,Quel est le principal benefice de cette demarche : fabriquer une piece de rechange unique rapidement ?,Augmenter le panier moyen,Rassurer le client et augmenter les reservations,Reduire les erreurs et le temps de saisie,Produire a l'unite sans outillage industriel,D,200,25,Le gain principal : produire a l'unite sans outillage industriel.,"innovation,usages"
inn-0342,Innovation & IA,innovation-ia,facile,Quel est le principal benefice de cette demarche : permettre a un client de retrouver une fiche produit en magasin ?,Produire des visuels corrects a faible cout,Donner acces a l'information sans vendeur disponible,Fiabiliser les chiffres transmis aux clients,Observer l'etat des cultures sans se deplacer partout,B,100,20,Le gain principal : donner acces a l'information sans vendeur disponible.,"innovation,usages"
inn-0343,Innovation & IA,innovation-ia,moyen,A quel besoin repond principalement cette solution : Un drone ?,Photographier de grandes parcelles agricoles rapidement,Traduire une fiche produit en anglais pour la vendre au Nigeria,Reduire les erreurs de calcul dans les devis,Rediger une premiere version d'annonce publicitaire,A,200,25,Un drone sert notamment a photographier de grandes parcelles agricoles rapidement.,"innovation,usages"
inn-0344,Innovation & IA,innovation-ia,facile,A quel besoin repond principalement cette solution : Un agenda partage en ligne ?,Gerer les plannings d'une equipe dispersee,Eviter que la caisse ne soit fausse en fin de journee,Fabriquer une piece de rechange unique rapidement,Travailler a plusieurs sur le meme document,A,100,20,Un agenda partage en ligne sert notamment a gerer les plannings d'une equipe dispersee.,"innovation,usages"
inn-0345,Innovation & IA,innovation-ia,facile,Une petite entreprise veut permettre a un client de retrouver une fiche produit en magasin. Quelle solution numerique est la plus adaptee ?,Une newsletter ou une liste de diffusion,Un code QR imprime sur l'etiquette,La geolocalisation via une application,Un logiciel de caisse,B,100,20,"Pour permettre a un client de retrouver une fiche produit en magasin, un code qr imprime sur l'etiquette est la reponse la plus directe.","innovation,usages"
inn-0346,Innovation & IA,innovation-ia,moyen,De quel pays Kiro'o Games est-il ou est-elle originaire ?,le Kenya,le Cameroun,la Tunisie,l'Algerie,B,200,25,Kiro'o Games vient de ce pays : le Cameroun.,"innovation,afrique"
inn-0347,Innovation & IA,innovation-ia,challenge,Quel est le principal benefice de cette demarche : detecter une transaction bancaire anormale ?,Communiquer a grande echelle a faible cout,Limiter les pertes financieres,Decider a partir de chiffres reels,Gagner du temps et limiter les erreurs,B,300,30,Le gain principal : limiter les pertes financieres.,"innovation,usages"
inn-0348,Innovation & IA,innovation-ia,challenge,"Dans le monde numerique, que designe un test de charge ?",Une premiere version testable d'un service numerique,La transformation de donnees en un format illisible sans la cle appropriee,Une verification du comportement d'un service face a un grand nombre d'utilisateurs,Une machine programmable capable d'executer des taches physiques,C,300,30,Un test de charge : une verification du comportement d'un service face a un grand nombre d'utilisateurs.,"innovation,glossaire"
inn-0349,Innovation & IA,innovation-ia,moyen,Quel terme correspond a cette definition : Un dispositif qui recompense les achats repetes via une application ?,le pilotage par la donnee,un programme de fidelite numerique,la maintenance,un chatbot de support,B,200,25,Il s'agit d'un programme de fidelite numerique.,"innovation,glossaire"
inn-0350,Innovation & IA,innovation-ia,challenge,Quel terme correspond a cette definition : Le parcours qui mene un visiteur en ligne jusqu'a l'achat ?,le taux d'engagement,un tunnel de conversion,un navigateur,la supervision humaine,B,300,30,Il s'agit d'un tunnel de conversion.,"innovation,glossaire"
inn-0351,Innovation & IA,innovation-ia,moyen,Quelle est l'activite principale de Wave ?,Le paiement et le transfert par telephone,Le suivi de la sante maternelle par mobile,La formation et le placement de developpeurs,Le transfert d'argent mobile a bas cout,D,200,25,Wave : le transfert d'argent mobile a bas cout (le Senegal).,"innovation,afrique"
inn-0352,Innovation & IA,innovation-ia,facile,A quel besoin repond principalement cette solution : Une newsletter ou une liste de diffusion ?,Envoyer une information a tous ses clients d'un coup,Traduire une fiche produit en anglais pour la vendre au Nigeria,Reduire les erreurs de calcul dans les devis,Creer un visuel de communication sans graphiste,A,100,20,Une newsletter ou une liste de diffusion sert notamment a envoyer une information a tous ses clients d'un coup.,"innovation,usages"
inn-0353,Innovation & IA,innovation-ia,moyen,De quel pays Glotelho est-il ou est-elle originaire ?,le Cameroun,le Kenya,l'Afrique du Sud,le Nigeria,A,200,25,Glotelho vient de ce pays : le Cameroun.,"innovation,afrique"
inn-0354,Innovation & IA,innovation-ia,moyen,"Dans le monde numerique, que designe une signature electronique ?",L'ensemble des moyens qui protegent les systemes et les donnees contre les attaques,Un procede qui authentifie un signataire sur un document numerique,L'espace qui rassemble les produits selectionnes avant le paiement,Un programme qui dialogue automatiquement avec les utilisateurs,B,200,25,Une signature electronique : un procede qui authentifie un signataire sur un document numerique.,"innovation,glossaire"
inn-0355,Innovation & IA,innovation-ia,challenge,En quelle annee l'expression intelligence artificielle a-t-elle ete officiellement proposee ?,1985,2010,1912,1956,D,300,30,Lors de la conference de Dartmouth en 1956.,"innovation,histoire"
inn-0356,Innovation & IA,innovation-ia,facile,Quel terme correspond a cette definition : Une suite de caracteres donnant droit a une reduction en ligne ?,un recu electronique,un faux profil,un ecran tactile,un code promotionnel,D,100,20,Il s'agit d'un code promotionnel.,"innovation,glossaire"
inn-0357,Innovation & IA,innovation-ia,moyen,Quel est le principal benefice de cette demarche : creer un site vitrine sans savoir programmer ?,Etre visible en ligne rapidement,Assurer la continuite du suivi commercial,Augmenter le panier moyen,Produire rapidement un brouillon a corriger ensuite,A,200,25,Le gain principal : etre visible en ligne rapidement.,"innovation,usages"
inn-0358,Innovation & IA,innovation-ia,facile,"Dans le monde numerique, que designe un robot ?",La protection des informations personnelles dans les usages en ligne,Une securite qui demande un second element de verification en plus du mot de passe,Une machine programmable capable d'executer des taches physiques,Un message texte court envoye par le reseau telephonique,C,100,20,Un robot : une machine programmable capable d'executer des taches physiques.,"innovation,glossaire"
inn-0359,Innovation & IA,innovation-ia,moyen,Une petite entreprise veut fabriquer une piece de rechange unique rapidement. Quelle solution numerique est la plus adaptee ?,Un envoi automatique de SMS ou de notifications,Un tableau de bord de suivi des ventes,Une imprimante 3D,La reconnaissance vocale,C,200,25,"Pour fabriquer une piece de rechange unique rapidement, une imprimante 3d est la reponse la plus directe.","innovation,usages"
inn-0360,Innovation & IA,innovation-ia,moyen,Quelle situation justifie cette bonne pratique : Ne pas payer et verifier l'identite du vendeur ?,Vous utilisez le meme mot de passe pour tous vos comptes,Une application demande l'acces a tous vos contacts sans raison,Votre logiciel affiche depuis des mois un message de mise a jour,Un site vous demande de payer sans afficher aucune mention legale,D,200,25,Cette pratique repond au cas suivant : un site vous demande de payer sans afficher aucune mention legale.,"innovation,cybersecurite"
inn-0361,Innovation & IA,innovation-ia,moyen,Quel terme correspond a cette definition : Le traitement de volumes de donnees trop importants pour les outils classiques ?,un code a usage unique,un document partage,un hackathon,le big data,D,200,25,Il s'agit du big data.,"innovation,glossaire"
inn-0362,Innovation & IA,innovation-ia,moyen,Quelle est la mission principale d'un consultant en transformation digitale ?,Accompagner une organisation dans son passage au numerique,Concevoir l'apparence et l'ergonomie des ecrans,Ameliorer le parcours et le ressenti des utilisateurs,Assembler et retoucher des sequences video,A,200,25,Un consultant en transformation digitale : accompagner une organisation dans son passage au numerique.,"innovation,metiers"
inn-0363,Innovation & IA,innovation-ia,facile,"Dans le monde numerique, que designe une base de donnees ?",La surveillance organisee des evolutions techniques d'un secteur,Une plateforme ou de nombreux vendeurs proposent leurs produits,Le logiciel de base qui fait fonctionner un ordinateur ou un telephone,Un ensemble d'informations organisees pour etre retrouvees facilement,D,100,20,Une base de donnees : un ensemble d'informations organisees pour etre retrouvees facilement.,"innovation,glossaire"
inn-0364,Innovation & IA,innovation-ia,facile,Quel professionnel du numerique a pour mission de : Animer la presence d'une marque sur les reseaux sociaux ?,un community manager,un testeur logiciel,un chef de projet numerique,un ingenieur en intelligence artificielle,A,100,20,Il s'agit d'un community manager.,"innovation,metiers"
inn-0365,Innovation & IA,innovation-ia,moyen,Quel terme correspond a cette definition : Une structure qui heberge et accompagne de jeunes entreprises innovantes ?,le teletravail,un incubateur technologique,un moteur de traduction,une base de donnees,B,200,25,Il s'agit d'un incubateur technologique.,"innovation,glossaire"
inn-0366,Innovation & IA,innovation-ia,moyen,Pour quelle contribution Karl Benz est-il ou est-elle connu(e) ?,la premiere automobile a moteur a essence,la premiere tablette concue en Afrique centrale,la telegraphie sans fil,les protocoles de communication d'internet,A,200,25,Karl Benz est associe(e) a la premiere automobile a moteur a essence.,"innovation,histoire"
inn-0367,Innovation & IA,innovation-ia,facile,Quelle est la mission principale d'un technicien de maintenance informatique ?,"Organiser, securiser et optimiser le stockage des donnees",Verifier le bon fonctionnement d'un programme avant sa mise en service,Reparer et entretenir les equipements informatiques,Assembler et retoucher des sequences video,C,100,20,Un technicien de maintenance informatique : reparer et entretenir les equipements informatiques.,"innovation,metiers"
inn-0368,Innovation & IA,innovation-ia,moyen,Quel terme correspond a cette definition : Une technologie qui plonge l'utilisateur dans un environnement entierement simule ?,un algorithme,un indicateur numerique,la realite virtuelle,un remboursement en ligne,C,200,25,Il s'agit de la realite virtuelle.,"innovation,glossaire"
inn-0369,Innovation & IA,innovation-ia,facile,"Dans le monde numerique, que designe le spam ?",L'identification d'une personne par une caracteristique physique unique,L'appareil qui permet d'encaisser un paiement par carte,Un fichier consultable et modifiable a plusieurs en ligne,Un message non sollicite envoye en masse,D,100,20,Le spam : un message non sollicite envoye en masse.,"innovation,glossaire"
inn-0370,Innovation & IA,innovation-ia,challenge,"Dans le monde numerique, que designe l'anonymisation ?",La conception de services utilisables aussi par les personnes en situation de handicap,La liste des pages consultees par un utilisateur,Une suite secrete de caracteres qui protege l'acces a un compte,La suppression des elements permettant d'identifier une personne dans un jeu de donnees,D,300,30,L'anonymisation : la suppression des elements permettant d'identifier une personne dans un jeu de donnees.,"innovation,glossaire"
inn-0371,Innovation & IA,innovation-ia,challenge,"Dans le monde numerique, que designe la blockchain ?","Un logiciel dont le code peut etre utilise, modifie et partage librement",Un registre numerique partage qui enregistre les transactions de facon infalsifiable,Un outil qui enregistre les ventes et edite les tickets,Un site imitant un service legitime pour tromper les visiteurs,B,300,30,La blockchain : un registre numerique partage qui enregistre les transactions de facon infalsifiable.,"innovation,glossaire"
inn-0372,Innovation & IA,innovation-ia,challenge,De quel pays Diool est-il ou est-elle originaire ?,le Rwanda,l'Algerie,le Cameroun,le Kenya,C,300,30,Diool vient de ce pays : le Cameroun.,"innovation,afrique"
inn-0373,Innovation & IA,innovation-ia,facile,Une petite entreprise veut gerer les plannings d'une equipe dispersee. Quelle solution numerique est la plus adaptee ?,Une newsletter ou une liste de diffusion,Un logiciel CRM,Un agenda partage en ligne,Une imprimante 3D,C,100,20,"Pour gerer les plannings d'une equipe dispersee, un agenda partage en ligne est la reponse la plus directe.","innovation,usages"
inn-0374,Innovation & IA,innovation-ia,facile,A quelle categorie d'outils appartient un logiciel de presentation ?,La bureautique,La creation,La numerisation,La mesure,A,100,20,Un logiciel de presentation appartient a cette categorie : la bureautique.,"innovation,outils"
inn-0375,Innovation & IA,innovation-ia,challenge,Qui est a l'origine de cette avancee : la premiere tablette concue en Afrique centrale ?,Larry Page,Jack Kilby,Karl Benz,Verone Mankou,D,300,30,Il s'agit de Verone Mankou.,"innovation,histoire"
inn-0376,Innovation & IA,innovation-ia,challenge,De quel pays Paystack est-il ou est-elle originaire ?,le Rwanda,le Nigeria,le Cameroun,le Kenya,B,300,30,Paystack vient de ce pays : le Nigeria.,"innovation,afrique"
inn-0377,Innovation & IA,innovation-ia,moyen,Quel terme correspond a cette definition : La conception de services utilisables aussi par les personnes en situation de handicap ?,l'anonymisation,l'accessibilite numerique,un document partage,un site web,B,200,25,Il s'agit de l'accessibilite numerique.,"innovation,glossaire"
inn-0378,Innovation & IA,innovation-ia,moyen,A quel besoin repond principalement cette solution : La geolocalisation via une application ?,Faire connaitre une boutique aupres des habitants du quartier,Surveiller l'humidite d'un champ pour declencher l'irrigation,Suivre la position d'une livraison en cours,Verifier l'identite d'un utilisateur avant un paiement,C,200,25,La geolocalisation via une application sert notamment a suivre la position d'une livraison en cours.,"innovation,usages"
inn-0379,Innovation & IA,innovation-ia,facile,Quel est le principal benefice de cette demarche : travailler a plusieurs sur le meme document ?,Eviter les versions multiples et les pertes,Reduire le risque de piratage,Eviter de relayer une fausse information,Echanger sans frais de deplacement,A,100,20,Le gain principal : eviter les versions multiples et les pertes.,"innovation,usages"
inn-0380,Innovation & IA,innovation-ia,facile,Quel est le principal benefice de cette demarche : proteger les acces des employes aux outils de l'entreprise ?,Reduire le risque de piratage,Fiabiliser les chiffres transmis aux clients,Decider a partir de chiffres reels,Donner acces a l'information sans vendeur disponible,A,100,20,Le gain principal : reduire le risque de piratage.,"innovation,usages"
inn-0381,Innovation & IA,innovation-ia,moyen,Quel terme correspond a cette definition : La transformation d'un texte en parole audible ?,un cookie,un incubateur technologique,la synthese vocale,le numerique responsable,C,200,25,Il s'agit de la synthese vocale.,"innovation,glossaire"
inn-0382,Innovation & IA,innovation-ia,facile,Quel terme correspond a cette definition : Une suite de barres lisible par un scanner pour identifier un produit ?,un peripherique,un site frauduleux,le pilotage par la donnee,un code-barres,D,100,20,Il s'agit d'un code-barres.,"innovation,glossaire"
inn-0383,Innovation & IA,innovation-ia,moyen,Que faut-il faire dans cette situation : un message urgent du dirigeant demande un virement immediat sans verification ?,Desactiver immediatement ses comptes et acces,Verifier la demande par un autre canal avant tout paiement,Utiliser un gestionnaire de mots de passe securise,Ne jamais communiquer son code et supprimer le message,B,200,25,Bonne pratique : verifier la demande par un autre canal avant tout paiement.,"innovation,cybersecurite"
inn-0384,Innovation & IA,innovation-ia,moyen,Quel terme correspond a cette definition : La partie visible d'un logiciel avec laquelle l'utilisateur interagit ?,une donnee,l'innovation de rupture,le cloud,l'interface,D,200,25,Il s'agit de l'interface.,"innovation,glossaire"
inn-0385,Innovation & IA,innovation-ia,facile,Quel outil numerique permet de : Traduire rapidement un texte d'une langue a une autre ?,un outil de creation graphique en ligne,un outil de traduction en ligne,un outil de gestion de taches,une application de messagerie instantanee,B,100,20,Il s'agit d'un outil de traduction en ligne.,"innovation,outils"
inn-0386,Innovation & IA,innovation-ia,facile,Quel est le principal benefice de cette demarche : apprendre un metier depuis chez soi ?,Rassurer le client et augmenter les reservations,Corriger les points de blocage du tunnel de vente,Se former a son rythme et a moindre cout,Suivre chaque vente et fiabiliser les comptes,C,100,20,Le gain principal : se former a son rythme et a moindre cout.,"innovation,usages"
inn-0387,Innovation & IA,innovation-ia,moyen,Une entreprise stocke les donnees de ses clients. Quelle obligation morale et legale ?,"Les proteger, ne collecter que le necessaire et informer les personnes",Les partager avec les concurrents,Les revendre au plus offrant,Les publier en ligne,A,200,25,La protection des donnees personnelles est une responsabilite.,"innovation,mise-en-situation"
inn-0388,Innovation & IA,innovation-ia,moyen,Quel est le principal benefice de cette demarche : trier automatiquement les commandes recues par messagerie ?,Ameliorer l'offre grace aux retours,Reduire les erreurs et le temps de saisie,Acceder aux soins sans long deplacement,Mieux dimensionner les achats et les stocks,B,200,25,Le gain principal : reduire les erreurs et le temps de saisie.,"innovation,usages"
inn-0389,Innovation & IA,innovation-ia,challenge,Quel terme correspond a cette definition : L'usage de donnees et de capteurs pour optimiser les cultures ?,la fracture numerique,une piece jointe,une communaute en ligne,l'agriculture de precision,D,300,30,Il s'agit de l'agriculture de precision.,"innovation,glossaire"
inn-0390,Innovation & IA,innovation-ia,moyen,Quelle situation justifie cette bonne pratique : Interdire cette pratique et n'installer que des logiciels legitimes ?,Vous notez vos mots de passe sur un papier colle a l'ecran,Un e-mail imite votre banque et demande de confirmer votre mot de passe,Un fichier joint inattendu arrive d'un expediteur inconnu,Un collaborateur telecharge des logiciels piratés sur l'ordinateur de l'entreprise,D,200,25,Cette pratique repond au cas suivant : un collaborateur telecharge des logiciels piratés sur l'ordinateur de l'entreprise.,"innovation,cybersecurite"
inn-0391,Innovation & IA,innovation-ia,facile,Dans quel domaine Alexander Graham Bell a-t-il ou a-t-elle laisse sa marque ?,Les telecommunications,La programmation,L'electronique,Internet,A,100,20,Alexander Graham Bell a marque ce domaine : Les telecommunications.,"innovation,histoire"
inn-0392,Innovation & IA,innovation-ia,moyen,Dans quel domaine Guglielmo Marconi a-t-il ou a-t-elle laisse sa marque ?,L'imprimerie,Les telecommunications,L'electronique,L'energie,B,200,25,Guglielmo Marconi a marque ce domaine : Les telecommunications.,"innovation,histoire"
inn-0393,Innovation & IA,innovation-ia,facile,Que faut-il faire dans cette situation : vous partagez publiquement une photo de votre carte bancaire ?,Ne pas cliquer et contacter la banque par un canal officiel,Ne jamais publier ses coordonnees bancaires en ligne,Eviter les operations sensibles sur un reseau public non securise,Effacer securise le disque avant de vous en separer,B,100,20,Bonne pratique : ne jamais publier ses coordonnees bancaires en ligne.,"innovation,cybersecurite"
inn-0394,Innovation & IA,innovation-ia,challenge,"Dans le monde numerique, que designe une carte graphique ?",Le composant specialise dans le traitement des images,Une reponse inventee par l'IA mais presentee comme vraie,La personne qui veille au respect des regles dans un espace en ligne,Une publicite adressee a un public selectionne selon ses caracteristiques,A,300,30,Une carte graphique : le composant specialise dans le traitement des images.,"innovation,glossaire"
inn-0395,Innovation & IA,innovation-ia,facile,"Dans le monde numerique, que designe un utilisateur ?",La page qui presente une personne ou une entreprise sur une plateforme,La personne qui se sert d'un produit ou d'un service numerique,Un ecran qui rassemble les indicateurs cles d'une activite,Un contenu qui explique pas a pas comment realiser une tache,B,100,20,Un utilisateur : la personne qui se sert d'un produit ou d'un service numerique.,"innovation,glossaire"
inn-0396,Innovation & IA,innovation-ia,facile,Une petite entreprise veut encaisser un client qui n'a pas d'argent liquide. Quelle solution numerique est la plus adaptee ?,Le paiement par mobile money,L'authentification a deux facteurs,Un systeme de detection automatique de fraude,Une imprimante 3D,A,100,20,"Pour encaisser un client qui n'a pas d'argent liquide, le paiement par mobile money est la reponse la plus directe.","innovation,usages"
inn-0397,Innovation & IA,innovation-ia,moyen,Quel terme correspond a cette definition : Le logiciel de base qui fait fonctionner un ordinateur ou un telephone ?,la vision par ordinateur,un tunnel de conversion,un systeme d'exploitation,un portefeuille electronique,C,200,25,Il s'agit d'un systeme d'exploitation.,"innovation,glossaire"
inn-0398,Innovation & IA,innovation-ia,challenge,Qui est a l'origine de cette avancee : le premier appel depuis un telephone mobile ?,Martin Cooper,Geoffrey Hinton,Larry Page,Jack Kilby,A,300,30,Il s'agit de Martin Cooper.,"innovation,histoire"
inn-0399,Innovation & IA,innovation-ia,moyen,Pour quelle contribution Guglielmo Marconi est-il ou est-elle connu(e) ?,les avancees majeures de l'apprentissage profond,le premier vol motorise controle,la telegraphie sans fil,la premiere tablette concue en Afrique centrale,C,200,25,Guglielmo Marconi est associe(e) a la telegraphie sans fil.,"innovation,histoire"
inn-0400,Innovation & IA,innovation-ia,challenge,Quelle est l'activite principale de Healthlane ?,Le transport a moto securise,Les services de sante numeriques,La recherche d'emploi en ligne,Les paiements en ligne pour entreprises,B,300,30,Healthlane : les services de sante numeriques (le Cameroun).,"innovation,afrique"
inn-0401,Innovation & IA,innovation-ia,moyen,"Dans le monde numerique, que designe l'inclusion numerique ?",Les actions visant a permettre a tous d'utiliser les outils numeriques,L'interruption temporaire d'un service numerique,L'usage de l'intelligence artificielle dans le respect des personnes et de la loi,La liste des pages consultees par un utilisateur,A,200,25,L'inclusion numerique : les actions visant a permettre a tous d'utiliser les outils numeriques.,"innovation,glossaire"
inn-0402,Innovation & IA,innovation-ia,moyen,Quel evenement a marque l'annee 2007 dans la telephonie mobile ?,L'invention du telephone,Le lancement de la 5G,Le lancement du premier iPhone,La creation d'internet,C,200,25,Le premier iPhone est presente en 2007.,"innovation,histoire"
inn-0403,Innovation & IA,innovation-ia,facile,Une petite entreprise veut vendre a des clients situes dans une autre ville. Quelle solution numerique est la plus adaptee ?,Une sauvegarde dans le cloud,Une visioconference,Un chatbot ou agent conversationnel,Une boutique en ligne,D,100,20,"Pour vendre a des clients situes dans une autre ville, une boutique en ligne est la reponse la plus directe.","innovation,usages"
inn-0404,Innovation & IA,innovation-ia,moyen,"Dans le monde numerique, que designe l'experience utilisateur ?",Une representation geographique consultable en ligne,Une observation de personnes reelles utilisant le produit,La qualite du ressenti d'une personne lorsqu'elle utilise un service,Un modele ou des particuliers partagent biens et services via des plateformes,C,200,25,L'experience utilisateur : la qualite du ressenti d'une personne lorsqu'elle utilise un service.,"innovation,glossaire"
inn-0405,Innovation & IA,innovation-ia,facile,Pourquoi la formation est-elle indispensable a la transformation numerique d'une entreprise ?,Parce que les outils fonctionnent seuls,Parce que cela remplace la strategie,Parce que la loi l'oblige,Parce qu'un outil non maitrise n'apporte aucun benefice,D,100,20,L'appropriation par les equipes conditionne le resultat.,"innovation,comprehension"
inn-0406,Innovation & IA,innovation-ia,moyen,A quelle categorie d'outils appartient un gestionnaire de mots de passe ?,La numerisation,La securite,Le stockage,La formation,B,200,25,Un gestionnaire de mots de passe appartient a cette categorie : la securite.,"innovation,outils"
inn-0407,Innovation & IA,innovation-ia,moyen,A quel besoin repond principalement cette solution : Un logiciel CRM ?,Faire signer un contrat a distance,Repondre a un client anglophone quand on ne parle pas anglais,Garder une trace ecrite de tous les echanges avec un client,Rediger une premiere version d'annonce publicitaire,C,200,25,Un logiciel CRM sert notamment a garder une trace ecrite de tous les echanges avec un client.,"innovation,usages"
inn-0408,Innovation & IA,innovation-ia,challenge,"Dans le monde numerique, que designe le taux d'engagement ?",La creation d'images nouvelles par un modele d'intelligence artificielle,Le fait de controler l'origine d'une information avant de la croire,L'image d'une personne ou d'une entreprise telle qu'elle apparait sur internet,La part de l'audience qui reagit a un contenu,D,300,30,Le taux d'engagement : la part de l'audience qui reagit a un contenu.,"innovation,glossaire"
inn-0409,Innovation & IA,innovation-ia,moyen,"Dans le monde numerique, que designe un processeur ?",La protection des informations personnelles dans les usages en ligne,La conception de services utilisables aussi par les personnes en situation de handicap,Le logiciel de base qui fait fonctionner un ordinateur ou un telephone,Le composant qui execute les calculs d'un appareil,D,200,25,Un processeur : le composant qui execute les calculs d'un appareil.,"innovation,glossaire"
inn-0410,Innovation & IA,innovation-ia,facile,Quel terme correspond a cette definition : Un contenu diffuse sur un reseau social ou un site ?,le big data,un videoprojecteur,l'e-learning,une publication,D,100,20,Il s'agit d'une publication.,"innovation,glossaire"
inn-0411,Innovation & IA,innovation-ia,facile,"Dans le monde numerique, que designe un commentaire ?",L'image d'une personne ou d'une entreprise telle qu'elle apparait sur internet,Le fait de confier a une machine une tache repetitive realisee auparavant a la main,Une reaction ecrite laissee sous une publication,Un paiement recurrent qui donne acces a un service,C,100,20,Un commentaire : une reaction ecrite laissee sous une publication.,"innovation,glossaire"
inn-0412,Innovation & IA,innovation-ia,moyen,A quel besoin repond principalement cette solution : Un outil no-code ?,Creer un site vitrine sans savoir programmer,Repondre automatiquement aux questions frequentes des clients,Transcrire automatiquement une reunion en compte rendu,Garder une trace ecrite de tous les echanges avec un client,A,200,25,Un outil no-code sert notamment a creer un site vitrine sans savoir programmer.,"innovation,usages"
inn-0413,Innovation & IA,innovation-ia,facile,"Dans le monde numerique, que designe un filtre anti-spam ?",Un dispositif qui ecarte automatiquement les messages indesirables,Un code valable une seule fois pour valider une operation,Un contenu video ou audio truque de facon realiste par intelligence artificielle,Le traitement automatique de tache repetitives comme la saisie ou les relances,A,100,20,Un filtre anti-spam : un dispositif qui ecarte automatiquement les messages indesirables.,"innovation,glossaire"
inn-0414,Innovation & IA,innovation-ia,moyen,A quel besoin repond principalement cette solution : La telemedecine ?,Consulter un medecin depuis un village eloigne,Accepter des paiements depuis l'etranger,Gerer les plannings d'une equipe dispersee,Verifier l'identite d'un utilisateur avant un paiement,A,200,25,La telemedecine sert notamment a consulter un medecin depuis un village eloigne.,"innovation,usages"
inn-0415,Innovation & IA,innovation-ia,moyen,Quel terme correspond a cette definition : Un composant qui mesure une grandeur physique et la transmet ?,un resume automatique,l'agriculture de precision,un test utilisateur,un capteur,D,200,25,Il s'agit d'un capteur.,"innovation,glossaire"
inn-0416,Innovation & IA,innovation-ia,moyen,Quel terme correspond a cette definition : Le document decrivant precisement les fonctions attendues d'un outil ?,un cahier des charges numerique,l'apprentissage automatique,la synthese vocale,un processeur,A,200,25,Il s'agit d'un cahier des charges numerique.,"innovation,glossaire"
inn-0417,Innovation & IA,innovation-ia,moyen,Quel terme correspond a cette definition : La transformation de donnees en un format illisible sans la cle appropriee ?,le chiffrement,une application mobile,un taux de disponibilite,la transformation digitale,A,200,25,Il s'agit du chiffrement.,"innovation,glossaire"
inn-0418,Innovation & IA,innovation-ia,facile,A quoi sert principalement un scanner de documents sur telephone ?,Creer des diaporamas pour presenter un projet,Echanger des messages en temps reel,Numeriser des papiers avec l'appareil photo,Organiser des donnees et faire des calculs,C,100,20,Un scanner de documents sur telephone sert a : numeriser des papiers avec l'appareil photo.,"innovation,outils"
inn-0419,Innovation & IA,innovation-ia,facile,Quel terme correspond a cette definition : Le volume d'internet mobile inclus dans un abonnement ?,un forfait de donnees,la supervision humaine,une API,la blockchain,A,100,20,Il s'agit d'un forfait de donnees.,"innovation,glossaire"
inn-0420,Innovation & IA,innovation-ia,challenge,"Dans le monde numerique, que designe l'entrainement d'un modele ?",La phase pendant laquelle un systeme d'IA apprend a partir de donnees,Une plateforme permettant de publier et d'echanger avec une communaute,Un message non sollicite envoye en masse,La puce qui identifie un abonne sur un reseau mobile,A,300,30,L'entrainement d'un modele : la phase pendant laquelle un systeme d'ia apprend a partir de donnees.,"innovation,glossaire"
inn-0421,Innovation & IA,innovation-ia,challenge,Quel service correspond a cette activite : Les paiements marchands et le mobile money ?,Diool,Paystack,Glotelho,InstaDeep,A,300,30,Diool correspond a cette activite.,"innovation,afrique"
inn-0422,Innovation & IA,innovation-ia,moyen,Que signifie le fait qu'un modele d'IA soit entraine sur des donnees anciennes ?,Il connait l'avenir,Il est necessairement faux,Il devient plus rapide,Il peut ignorer les evenements et informations recents,D,200,25,La date de fin d'entrainement limite les connaissances du modele.,"innovation,comprehension"
inn-0423,Innovation & IA,innovation-ia,challenge,"Dans le monde numerique, que designe la classification automatique ?",Un espace en ligne d'echange de questions et de reponses,Une interface qui permet a deux logiciels de communiquer entre eux,Le tri automatique d'elements dans des categories predefinies,Un robot qui repond aux questions frequentes des clients,C,300,30,La classification automatique : le tri automatique d'elements dans des categories predefinies.,"innovation,glossaire"
inn-0424,Innovation & IA,innovation-ia,moyen,Quel terme correspond a cette definition : Une monnaie numerique fonctionnant sans banque centrale ?,un identifiant,une cryptomonnaie,un code-barres,la telemedecine,B,200,25,Il s'agit d'une cryptomonnaie.,"innovation,glossaire"
inn-0425,Innovation & IA,innovation-ia,facile,"Dans le monde numerique, que designe la verification des sources ?",Une technologie de connexion a internet sans fil sur une courte distance,Un message d'information envoye regulierement a une liste d'abonnes,L'espace qui rassemble les produits selectionnes avant le paiement,Le fait de controler l'origine d'une information avant de la croire,D,100,20,La verification des sources : le fait de controler l'origine d'une information avant de la croire.,"innovation,glossaire"
inn-0426,Innovation & IA,innovation-ia,moyen,Quel terme correspond a cette definition : Le composant qui execute les calculs d'un appareil ?,un assistant vocal,un fichier,un processeur,un brevet d'invention,C,200,25,Il s'agit d'un processeur.,"innovation,glossaire"
inn-0427,Innovation & IA,innovation-ia,moyen,Quel terme correspond a cette definition : Les regles qui encadrent l'usage d'un service en ligne ?,le chiffrement,le numerique responsable,des conditions generales d'utilisation,un SMS,C,200,25,Il s'agit de des conditions generales d'utilisation.,"innovation,glossaire"
inn-0428,Innovation & IA,innovation-ia,moyen,Une petite entreprise veut trier automatiquement les commandes recues par messagerie. Quelle solution numerique est la plus adaptee ?,Un logiciel de gestion de stock avec code-barres,Un outil d'automatisation des taches,La reconnaissance d'images,Une visite virtuelle,B,200,25,"Pour trier automatiquement les commandes recues par messagerie, un outil d'automatisation des taches est la reponse la plus directe.","innovation,usages"
inn-0429,Innovation & IA,innovation-ia,moyen,Une boutique en ligne perd des clients au moment du paiement. Quelle piste explorer ?,Simplifier le processus et proposer des moyens de paiement locaux,Augmenter le prix,Ajouter cinq etapes supplementaires,Supprimer le paiement en ligne,A,200,25,L'abandon de panier vient souvent d'un paiement complique.,"innovation,mise-en-situation"
inn-0430,Innovation & IA,innovation-ia,moyen,Pour quelle contribution Larry Page est-il ou est-elle connu(e) ?,les reseaux de neurones convolutifs pour l'image,la telegraphie sans fil,l'algorithme de classement a l'origine de Google,la vaccination moderne et la pasteurisation,C,200,25,Larry Page est associe(e) a l'algorithme de classement a l'origine de Google.,"innovation,histoire"
inn-0431,Innovation & IA,innovation-ia,challenge,"Dans le monde numerique, que designe l'informatique en periphérie ?",Le logiciel qui permet de consulter des sites internet,Le traitement des donnees au plus pres de l'endroit ou elles sont produites,Le composant specialise dans le traitement des images,La page qui presente une personne ou une entreprise sur une plateforme,B,300,30,L'informatique en periphérie : le traitement des donnees au plus pres de l'endroit ou elles sont produites.,"innovation,glossaire"
inn-0432,Innovation & IA,innovation-ia,challenge,"Dans le monde numerique, que designe une API ?",Une interface qui permet a deux logiciels de communiquer entre eux,Une reunion a distance avec image et son,Un element cliquable qui renvoie vers une autre page ou ressource,La determination de la position geographique d'un appareil,A,300,30,Une API : une interface qui permet a deux logiciels de communiquer entre eux.,"innovation,glossaire"
inn-0433,Innovation & IA,innovation-ia,facile,A quel besoin repond principalement cette solution : Un envoi automatique de SMS ou de notifications ?,Trier automatiquement les commandes recues par messagerie,Envoyer un rappel de rendez-vous aux clients,Encaisser un client qui n'a pas d'argent liquide,Faire decouvrir un hotel avant la reservation,B,100,20,Un envoi automatique de SMS ou de notifications sert notamment a envoyer un rappel de rendez-vous aux clients.,"innovation,usages"
inn-0434,Innovation & IA,innovation-ia,moyen,"Dans le monde numerique, que designe des conditions generales d'utilisation ?",La conversion d'un texte d'une langue a une autre par un logiciel,"Un aeronef sans pilote a bord, pilote a distance ou automatiquement",Un service qui repond a des commandes prononcees a voix haute,Les regles qui encadrent l'usage d'un service en ligne,D,200,25,Des conditions generales d'utilisation : les regles qui encadrent l'usage d'un service en ligne.,"innovation,glossaire"
inn-0435,Innovation & IA,innovation-ia,moyen,A quel besoin repond principalement cette solution : Un systeme de recommandation ?,Permettre a un client de retrouver une fiche produit en magasin,Recommander des produits complementaires a un acheteur en ligne,Identifier les clients qui n'ont pas commande depuis trois mois,Faire signer un contrat a distance,B,200,25,Un systeme de recommandation sert notamment a recommander des produits complementaires a un acheteur en ligne.,"innovation,usages"
inn-0436,Innovation & IA,innovation-ia,facile,"Dans le monde numerique, que designe un algorithme ?",L'entretien regulier d'un systeme pour qu'il reste operationnel,La protection des informations personnelles dans les usages en ligne,Une suite d'instructions permettant de resoudre un probleme ou d'accomplir une tache,La personne qui se sert d'un produit ou d'un service numerique,C,100,20,Un algorithme : une suite d'instructions permettant de resoudre un probleme ou d'accomplir une tache.,"innovation,glossaire"
inn-0437,Innovation & IA,innovation-ia,moyen,"Dans le monde numerique, que designe un biais algorithmique ?",L'espace qui rassemble les produits selectionnes avant le paiement,La determination de la position geographique d'un appareil,Une distorsion des resultats reproduisant des prejuges presents dans les donnees,La capacite d'un systeme a analyser et produire du langage humain,C,200,25,Un biais algorithmique : une distorsion des resultats reproduisant des prejuges presents dans les donnees.,"innovation,glossaire"
inn-0438,Innovation & IA,innovation-ia,moyen,Qui est a l'origine de cette avancee : l'imprimerie a caracteres mobiles en Europe ?,Karl Benz,Ray Tomlinson,Johannes Gutenberg,Alexander Graham Bell,C,200,25,Il s'agit de Johannes Gutenberg.,"innovation,histoire"
inn-0439,Innovation & IA,innovation-ia,moyen,Quel outil numerique permet de : Mesurer la frequentation d'un site web ?,un outil d'analyse d'audience,un logiciel de presentation,un outil no-code,une plateforme de formation en ligne,A,200,25,Il s'agit d'un outil d'analyse d'audience.,"innovation,outils"
inn-0440,Innovation & IA,innovation-ia,moyen,"Dans le monde numerique, que designe une place de marche en ligne ?",Un code valable une seule fois pour valider une operation,Le tri automatique d'elements dans des categories predefinies,Un site qui met en relation de nombreux vendeurs et acheteurs,La maniere dont les donnees d'un fichier sont structurees,C,200,25,Une place de marche en ligne : un site qui met en relation de nombreux vendeurs et acheteurs.,"innovation,glossaire"
inn-0441,Innovation & IA,innovation-ia,moyen,"Dans le monde numerique, que designe la generation d'images ?",L'ensemble des techniques qui ameliorent la visibilite d'un site dans les recherches,La creation d'images nouvelles par un modele d'intelligence artificielle,Un logiciel malveillant qui bloque les donnees et reclame une rancon,Le parcours qui mene un visiteur en ligne jusqu'a l'achat,B,200,25,La generation d'images : la creation d'images nouvelles par un modele d'intelligence artificielle.,"innovation,glossaire"
inn-0442,Innovation & IA,innovation-ia,facile,Que designe la fracture numerique ?,Un virus informatique,Un ecran casse,L'ecart entre ceux qui accedent au numerique et ceux qui en sont exclus,Une panne de serveur,C,100,20,"Elle concerne l'acces, l'equipement et les competences.","innovation,comprehension"
inn-0443,Innovation & IA,innovation-ia,facile,"Dans le monde numerique, que designe un code-barres ?",Le parcours qui mene un visiteur en ligne jusqu'a l'achat,Une plateforme ou de nombreux vendeurs proposent leurs produits,La capacite d'un systeme a interpreter des images,Une suite de barres lisible par un scanner pour identifier un produit,D,100,20,Un code-barres : une suite de barres lisible par un scanner pour identifier un produit.,"innovation,glossaire"
inn-0444,Innovation & IA,innovation-ia,facile,Une petite entreprise veut travailler a plusieurs sur le meme document. Quelle solution numerique est la plus adaptee ?,La telemedecine,Un document partage en ligne,Une IA generative de texte,La signature electronique,B,100,20,"Pour travailler a plusieurs sur le meme document, un document partage en ligne est la reponse la plus directe.","innovation,usages"
inn-0445,Innovation & IA,innovation-ia,moyen,Quel terme correspond a cette definition : Une publication payante diffusee a un public cible ?,l'innovation,l'entrainement d'un modele,une campagne sponsorisee,la realite virtuelle,C,200,25,Il s'agit d'une campagne sponsorisee.,"innovation,glossaire"
inn-0446,Innovation & IA,innovation-ia,moyen,Quel terme correspond a cette definition : La maniere dont les donnees d'un fichier sont structurees ?,un modele freemium,la fracture numerique,un format de fichier,une fuite de donnees,C,200,25,Il s'agit d'un format de fichier.,"innovation,glossaire"
inn-0447,Innovation & IA,innovation-ia,moyen,"Dans le monde numerique, que designe une adresse IP ?",Les informations qui permettent d'identifier une personne,Le numero qui identifie un appareil connecte a un reseau,Un procede qui authentifie un signataire sur un document numerique,Le harcelement d'une personne au moyen des outils numeriques,B,200,25,Une adresse IP : le numero qui identifie un appareil connecte a un reseau.,"innovation,glossaire"
inn-0448,Innovation & IA,innovation-ia,facile,A quel besoin repond principalement cette solution : Un logiciel de caisse ?,Gerer les plannings d'une equipe dispersee,Consulter un medecin depuis un village eloigne,Detecter une transaction bancaire anormale,Eviter que la caisse ne soit fausse en fin de journee,D,100,20,Un logiciel de caisse sert notamment a eviter que la caisse ne soit fausse en fin de journee.,"innovation,usages"
inn-0449,Innovation & IA,innovation-ia,challenge,Quelle est l'activite principale de Waspito ?,La vente en ligne d'appareils et d'electromenager,Les paiements en ligne pour entreprises,Le developpement de jeux video,La teleconsultation medicale,D,300,30,Waspito : la teleconsultation medicale (le Cameroun).,"innovation,afrique"
inn-0450,Innovation & IA,innovation-ia,moyen,Quel terme correspond a cette definition : Un site qui met en relation de nombreux vendeurs et acheteurs ?,une place de marche en ligne,la transformation digitale,la desinformation en ligne,un modem,A,200,25,Il s'agit d'une place de marche en ligne.,"innovation,glossaire"
inn-0451,Innovation & IA,innovation-ia,facile,"Dans le monde numerique, que designe le wifi ?",Un dispositif qui suggere des contenus ou produits selon les gouts de l'utilisateur,Un ensemble d'informations organisees pour etre retrouvees facilement,Une technologie de connexion a internet sans fil sur une courte distance,Le plan des evolutions prevues pour un service numerique,C,100,20,Le wifi : une technologie de connexion a internet sans fil sur une courte distance.,"innovation,glossaire"
inn-0452,Innovation & IA,innovation-ia,facile,"Dans le monde numerique, que designe le GPS ?",Le plan des evolutions prevues pour un service numerique,Le composant qui execute les calculs d'un appareil,Un site imitant un service legitime pour tromper les visiteurs,Un systeme satellitaire qui indique une position et guide un deplacement,D,100,20,Le GPS : un systeme satellitaire qui indique une position et guide un deplacement.,"innovation,glossaire"
inn-0453,Innovation & IA,innovation-ia,facile,"Dans le monde numerique, que designe un support technique ?","Un logiciel dont le code peut etre utilise, modifie et partage librement",Le passage d'un support papier ou manuel a un format numerique,La surveillance organisee des evolutions techniques d'un secteur,L'assistance apportee aux utilisateurs en cas de probleme,D,100,20,Un support technique : l'assistance apportee aux utilisateurs en cas de probleme.,"innovation,glossaire"
inn-0454,Innovation & IA,innovation-ia,challenge,Une petite entreprise veut montrer un meuble dans le salon du client avant l'achat. Quelle solution numerique est la plus adaptee ?,La realite augmentee,Un code QR imprime sur l'etiquette,L'analyse des donnees historiques de vente,Un outil de creation graphique en ligne,A,300,30,"Pour montrer un meuble dans le salon du client avant l'achat, la realite augmentee est la reponse la plus directe.","innovation,usages"
inn-0455,Innovation & IA,innovation-ia,facile,A quoi sert principalement un logiciel de caisse ?,Envoyer et recevoir des courriers numeriques,Echanger des messages en temps reel,Realiser des visuels sans competence de designer,Enregistrer les ventes et editer les tickets,D,100,20,Un logiciel de caisse sert a : enregistrer les ventes et editer les tickets.,"innovation,outils"
inn-0456,Innovation & IA,innovation-ia,facile,Quel terme correspond a cette definition : La preuve de paiement transmise sous forme numerique ?,un tableau de bord numerique,l'innovation incrementale,un avis client en ligne,un recu electronique,D,100,20,Il s'agit d'un recu electronique.,"innovation,glossaire"
inn-0457,Innovation & IA,innovation-ia,moyen,"Dans le monde numerique, que designe un tableau de bord numerique ?",Un ecran qui rassemble les indicateurs cles d'une activite,Une suite d'instructions permettant de resoudre un probleme ou d'accomplir une tache,Le service qui stocke un site et le rend accessible en ligne,Une proposition de prix transmise par un canal numerique,A,200,25,Un tableau de bord numerique : un ecran qui rassemble les indicateurs cles d'une activite.,"innovation,glossaire"
inn-0458,Innovation & IA,innovation-ia,facile,"Dans le monde numerique, que designe un PDF ?",L'accord qui organise l'entretien et le depannage d'un systeme,Une technologie qui plonge l'utilisateur dans un environnement entierement simule,Un message texte court envoye par le reseau telephonique,Un format de document qui conserve la mise en page a l'identique,D,100,20,Un PDF : un format de document qui conserve la mise en page a l'identique.,"innovation,glossaire"
inn-0459,Innovation & IA,innovation-ia,moyen,"Dans le monde numerique, que designe l'IA responsable ?",La rediffusion d'un contenu vers son propre reseau,Un code qui distingue un element de tous les autres dans un systeme,Un appareil externe relie a un ordinateur,L'usage de l'intelligence artificielle dans le respect des personnes et de la loi,D,200,25,L'IA responsable : l'usage de l'intelligence artificielle dans le respect des personnes et de la loi.,"innovation,glossaire"
inn-0460,Innovation & IA,innovation-ia,moyen,Quel terme correspond a cette definition : Une plateforme ou de nombreux vendeurs proposent leurs produits ?,un pixel de suivi,une story,l'hebergement web,un marketplace,D,200,25,Il s'agit d'un marketplace.,"innovation,glossaire"
inn-0461,Innovation & IA,innovation-ia,facile,Quel est le principal avantage d'un outil numerique bien choisi pour une petite equipe ?,Gagner du temps sur les taches repetitives pour se concentrer sur le client,Reduire le contact avec les clients,Augmenter la paperasse,Multiplier les reunions,A,100,20,L'outil doit liberer du temps a valeur ajoutee.,"innovation,comprehension"
inn-0462,Innovation & IA,innovation-ia,moyen,Quelle est la difference entre automatiser et innover ?,"Automatiser reproduit une tache plus vite, innover cree une facon nouvelle de repondre a un besoin",Il n'y a aucune difference,Automatiser signifie recruter,Innover signifie acheter des machines,A,200,25,"L'automatisation est un moyen, l'innovation un changement de valeur.","innovation,comprehension"
inn-0463,Innovation & IA,innovation-ia,moyen,Quel terme correspond a cette definition : L'ensemble des personnes touchees par un contenu numerique ?,un rancongiciel,une audience en ligne,l'experience utilisateur,l'automatisation,B,200,25,Il s'agit d'une audience en ligne.,"innovation,glossaire"
inn-0464,Innovation & IA,innovation-ia,facile,Quel terme correspond a cette definition : Un service qui trouve des pages web a partir de mots-cles ?,le traitement du langage naturel,un nom de domaine,un moteur de recherche,une visioconference,C,100,20,Il s'agit d'un moteur de recherche.,"innovation,glossaire"
inn-0465,Innovation & IA,innovation-ia,facile,"Quel terme correspond a cette definition : Un aeronef sans pilote a bord, pilote a distance ou automatiquement ?",l'inclusion numerique,le e-commerce,un drone,l'experience utilisateur,C,100,20,Il s'agit d'un drone.,"innovation,glossaire"
inn-0466,Innovation & IA,innovation-ia,moyen,Quel terme correspond a cette definition : Les actions visant a permettre a tous d'utiliser les outils numeriques ?,l'agriculture de precision,une carte SIM,le GPS,l'inclusion numerique,D,200,25,Il s'agit de l'inclusion numerique.,"innovation,glossaire"
inn-0467,Innovation & IA,innovation-ia,facile,Quelle est la mission principale d'un redacteur web ?,Produire des contenus ecrits pour internet,Exploiter les donnees pour aider a decider,Proteger les systemes et les donnees contre les attaques,"Coordonner les equipes, les delais et le budget d'un projet",A,100,20,Un redacteur web : produire des contenus ecrits pour internet.,"innovation,metiers"
inn-0468,Innovation & IA,innovation-ia,facile,A quelle categorie d'outils appartient une plateforme de formation en ligne ?,La mesure,Le stockage,La communication,La formation,D,100,20,Une plateforme de formation en ligne appartient a cette categorie : la formation.,"innovation,outils"
inn-0469,Innovation & IA,innovation-ia,facile,Quel terme correspond a cette definition : Le fait de travailler a distance grace aux outils numeriques ?,un panier d'achat,le teletravail,un indicateur numerique,la blockchain,B,100,20,Il s'agit du teletravail.,"innovation,glossaire"
inn-0470,Innovation & IA,innovation-ia,moyen,Quel terme correspond a cette definition : Un dispositif qui suggere des contenus ou produits selon les gouts de l'utilisateur ?,un tableau de bord numerique,un systeme de recommandation,le chiffrement,un brevet d'invention,B,200,25,Il s'agit d'un systeme de recommandation.,"innovation,glossaire"
inn-0471,Innovation & IA,innovation-ia,facile,A quoi sert principalement un logiciel de facturation ?,Editer et suivre les factures clients,"Obtenir de l'aide pour rediger, resumer ou expliquer",Construire un site ou une application sans programmer,Realiser des visuels sans competence de designer,A,100,20,Un logiciel de facturation sert a : editer et suivre les factures clients.,"innovation,outils"
inn-0472,Innovation & IA,innovation-ia,facile,Quel terme correspond a cette definition : Un appareil qui affiche une image sur un grand ecran ou un mur ?,la numerisation,un chatbot de support,un videoprojecteur,une API,C,100,20,Il s'agit d'un videoprojecteur.,"innovation,glossaire"
inn-0473,Innovation & IA,innovation-ia,challenge,Une entreprise veut utiliser l'IA pour trier des candidatures. Quel risque doit-elle anticiper ?,Le risque de biais reproduisant des discriminations passees,Le risque de recruter trop vite,Aucun risque particulier,Le risque d'avoir trop de candidats,A,300,30,Les biais algorithmiques sont un enjeu majeur en recrutement.,"innovation,mise-en-situation"
inn-0474,Innovation & IA,innovation-ia,challenge,Une petite entreprise veut surveiller l'humidite d'un champ pour declencher l'irrigation. Quelle solution numerique est la plus adaptee ?,Un tableur avec formules automatiques,Des capteurs connectes,Une boutique en ligne,Un logiciel de gestion de la relation client,B,300,30,"Pour surveiller l'humidite d'un champ pour declencher l'irrigation, des capteurs connectes est la reponse la plus directe.","innovation,usages"
inn-0475,Innovation & IA,innovation-ia,challenge,"Dans le monde numerique, que designe un jumeau numerique ?",Un appareil qui lit automatiquement l'identifiant d'un produit,Une innovation qui bouleverse un marche et remplace les solutions existantes,Un appareil du quotidien relie a internet pour transmettre des informations,La copie virtuelle d'un objet ou d'un processus reel,D,300,30,Un jumeau numerique : la copie virtuelle d'un objet ou d'un processus reel.,"innovation,glossaire"
inn-0476,Innovation & IA,innovation-ia,challenge,Dans quel domaine Martin Cooper a-t-il ou a-t-elle laisse sa marque ?,L'informatique,Les telecommunications,L'energie,L'electronique,B,300,30,Martin Cooper a marque ce domaine : Les telecommunications.,"innovation,histoire"
inn-0477,Innovation & IA,innovation-ia,challenge,De quel pays Njorku est-il ou est-elle originaire ?,le Rwanda,le Cameroun,l'Afrique du Sud,le Kenya,B,300,30,Njorku vient de ce pays : le Cameroun.,"innovation,afrique"
inn-0478,Innovation & IA,innovation-ia,facile,Un artisan veut vendre au-dela de son quartier sans site web complexe. Quelle option realiste ?,Developper une application mobile complete d'emblee,Utiliser une page professionnelle sur un reseau social et le mobile money,Attendre d'avoir un million de FCFA,Ouvrir dix boutiques physiques,B,100,20,Les canaux existants permettent de demarrer sans developpement.,"innovation,mise-en-situation"
inn-0479,Innovation & IA,innovation-ia,challenge,Quel est le principal benefice de cette demarche : surveiller l'humidite d'un champ pour declencher l'irrigation ?,Economiser l'eau et ameliorer les rendements,Securiser l'acces tout en simplifiant l'identification,Toucher des clients proches a faible cout,Corriger les points de blocage du tunnel de vente,A,300,30,Le gain principal : economiser l'eau et ameliorer les rendements.,"innovation,usages"
inn-0480,Innovation & IA,innovation-ia,moyen,Quel terme correspond a cette definition : La consigne que l'on donne a une intelligence artificielle pour obtenir une reponse ?,une visioconference,un audit numerique,un site frauduleux,un prompt,D,200,25,Il s'agit d'un prompt.,"innovation,glossaire"
inn-0481,Innovation & IA,innovation-ia,facile,Quel terme correspond a cette definition : Un appareil qui transforme un document papier en fichier numerique ?,une mise a jour,un scanner,la vie privee numerique,un code-barres,B,100,20,Il s'agit d'un scanner.,"innovation,glossaire"
inn-0482,Innovation & IA,innovation-ia,moyen,"Dans le monde numerique, que designe l'usurpation d'identite ?",Le fait de se faire passer pour quelqu'un d'autre,La surveillance organisee des evolutions techniques d'un secteur,Une technologie qui permet a une machine d'accomplir des taches demandant habituellement de l'intelligence humaine,Un modele ou des particuliers partagent biens et services via des plateformes,A,200,25,L'usurpation d'identite : le fait de se faire passer pour quelqu'un d'autre.,"innovation,glossaire"
inn-0483,Innovation & IA,innovation-ia,challenge,Quel terme correspond a cette definition : La proportion de temps pendant laquelle un service fonctionne ?,la supervision humaine,une notification push,un taux de disponibilite,un logiciel libre,C,300,30,Il s'agit d'un taux de disponibilite.,"innovation,glossaire"
inn-0484,Innovation & IA,innovation-ia,moyen,"Dans le monde numerique, que designe la supervision humaine ?",Un procede qui authentifie un signataire sur un document numerique,Une entreprise externe chargee de realiser ou maintenir un service numerique,Une securite qui demande un second element de verification en plus du mot de passe,Le controle par une personne des decisions proposees par une machine,D,200,25,La supervision humaine : le controle par une personne des decisions proposees par une machine.,"innovation,glossaire"
inn-0485,Innovation & IA,innovation-ia,challenge,De quel pays Healthlane est-il ou est-elle originaire ?,le Senegal,le Kenya,le Cameroun,l'Afrique du Sud,C,300,30,Healthlane vient de ce pays : le Cameroun.,"innovation,afrique"
inn-0486,Innovation & IA,innovation-ia,moyen,Quel terme correspond a cette definition : L'appareil qui permet d'encaisser un paiement par carte ?,l'anonymisation,un terminal de paiement,un document partage,un format de fichier,B,200,25,Il s'agit d'un terminal de paiement.,"innovation,glossaire"
inn-0487,Innovation & IA,innovation-ia,moyen,Quel terme correspond a cette definition : Le fait de se faire passer pour quelqu'un d'autre ?,un pare-feu,un navigateur,l'usurpation d'identite,un point d'acces mobile,C,200,25,Il s'agit de l'usurpation d'identite.,"innovation,glossaire"
inn-0488,Innovation & IA,innovation-ia,facile,"Dans le monde numerique, que designe un navigateur ?",L'adresse unique qui identifie un site sur internet,L'usage de l'intelligence artificielle dans le respect des personnes et de la loi,Le logiciel qui permet de consulter des sites internet,La consigne que l'on donne a une intelligence artificielle pour obtenir une reponse,C,100,20,Un navigateur : le logiciel qui permet de consulter des sites internet.,"innovation,glossaire"
inn-0489,Innovation & IA,innovation-ia,challenge,De quel pays Will and Brothers est-il ou est-elle originaire ?,le Nigeria,l'Algerie,la Tunisie,le Cameroun,D,300,30,Will and Brothers vient de ce pays : le Cameroun.,"innovation,afrique"
inn-0490,Innovation & IA,innovation-ia,moyen,Quel terme correspond a cette definition : La creation d'images nouvelles par un modele d'intelligence artificielle ?,un bug,la generation d'images,une cryptomonnaie,l'innovation de rupture,B,200,25,Il s'agit de la generation d'images.,"innovation,glossaire"
inn-0491,Innovation & IA,innovation-ia,moyen,Une petite entreprise veut savoir quels produits se vendent le mieux chaque semaine. Quelle solution numerique est la plus adaptee ?,L'analyse des donnees historiques de vente,Un questionnaire de satisfaction en ligne,Une imprimante 3D,Un tableau de bord de suivi des ventes,D,200,25,"Pour savoir quels produits se vendent le mieux chaque semaine, un tableau de bord de suivi des ventes est la reponse la plus directe.","innovation,usages"
inn-0492,Innovation & IA,innovation-ia,moyen,Quelle est la mission principale d'un expert en cybersecurite ?,Former les equipes a l'usage des outils digitaux,Animer la presence d'une marque sur les reseaux sociaux,Assister les utilisateurs a distance,Proteger les systemes et les donnees contre les attaques,D,200,25,Un expert en cybersecurite : proteger les systemes et les donnees contre les attaques.,"innovation,metiers"
inn-0493,Innovation & IA,innovation-ia,challenge,Quel terme correspond a cette definition : Le composant specialise dans le traitement des images ?,une carte graphique,un tableur,la desinformation en ligne,une carte SIM,A,300,30,Il s'agit d'une carte graphique.,"innovation,glossaire"
inn-0494,Innovation & IA,innovation-ia,facile,Quel terme correspond a cette definition : Un message envoye par une application sur l'ecran du telephone ?,une visioconference,une notification push,un moteur de traduction,un correcteur automatique,B,100,20,Il s'agit d'une notification push.,"innovation,glossaire"
inn-0495,Innovation & IA,innovation-ia,moyen,Une petite entreprise veut creer un site vitrine sans savoir programmer. Quelle solution numerique est la plus adaptee ?,Un outil no-code,Un drone,La realite augmentee,Une solution de paiement en ligne,A,200,25,"Pour creer un site vitrine sans savoir programmer, un outil no-code est la reponse la plus directe.","innovation,usages"
inn-0496,Innovation & IA,innovation-ia,moyen,Quelle situation justifie cette bonne pratique : Desactiver immediatement ses comptes et acces ?,Un employe part de l'entreprise en gardant ses acces informatiques,Votre logiciel affiche depuis des mois un message de mise a jour,Un fichier joint inattendu arrive d'un expediteur inconnu,Votre boutique en ligne stocke les mots de passe clients en clair,A,200,25,Cette pratique repond au cas suivant : un employe part de l'entreprise en gardant ses acces informatiques.,"innovation,cybersecurite"
inn-0497,Innovation & IA,innovation-ia,facile,"Dans le monde numerique, que designe la vie privee numerique ?",Un dispositif qui ecarte automatiquement les messages indesirables,L'espace qui rassemble les produits selectionnes avant le paiement,L'identification d'une personne par une caracteristique physique unique,La protection des informations personnelles dans les usages en ligne,D,100,20,La vie privee numerique : la protection des informations personnelles dans les usages en ligne.,"innovation,glossaire"
inn-0498,Innovation & IA,innovation-ia,facile,Quel terme correspond a cette definition : Un mot-cle precede d'un diese servant a classer les publications ?,un hashtag,une campagne sponsorisee,une fuite de donnees,une notification push,A,100,20,Il s'agit d'un hashtag.,"innovation,glossaire"
inn-0499,Innovation & IA,innovation-ia,moyen,"Dans le monde numerique, que designe le phishing ?",Un procede qui authentifie un signataire sur un document numerique,La phase pendant laquelle un systeme d'IA apprend a partir de donnees,Une tentative de vol d'informations en se faisant passer pour un organisme de confiance,Le fait de dupliquer un equipement ou une donnee pour eviter une interruption,C,200,25,Le phishing : une tentative de vol d'informations en se faisant passer pour un organisme de confiance.,"innovation,glossaire"
inn-0500,Innovation & IA,innovation-ia,facile,"Dans le monde numerique, que designe un faux profil ?",Un compte cree sous une fausse identite,"Un logiciel dont le code peut etre utilise, modifie et partage librement",Le plan des evolutions prevues pour un service numerique,"Une intelligence artificielle capable de produire du texte, des images ou du son",A,100,20,Un faux profil : un compte cree sous une fausse identite.,"innovation,glossaire"
inn-0501,Innovation & IA,innovation-ia,moyen,"Qui est a l'origine de cette avancee : le Cardiopad, tablette d'examen cardiaque ?",Verone Mankou,John McCarthy,Arthur Zang,Alexander Graham Bell,C,200,25,Il s'agit de Arthur Zang.,"innovation,histoire"
inn-0502,Innovation & IA,innovation-ia,moyen,"Dans le monde numerique, que designe la transformation digitale ?",La reorganisation d'une activite autour des outils numeriques,Un logiciel malveillant qui bloque les donnees et reclame une rancon,Une amelioration progressive d'un produit ou service existant,La page qui presente une personne ou une entreprise sur une plateforme,A,200,25,La transformation digitale : la reorganisation d'une activite autour des outils numeriques.,"innovation,glossaire"
inn-0503,Innovation & IA,innovation-ia,moyen,Quel obstacle freine encore le e-commerce dans plusieurs pays africains ?,Le manque de telephones,L'interdiction du commerce,L'adressage imprecis et le cout de la livraison,L'absence totale de clients,C,200,25,Le dernier kilometre reste un defi logistique.,"innovation,afrique"
inn-0504,Innovation & IA,innovation-ia,facile,Quel est le principal benefice de cette demarche : creer un visuel de communication sans graphiste ?,Reduire les erreurs et le temps de saisie,Communiquer a grande echelle a faible cout,Economiser l'eau et ameliorer les rendements,Produire des visuels corrects a faible cout,D,100,20,Le gain principal : produire des visuels corrects a faible cout.,"innovation,usages"
inn-0505,Innovation & IA,innovation-ia,moyen,Quel terme correspond a cette definition : Le retour d'une somme au client via un canal numerique ?,un ecran tactile,un remboursement en ligne,un site frauduleux,une audience en ligne,B,200,25,Il s'agit d'un remboursement en ligne.,"innovation,glossaire"
inn-0506,Innovation & IA,innovation-ia,challenge,Pour quelle contribution Verone Mankou est-il ou est-elle connu(e) ?,la telegraphie sans fil,la vaccination moderne et la pasteurisation,la premiere tablette concue en Afrique centrale,l'expression intelligence artificielle,C,300,30,Verone Mankou est associe(e) a la premiere tablette concue en Afrique centrale.,"innovation,histoire"
inn-0507,Innovation & IA,innovation-ia,facile,Quel outil numerique permet de : Rediger et mettre en forme des documents ?,un outil de creation graphique en ligne,un traitement de texte,un logiciel de caisse,un assistant IA conversationnel,B,100,20,Il s'agit d'un traitement de texte.,"innovation,outils"
inn-0508,Innovation & IA,innovation-ia,facile,Quel terme correspond a cette definition : Un ensemble de donnees enregistrees sous un nom ?,une politique de confidentialite,un fichier,un abandon de panier,la cybersecurite,B,100,20,Il s'agit d'un fichier.,"innovation,glossaire"
inn-0509,Innovation & IA,innovation-ia,moyen,Quel usage du drone est deja operationnel en Afrique de l'Est pour la sante ?,Le transport de passagers,La distribution de repas chauds partout,La livraison de sang et de medicaments,Le remplacement des ambulances routieres,C,200,25,Zipline livre des produits sanguins au Rwanda et au Ghana.,"innovation,afrique"
inn-0510,Innovation & IA,innovation-ia,moyen,Quelle est la mission principale d'un pilote de drone professionnel ?,Realiser des prises de vue ou des mesures aeriennes,Assembler et retoucher des sequences video,Definir les priorites d'un produit numerique au nom des utilisateurs,Reparer et entretenir les equipements informatiques,A,200,25,Un pilote de drone professionnel : realiser des prises de vue ou des mesures aeriennes.,"innovation,metiers"
inn-0511,Innovation & IA,innovation-ia,moyen,"Dans le monde numerique, que designe l'accessibilite numerique ?",La conception de services utilisables aussi par les personnes en situation de handicap,La capacite de stockage disponible sur un appareil,Le code qui permet de retrouver une operation de paiement,La personne qui se sert d'un produit ou d'un service numerique,A,200,25,L'accessibilite numerique : la conception de services utilisables aussi par les personnes en situation de handicap.,"innovation,glossaire"
inn-0512,Innovation & IA,innovation-ia,moyen,Quel est le risque de confier des donnees clients a un outil en ligne sans lire ses conditions ?,Perdre la maitrise de l'usage qui sera fait de ces donnees,Reduire ses couts sans contrepartie,Ameliorer automatiquement sa securite,Obtenir une certification,A,200,25,Les conditions d'utilisation determinent le sort des donnees.,"innovation,comprehension"
inn-0513,Innovation & IA,innovation-ia,moyen,Qui est a l'origine de cette avancee : le test de Turing et les bases de l'informatique moderne ?,Geoffrey Hinton,Yann LeCun,Alan Turing,Tim Berners-Lee,C,200,25,Il s'agit de Alan Turing.,"innovation,histoire"
inn-0514,Innovation & IA,innovation-ia,facile,Quel est le principal benefice de cette demarche : vendre a des clients situes dans une autre ville ?,Produire des visuels corrects a faible cout,Repondre plus vite et a toute heure,Elargir la zone de chalandise sans nouveau local,Mieux dimensionner les achats et les stocks,C,100,20,Le gain principal : elargir la zone de chalandise sans nouveau local.,"innovation,usages"
inn-0515,Innovation & IA,innovation-ia,moyen,"Dans le monde numerique, que designe une facture electronique ?",La transformation d'un texte en parole audible,Un compte numerique qui stocke de l'argent pour payer en ligne ou par telephone,La prise de decisions fondee sur des chiffres mesures plutot que sur l'intuition,"Une facture emise, transmise et conservee sous format numerique",D,200,25,"Une facture electronique : une facture emise, transmise et conservee sous format numerique.","innovation,glossaire"
inn-0516,Innovation & IA,innovation-ia,moyen,Quel est le principal benefice de cette demarche : identifier un client sans carte grace a son empreinte ?,Limiter les pertes financieres,Securiser l'acces tout en simplifiant l'identification,Assurer la continuite du suivi commercial,Produire des visuels corrects a faible cout,B,200,25,Le gain principal : securiser l'acces tout en simplifiant l'identification.,"innovation,usages"
inn-0517,Innovation & IA,innovation-ia,moyen,Quel terme correspond a cette definition : Une premiere version testable d'un service numerique ?,un MOOC,un prototype numerique,le consentement,la synthese vocale,B,200,25,Il s'agit d'un prototype numerique.,"innovation,glossaire"
inn-0518,Innovation & IA,innovation-ia,facile,Une petite entreprise veut envoyer un rappel de rendez-vous aux clients. Quelle solution numerique est la plus adaptee ?,La reconnaissance automatique de documents,L'analyse des donnees historiques de vente,Un document partage en ligne,Un envoi automatique de SMS ou de notifications,D,100,20,"Pour envoyer un rappel de rendez-vous aux clients, un envoi automatique de sms ou de notifications est la reponse la plus directe.","innovation,usages"
inn-0519,Innovation & IA,innovation-ia,facile,Quelle situation justifie cette bonne pratique : Ne pas l'ouvrir et verifier l'expediteur ?,Un fichier joint inattendu arrive d'un expediteur inconnu,Un site vous demande de payer sans afficher aucune mention legale,Un inconnu vous appelle en se disant technicien et demande un code recu par SMS,Vous n'avez aucune copie de votre fichier client,A,100,20,Cette pratique repond au cas suivant : un fichier joint inattendu arrive d'un expediteur inconnu.,"innovation,cybersecurite"
inn-0520,Innovation & IA,innovation-ia,moyen,Dans quel domaine Steve Wozniak a-t-il ou a-t-elle laisse sa marque ?,L'energie,Les transports,L'informatique,La sante,C,200,25,Steve Wozniak a marque ce domaine : L'informatique.,"innovation,histoire"
inn-0521,Innovation & IA,innovation-ia,facile,Une petite entreprise veut repondre automatiquement aux questions frequentes des clients. Quelle solution numerique est la plus adaptee ?,Un outil d'automatisation des taches,L'analyse des donnees historiques de vente,L'analyse du parcours utilisateur,Un chatbot ou agent conversationnel,D,100,20,"Pour repondre automatiquement aux questions frequentes des clients, un chatbot ou agent conversationnel est la reponse la plus directe.","innovation,usages"
inn-0522,Innovation & IA,innovation-ia,facile,Quel terme correspond a cette definition : Un service permettant d'envoyer et de recevoir de l'argent depuis un telephone ?,la classification automatique,une place de marche en ligne,le mobile money,un tableau de bord numerique,C,100,20,Il s'agit du mobile money.,"innovation,glossaire"
inn-0523,Innovation & IA,innovation-ia,challenge,Quel terme correspond a cette definition : La suppression des elements permettant d'identifier une personne dans un jeu de donnees ?,le numerique responsable,un ordinateur portable,un chatbot,l'anonymisation,D,300,30,Il s'agit de l'anonymisation.,"innovation,glossaire"
inn-0524,Innovation & IA,innovation-ia,facile,Quel terme correspond a cette definition : La conversion d'un texte d'une langue a une autre par un logiciel ?,la desinformation en ligne,la traduction automatique,l'agriculture de precision,un objet connecte,B,100,20,Il s'agit de la traduction automatique.,"innovation,glossaire"
inn-0525,Innovation & IA,innovation-ia,challenge,Quel est le principal benefice de cette demarche : montrer un meuble dans le salon du client avant l'achat ?,Ameliorer l'experience client,Ne pas perdre la vente et garder une trace,Produire des visuels corrects a faible cout,Aider le client a se projeter et reduire les retours,D,300,30,Le gain principal : aider le client a se projeter et reduire les retours.,"innovation,usages"
inn-0526,Innovation & IA,innovation-ia,moyen,Une petite entreprise veut resumer un long document en quelques points. Quelle solution numerique est la plus adaptee ?,Un catalogue en ligne mis a jour,Une boutique en ligne,Une IA generative de texte,La reconnaissance d'images,C,200,25,"Pour resumer un long document en quelques points, une ia generative de texte est la reponse la plus directe.","innovation,usages"
inn-0527,Innovation & IA,innovation-ia,moyen,Quel terme correspond a cette definition : La production par une machine d'une version courte d'un texte long ?,l'automatisation des taches administratives,l'experience utilisateur,un resume automatique,le deepfake,C,200,25,Il s'agit d'un resume automatique.,"innovation,glossaire"
inn-0528,Innovation & IA,innovation-ia,facile,Quel outil numerique permet de : Coordonner les rendez-vous d'une equipe ?,un agenda partage,un logiciel de caisse,une plateforme de formation en ligne,un espace de stockage en ligne,A,100,20,Il s'agit d'un agenda partage.,"innovation,outils"
inn-0529,Innovation & IA,innovation-ia,moyen,"Dans le monde numerique, que designe un modem ?",L'appareil qui relie un local au reseau de l'operateur,Le service qui stocke un site et le rend accessible en ligne,Un paiement recurrent donnant acces a un service en ligne,L'avis exprime par une personne apres avoir utilise un service,A,200,25,Un modem : l'appareil qui relie un local au reseau de l'operateur.,"innovation,glossaire"
inn-0530,Innovation & IA,innovation-ia,moyen,Quel ordinateur a battu le champion du monde d'echecs Garry Kasparov en 1997 ?,Deep Blue,AlphaGo,Watson,ENIAC,A,200,25,"Deep Blue, developpe par IBM, l'emporte en 1997.","innovation,histoire"
inn-0531,Innovation & IA,innovation-ia,facile,"Quel terme correspond a cette definition : Une periode ou le service est accessible sans payer, pour le tester ?",un commentaire,un scanner,un essai gratuit,la telemedecine,C,100,20,Il s'agit d'un essai gratuit.,"innovation,glossaire"
inn-0532,Innovation & IA,innovation-ia,facile,"Dans le monde numerique, que designe un drone ?","Un aeronef sans pilote a bord, pilote a distance ou automatiquement",L'ensemble des moyens qui protegent les systemes et les donnees contre les attaques,Un logiciel malveillant qui bloque les donnees et reclame une rancon,Un service en ligne qui met en relation plusieurs types d'utilisateurs,A,100,20,"Un drone : un aeronef sans pilote a bord, pilote a distance ou automatiquement.","innovation,glossaire"
inn-0533,Innovation & IA,innovation-ia,moyen,A quel besoin repond principalement cette solution : Une solution de paiement en ligne ?,Rediger une premiere version d'annonce publicitaire,Accepter des paiements depuis l'etranger,Verifier qu'une information vue en ligne est vraie,Connaitre l'avis des clients apres un achat,B,200,25,Une solution de paiement en ligne sert notamment a accepter des paiements depuis l'etranger.,"innovation,usages"
inn-0534,Innovation & IA,innovation-ia,challenge,De quel pays Waspito est-il ou est-elle originaire ?,le Kenya,l'Afrique du Sud,la Tunisie,le Cameroun,D,300,30,Waspito vient de ce pays : le Cameroun.,"innovation,afrique"
inn-0535,Innovation & IA,innovation-ia,facile,Quelle est la mission principale d'un monteur video ?,Ameliorer le parcours et le ressenti des utilisateurs,Animer la presence d'une marque sur les reseaux sociaux,Creer des applications destinees aux telephones,Assembler et retoucher des sequences video,D,100,20,Un monteur video : assembler et retoucher des sequences video.,"innovation,metiers"
inn-0536,Innovation & IA,innovation-ia,facile,Quel terme correspond a cette definition : Une reaction ecrite laissee sous une publication ?,une piece jointe,un systeme de recommandation,un devis en ligne,un commentaire,D,100,20,Il s'agit d'un commentaire.,"innovation,glossaire"
inn-0537,Innovation & IA,innovation-ia,facile,A quel besoin repond principalement cette solution : La verification des sources ?,Suivre la position d'une livraison en cours,Faire signer un contrat a distance,Permettre a un client de retrouver une fiche produit en magasin,Verifier qu'une information vue en ligne est vraie,D,100,20,La verification des sources sert notamment a verifier qu'une information vue en ligne est vraie.,"innovation,usages"
inn-0538,Innovation & IA,innovation-ia,moyen,Quel terme correspond a cette definition : Une technologie de cable permettant des debits internet tres eleves ?,une donnee,la fibre optique,un virus informatique,la redondance,B,200,25,Il s'agit de la fibre optique.,"innovation,glossaire"
inn-0539,Innovation & IA,innovation-ia,moyen,Quel est le principal benefice de cette demarche : verifier l'identite d'un utilisateur avant un paiement ?,Reduire fortement le risque de fraude,Communiquer a grande echelle a faible cout,Augmenter le panier moyen,Retrouver ses donnees en cas d'incident,A,200,25,Le gain principal : reduire fortement le risque de fraude.,"innovation,usages"
inn-0540,Innovation & IA,innovation-ia,challenge,Quel est le principal benefice de cette demarche : prevoir les ventes de la saison prochaine ?,Reduire les couts et le temps de formation,Mieux dimensionner les achats et les stocks,Conclure plus vite sans deplacement,Ameliorer l'offre grace aux retours,B,300,30,Le gain principal : mieux dimensionner les achats et les stocks.,"innovation,usages"
inn-0541,Innovation & IA,innovation-ia,moyen,"Dans le monde numerique, que designe un contrat de maintenance ?",La phase pendant laquelle un systeme d'IA apprend a partir de donnees,La possibilite d'utiliser un service sans connexion internet,L'accord qui organise l'entretien et le depannage d'un systeme,La rediffusion d'un contenu vers son propre reseau,C,200,25,Un contrat de maintenance : l'accord qui organise l'entretien et le depannage d'un systeme.,"innovation,glossaire"
inn-0542,Innovation & IA,innovation-ia,challenge,De quel pays InstaDeep est-il ou est-elle originaire ?,le Rwanda,l'Algerie,la Tunisie,le Kenya,C,300,30,InstaDeep vient de ce pays : la Tunisie.,"innovation,afrique"
inn-0543,Innovation & IA,innovation-ia,facile,Quelle situation justifie cette bonne pratique : Refuser de communiquer le code et raccrocher ?,Votre logiciel affiche depuis des mois un message de mise a jour,Vous jetez un ancien ordinateur sans effacer son disque,Un inconnu vous appelle en se disant technicien et demande un code recu par SMS,Votre boutique en ligne stocke les mots de passe clients en clair,C,100,20,Cette pratique repond au cas suivant : un inconnu vous appelle en se disant technicien et demande un code recu par SMS.,"innovation,cybersecurite"
inn-0544,Innovation & IA,innovation-ia,facile,"Dans le monde numerique, que designe l'historique de navigation ?",La memoire de travail temporaire d'un appareil,La liste des pages consultees par un utilisateur,La creation d'applications sans ecrire de code informatique,Un petit fichier depose par un site pour retenir des informations sur la visite,B,100,20,L'historique de navigation : la liste des pages consultees par un utilisateur.,"innovation,glossaire"
inn-0545,Innovation & IA,innovation-ia,moyen,Qu'est-ce que l'innovation frugale ?,Obtenir un resultat utile avec des ressources tres limitees,Refuser toute nouveaute,Depenser beaucoup pour innover,Copier une technologie etrangere,A,200,25,L'innovation frugale est particulierement adaptee aux contextes contraints.,"innovation,comprehension"
inn-0546,Innovation & IA,innovation-ia,moyen,Quel terme correspond a cette definition : L'image d'une personne ou d'une entreprise telle qu'elle apparait sur internet ?,la realite augmentee,une mise a jour,la e-reputation,une place de marche en ligne,C,200,25,Il s'agit de la e-reputation.,"innovation,glossaire"
inn-0547,Innovation & IA,innovation-ia,facile,Quel professionnel du numerique a pour mission de : Creer les visuels et l'identite graphique ?,un ingenieur en intelligence artificielle,un designer d'interface,un graphiste numerique,un developpeur mobile,C,100,20,Il s'agit d'un graphiste numerique.,"innovation,metiers"
inn-0548,Innovation & IA,innovation-ia,moyen,Dans quel domaine Johannes Gutenberg a-t-il ou a-t-elle laisse sa marque ?,L'imprimerie,L'electronique,La sante,Les telecommunications,A,200,25,Johannes Gutenberg a marque ce domaine : L'imprimerie.,"innovation,histoire"
inn-0549,Innovation & IA,innovation-ia,moyen,"Dans le monde numerique, que designe une cryptomonnaie ?",Le harcelement d'une personne au moyen des outils numeriques,Une monnaie numerique fonctionnant sans banque centrale,La preuve de paiement transmise sous forme numerique,L'image d'une personne ou d'une entreprise telle qu'elle apparait sur internet,B,200,25,Une cryptomonnaie : une monnaie numerique fonctionnant sans banque centrale.,"innovation,glossaire"
inn-0550,Innovation & IA,innovation-ia,facile,"Dans le monde numerique, que designe un ecran tactile ?",Une nouvelle version qui corrige ou ameliore un logiciel,Un ecran qui reagit directement au contact du doigt,La capacite d'un systeme a interpreter des images,La personne qui veille au respect des regles dans un espace en ligne,B,100,20,Un ecran tactile : un ecran qui reagit directement au contact du doigt.,"innovation,glossaire"
inn-0551,Innovation & IA,innovation-ia,facile,Une petite entreprise veut reduire les erreurs de calcul dans les devis. Quelle solution numerique est la plus adaptee ?,Un tableur avec formules automatiques,La realite augmentee,Un cours en ligne (MOOC),Un questionnaire de satisfaction en ligne,A,100,20,"Pour reduire les erreurs de calcul dans les devis, un tableur avec formules automatiques est la reponse la plus directe.","innovation,usages"
inn-0552,Innovation & IA,innovation-ia,facile,Quel est le principal benefice de cette demarche : envoyer une information a tous ses clients d'un coup ?,Decider a partir de chiffres reels,Rassurer le client et augmenter les reservations,Servir une clientele plus large,Communiquer a grande echelle a faible cout,D,100,20,Le gain principal : communiquer a grande echelle a faible cout.,"innovation,usages"
inn-0553,Innovation & IA,innovation-ia,moyen,Quelle competence devient essentielle a l'ere de l'IA generative ?,Savoir eviter tout outil numerique,Savoir reciter des codes,Savoir formuler une demande precise et verifier le resultat obtenu,Savoir taper vite au clavier uniquement,C,200,25,Formuler et verifier sont les deux competences cles.,"innovation,comprehension"
inn-0554,Innovation & IA,innovation-ia,facile,Un centre de formation veut toucher des apprenants eloignes. Quelle solution ?,Construire dix nouveaux batiments,Supprimer les supports pedagogiques,Proposer des cours en ligne accessibles depuis un telephone,Limiter les inscriptions,C,100,20,Le e-learning reduit la contrainte de distance.,"innovation,mise-en-situation"
inn-0555,Innovation & IA,innovation-ia,challenge,"Dans le monde numerique, que designe le numerique responsable ?",L'usage de donnees et de capteurs pour optimiser les cultures,Une approche qui limite les effets negatifs sociaux et ecologiques du numerique,La possibilite d'utiliser un service sans connexion internet,L'image d'une personne ou d'une entreprise telle qu'elle apparait sur internet,B,300,30,Le numerique responsable : une approche qui limite les effets negatifs sociaux et ecologiques du numerique.,"innovation,glossaire"
inn-0556,Innovation & IA,innovation-ia,challenge,Qu'est-ce que le premier reseau ancetre d'internet ?,ARPANET,Le cable transatlantique,Le telex,Le minitel,A,300,30,ARPANET est ne a la fin des annees 1960.,"innovation,histoire"
inn-0557,Innovation & IA,innovation-ia,moyen,Une petite entreprise veut recommander des produits complementaires a un acheteur en ligne. Quelle solution numerique est la plus adaptee ?,Un logiciel de gestion de la relation client,Un systeme de recommandation,Une visite virtuelle,Le paiement par mobile money,B,200,25,"Pour recommander des produits complementaires a un acheteur en ligne, un systeme de recommandation est la reponse la plus directe.","innovation,usages"
inn-0558,Innovation & IA,innovation-ia,facile,Quel terme correspond a cette definition : Le passage d'un support papier ou manuel a un format numerique ?,la numerisation,un terminal de paiement,un code promotionnel,une panne de service,A,100,20,Il s'agit de la numerisation.,"innovation,glossaire"
inn-0559,Innovation & IA,innovation-ia,facile,Quel terme correspond a cette definition : La liste des pages consultees par un utilisateur ?,un PDF,l'historique de navigation,l'agriculture de precision,le GPS,B,100,20,Il s'agit de l'historique de navigation.,"innovation,glossaire"
inn-0560,Innovation & IA,innovation-ia,moyen,Quelle est l'activite principale de Glotelho ?,La vente en ligne d'appareils et d'electromenager,La livraison medicale par drone,Le transport a la demande et la livraison,L'intelligence artificielle appliquee aux entreprises,A,200,25,Glotelho : la vente en ligne d'appareils et d'electromenager (le Cameroun).,"innovation,afrique"
inn-0561,Innovation & IA,innovation-ia,facile,Quel terme correspond a cette definition : Une personne qui suit les publications d'un compte ?,un correcteur automatique,un abonne,une signature electronique,un devis en ligne,B,100,20,Il s'agit d'un abonne.,"innovation,glossaire"
inn-0562,Innovation & IA,innovation-ia,challenge,"Dans le monde numerique, que designe un pixel de suivi ?",Une monnaie numerique fonctionnant sans banque centrale,Un procede qui authentifie un signataire sur un document numerique,Un programme qui dialogue automatiquement avec les utilisateurs,Un petit element qui mesure le comportement des visiteurs d'un site,D,300,30,Un pixel de suivi : un petit element qui mesure le comportement des visiteurs d'un site.,"innovation,glossaire"
inn-0563,Innovation & IA,innovation-ia,facile,Quelle situation justifie cette bonne pratique : Ne jamais publier ses coordonnees bancaires en ligne ?,Un site vous demande de payer sans afficher aucune mention legale,Vous n'avez aucune copie de votre fichier client,Un message urgent du dirigeant demande un virement immediat sans verification,Vous partagez publiquement une photo de votre carte bancaire,D,100,20,Cette pratique repond au cas suivant : vous partagez publiquement une photo de votre carte bancaire.,"innovation,cybersecurite"
inn-0564,Innovation & IA,innovation-ia,moyen,Dans quel domaine Les freres Wright a-t-il ou a-t-elle laisse sa marque ?,L'imprimerie,L'informatique,Les transports,Internet,C,200,25,Les freres Wright a marque ce domaine : Les transports.,"innovation,histoire"
inn-0565,Innovation & IA,innovation-ia,moyen,Quel terme correspond a cette definition : La capacite d'un programme a s'ameliorer a partir d'exemples ?,un partage,l'apprentissage automatique,la sobriete numerique,le referencement,B,200,25,Il s'agit de l'apprentissage automatique.,"innovation,glossaire"
inn-0566,Innovation & IA,innovation-ia,moyen,Quel terme correspond a cette definition : La mise a jour automatique des memes donnees sur plusieurs appareils ?,la desinformation en ligne,la synchronisation,un devis en ligne,un taux de disponibilite,B,200,25,Il s'agit de la synchronisation.,"innovation,glossaire"
inn-0567,Innovation & IA,innovation-ia,facile,Quel professionnel du numerique a pour mission de : Produire des contenus ecrits pour internet ?,un redacteur web,un developpeur mobile,un product owner,un chef de projet numerique,A,100,20,Il s'agit d'un redacteur web.,"innovation,metiers"
inn-0568,Innovation & IA,innovation-ia,facile,"Dans le monde numerique, que designe un identifiant ?",Le nom d'utilisateur qui permet de se connecter a un service,La copie virtuelle d'un objet ou d'un processus reel,"Une periode ou le service est accessible sans payer, pour le tester",Le document decrivant precisement les fonctions attendues d'un outil,A,100,20,Un identifiant : le nom d'utilisateur qui permet de se connecter a un service.,"innovation,glossaire"
inn-0569,Innovation & IA,innovation-ia,facile,Quel terme correspond a cette definition : Le partage de la connexion internet d'un telephone avec d'autres appareils ?,un identifiant de transaction,la fracture numerique,la reconnaissance vocale,un point d'acces mobile,D,100,20,Il s'agit d'un point d'acces mobile.,"innovation,glossaire"
inn-0570,Innovation & IA,innovation-ia,moyen,Quel terme correspond a cette definition : Le document expliquant comment un service traite les donnees personnelles ?,un mot de passe,une politique de confidentialite,la e-reputation,le deepfake,B,200,25,Il s'agit d'une politique de confidentialite.,"innovation,glossaire"
inn-0571,Innovation & IA,innovation-ia,moyen,Qui est a l'origine de cette avancee : le premier algorithme destine a une machine ?,Grace Hopper,Ada Lovelace,Guglielmo Marconi,Alexander Fleming,B,200,25,Il s'agit de Ada Lovelace.,"innovation,histoire"
inn-0572,Innovation & IA,innovation-ia,moyen,"Dans le monde numerique, que designe un marketplace ?",L'adresse unique qui identifie un site sur internet,Le passage d'un support papier ou manuel a un format numerique,Un ensemble de pages accessibles en ligne a une meme adresse,Une plateforme ou de nombreux vendeurs proposent leurs produits,D,200,25,Un marketplace : une plateforme ou de nombreux vendeurs proposent leurs produits.,"innovation,glossaire"
inn-0573,Innovation & IA,innovation-ia,facile,A quel besoin repond principalement cette solution : Un document partage en ligne ?,Fabriquer une piece de rechange unique rapidement,Suivre la position d'une livraison en cours,Travailler a plusieurs sur le meme document,Verifier qu'une information vue en ligne est vraie,C,100,20,Un document partage en ligne sert notamment a travailler a plusieurs sur le meme document.,"innovation,usages"
inn-0574,Innovation & IA,innovation-ia,moyen,"Dans le monde numerique, que designe un routeur ?",Un service permettant d'envoyer et de recevoir de l'argent depuis un telephone,Une technologie qui plonge l'utilisateur dans un environnement entierement simule,L'appareil qui distribue la connexion internet dans un local,Un dispositif qui suggere des contenus ou produits selon les gouts de l'utilisateur,C,200,25,Un routeur : l'appareil qui distribue la connexion internet dans un local.,"innovation,glossaire"
inn-0575,Innovation & IA,innovation-ia,facile,Quel terme correspond a cette definition : Un programme installe sur un telephone pour rendre un service ?,un identifiant unique,un ticket d'assistance,le no-code,une application mobile,D,100,20,Il s'agit d'une application mobile.,"innovation,glossaire"
inn-0576,Innovation & IA,innovation-ia,facile,"Dans le monde numerique, que designe un site web ?",Un appareil externe relie a un ordinateur,La transformation automatique de la parole en texte,Un element cliquable qui renvoie vers une autre page ou ressource,Un ensemble de pages accessibles en ligne a une meme adresse,D,100,20,Un site web : un ensemble de pages accessibles en ligne a une meme adresse.,"innovation,glossaire"
inn-0577,Innovation & IA,innovation-ia,moyen,Quel terme correspond a cette definition : Le service qui stocke un site et le rend accessible en ligne ?,un identifiant de transaction,l'hebergement web,un moteur de traduction,l'agriculture de precision,B,200,25,Il s'agit de l'hebergement web.,"innovation,glossaire"
inn-0578,Innovation & IA,innovation-ia,facile,Quel outil numerique permet de : Creer des diaporamas pour presenter un projet ?,un logiciel de presentation,un agenda partage,un espace de stockage en ligne,un antivirus,A,100,20,Il s'agit d'un logiciel de presentation.,"innovation,outils"
inn-0579,Innovation & IA,innovation-ia,facile,Une petite entreprise veut apprendre un metier depuis chez soi. Quelle solution numerique est la plus adaptee ?,Une boutique en ligne,La signature electronique,Un cours en ligne (MOOC),Un questionnaire de satisfaction en ligne,C,100,20,"Pour apprendre un metier depuis chez soi, un cours en ligne (mooc) est la reponse la plus directe.","innovation,usages"
inn-0580,Innovation & IA,innovation-ia,challenge,Quel service correspond a cette activite : La teleconsultation medicale ?,Flutterwave,Waspito,Diool,Twiga Foods,B,300,30,Waspito correspond a cette activite.,"innovation,afrique"
inn-0581,Innovation & IA,innovation-ia,facile,"Dans le monde numerique, que designe la maintenance ?",Le fait d'etiqueter des donnees pour apprendre a une IA a les reconnaitre,Le parcours qui mene un visiteur en ligne jusqu'a l'achat,Un paiement recurrent qui donne acces a un service,L'entretien regulier d'un systeme pour qu'il reste operationnel,D,100,20,La maintenance : l'entretien regulier d'un systeme pour qu'il reste operationnel.,"innovation,glossaire"
inn-0582,Innovation & IA,innovation-ia,facile,Quel terme correspond a cette definition : La vente de produits ou services sur internet ?,le e-commerce,un essai gratuit,l'interface,la personnalisation,A,100,20,Il s'agit du e-commerce.,"innovation,glossaire"
inn-0583,Innovation & IA,innovation-ia,facile,Quel terme correspond a cette definition : Un fichier consultable et modifiable a plusieurs en ligne ?,une carte SIM,un MOOC,un programme de fidelite numerique,un document partage,D,100,20,Il s'agit d'un document partage.,"innovation,glossaire"
inn-0584,Innovation & IA,innovation-ia,facile,Quel est le principal benefice de cette demarche : repondre a un client anglophone quand on ne parle pas anglais ?,Produire a l'unite sans outillage industriel,Reduire le risque de piratage,Servir une clientele plus large,Gagner du temps et limiter les erreurs,C,100,20,Le gain principal : servir une clientele plus large.,"innovation,usages"
inn-0585,Innovation & IA,innovation-ia,facile,Quel usage du code QR se developpe fortement dans le commerce africain ?,Le stockage d'eau,Le paiement et l'acces rapide a une information produit,Le remplacement des routes,La production d'electricite,B,100,20,Le QR code sert au paiement et a l'information.,"innovation,afrique"
inn-0586,Innovation & IA,innovation-ia,challenge,Qui est a l'origine de cette avancee : les avancees majeures de l'apprentissage profond ?,Alexander Fleming,Larry Page,Geoffrey Hinton,Grace Hopper,C,300,30,Il s'agit de Geoffrey Hinton.,"innovation,histoire"
inn-0587,Innovation & IA,innovation-ia,moyen,Quel terme correspond a cette definition : L'adresse unique qui identifie un site sur internet ?,un nom de domaine,le cyberharcelement,l'automatisation,une newsletter,A,200,25,Il s'agit d'un nom de domaine.,"innovation,glossaire"
inn-0588,Innovation & IA,innovation-ia,moyen,"Dans le monde numerique, que designe un cahier des charges numerique ?",Le parcours qui mene un visiteur en ligne jusqu'a l'achat,Le service qui stocke un site et le rend accessible en ligne,Une mesure chiffree du fonctionnement d'un service en ligne,Le document decrivant precisement les fonctions attendues d'un outil,D,200,25,Un cahier des charges numerique : le document decrivant precisement les fonctions attendues d'un outil.,"innovation,glossaire"
inn-0589,Innovation & IA,innovation-ia,facile,"Dans le monde numerique, que designe un logiciel de caisse ?",Un outil qui enregistre les ventes et edite les tickets,Un registre numerique partage qui enregistre les transactions de facon infalsifiable,"Un service utilisable directement depuis un navigateur, sans installation",Une observation de personnes reelles utilisant le produit,A,100,20,Un logiciel de caisse : un outil qui enregistre les ventes et edite les tickets.,"innovation,glossaire"
inn-0590,Innovation & IA,innovation-ia,moyen,A quoi sert principalement un logiciel de comptabilite ?,Conserver et partager des fichiers accessibles partout,Enregistrer les operations financieres de l'entreprise,Realiser des visuels sans competence de designer,Detecter et neutraliser les logiciels malveillants,B,200,25,Un logiciel de comptabilite sert a : enregistrer les operations financieres de l'entreprise.,"innovation,outils"
inn-0591,Innovation & IA,innovation-ia,moyen,Quel terme correspond a cette definition : Un reglement reparti en plusieurs echeances ?,la double authentification,un paiement fractionne,la vie privee numerique,un point d'acces mobile,B,200,25,Il s'agit d'un paiement fractionne.,"innovation,glossaire"
inn-0592,Innovation & IA,innovation-ia,facile,Une petite entreprise veut traduire une fiche produit en anglais pour la vendre au Nigeria. Quelle solution numerique est la plus adaptee ?,Une plateforme de formation en ligne,Un outil de traduction automatique,Une politique de mots de passe forts,Un logiciel de gestion de stock avec code-barres,B,100,20,"Pour traduire une fiche produit en anglais pour la vendre au Nigeria, un outil de traduction automatique est la reponse la plus directe.","innovation,usages"
inn-0593,Innovation & IA,innovation-ia,moyen,Quel terme correspond a cette definition : Un dispositif qui filtre les connexions pour proteger un reseau ?,un cahier des charges numerique,un pare-feu,un filtre anti-spam,l'innovation incrementale,B,200,25,Il s'agit d'un pare-feu.,"innovation,glossaire"
inn-0594,Innovation & IA,innovation-ia,facile,Quel terme correspond a cette definition : La rediffusion d'un contenu vers son propre reseau ?,une story,un partage,un algorithme,la compression de fichier,B,100,20,Il s'agit d'un partage.,"innovation,glossaire"
inn-0595,Innovation & IA,innovation-ia,facile,Quel terme correspond a cette definition : Un fichier envoye avec un message electronique ?,un tutoriel,une plateforme numerique,une politique de confidentialite,une piece jointe,D,100,20,Il s'agit d'une piece jointe.,"innovation,glossaire"
inn-0596,Innovation & IA,innovation-ia,moyen,A quel besoin repond principalement cette solution : La reconnaissance vocale ?,Recommander des produits complementaires a un acheteur en ligne,Comprendre pourquoi les visiteurs quittent un site sans acheter,Transcrire automatiquement une reunion en compte rendu,Prevoir les ventes de la saison prochaine,C,200,25,La reconnaissance vocale sert notamment a transcrire automatiquement une reunion en compte rendu.,"innovation,usages"
inn-0597,Innovation & IA,innovation-ia,facile,Une petite entreprise veut creer un visuel de communication sans graphiste. Quelle solution numerique est la plus adaptee ?,Une politique de mots de passe forts,Un outil de creation graphique en ligne,Une plateforme de formation en ligne,La telemedecine,B,100,20,"Pour creer un visuel de communication sans graphiste, un outil de creation graphique en ligne est la reponse la plus directe.","innovation,usages"
inn-0598,Innovation & IA,innovation-ia,moyen,De quel pays Flutterwave est-il ou est-elle originaire ?,le Nigeria,le Cameroun,le Senegal,l'Algerie,A,200,25,Flutterwave vient de ce pays : le Nigeria.,"innovation,afrique"
inn-0599,Innovation & IA,innovation-ia,facile,Quelle est la mission principale d'un graphiste numerique ?,Creer les visuels et l'identite graphique,Assembler et retoucher des sequences video,Exploiter les donnees pour aider a decider,Definir les priorites d'un produit numerique au nom des utilisateurs,A,100,20,Un graphiste numerique : creer les visuels et l'identite graphique.,"innovation,metiers"
inn-0600,Innovation & IA,innovation-ia,moyen,Quel est le principal benefice de cette demarche : former ses employes sans les deplacer ?,Toucher des clients proches a faible cout,Reduire les couts et le temps de formation,Rassurer le client et optimiser les tournees,Limiter les pertes financieres,B,200,25,Le gain principal : reduire les couts et le temps de formation.,"innovation,usages"
inn-0601,Innovation & IA,innovation-ia,moyen,Quel professionnel du numerique a pour mission de : Concevoir l'apparence et l'ergonomie des ecrans ?,un chef de projet numerique,un expert en cybersecurite,un specialiste du support client en ligne,un designer d'interface,D,200,25,Il s'agit d'un designer d'interface.,"innovation,metiers"
inn-0602,Innovation & IA,innovation-ia,moyen,Que faut-il faire dans cette situation : un site vous demande de payer sans afficher aucune mention legale ?,Ne pas payer et verifier l'identite du vendeur,Creer un mot de passe different pour chaque service,Eviter les operations sensibles sur un reseau public non securise,Refuser l'autorisation inutile,A,200,25,Bonne pratique : ne pas payer et verifier l'identite du vendeur.,"innovation,cybersecurite"
inn-0603,Innovation & IA,innovation-ia,challenge,A quel besoin repond principalement cette solution : Des capteurs connectes ?,Identifier un client sans carte grace a son empreinte,Apprendre un metier depuis chez soi,Faire signer un contrat a distance,Surveiller l'humidite d'un champ pour declencher l'irrigation,D,300,30,Des capteurs connectes sert notamment a surveiller l'humidite d'un champ pour declencher l'irrigation.,"innovation,usages"
inn-0604,Innovation & IA,innovation-ia,moyen,Quel terme correspond a cette definition : Le fait de quitter un site sans finaliser sa commande ?,une faille de securite,la geolocalisation,un abandon de panier,un audit numerique,C,200,25,Il s'agit d'un abandon de panier.,"innovation,glossaire"
inn-0605,Innovation & IA,innovation-ia,challenge,Quel service correspond a cette activite : Les terminaux de paiement pour petits commerces ?,Glotelho,Orange Money,Paystack,Yoco,D,300,30,Yoco correspond a cette activite.,"innovation,afrique"
inn-0606,Innovation & IA,innovation-ia,challenge,De quel pays Twiga Foods est-il ou est-elle originaire ?,le Kenya,le Senegal,le Cameroun,le Rwanda,A,300,30,Twiga Foods vient de ce pays : le Kenya.,"innovation,afrique"
inn-0607,Innovation & IA,innovation-ia,facile,Quel outil numerique permet de : Enregistrer les ventes et editer les tickets ?,un logiciel de presentation,un logiciel de caisse,un logiciel de comptabilite,un antivirus,B,100,20,Il s'agit d'un logiciel de caisse.,"innovation,outils"
inn-0608,Innovation & IA,innovation-ia,moyen,"Quel terme correspond a cette definition : Une intelligence artificielle capable de produire du texte, des images ou du son ?",le consentement,la geolocalisation,l'IA generative,un jeu de donnees,C,200,25,Il s'agit de l'IA generative.,"innovation,glossaire"
inn-0609,Innovation & IA,innovation-ia,facile,Quel outil numerique permet de : Diffuser des cours accessibles a distance ?,un agenda partage,un CRM,une plateforme de formation en ligne,un outil de gestion de stock,C,100,20,Il s'agit d'une plateforme de formation en ligne.,"innovation,outils"
inn-0610,Innovation & IA,innovation-ia,moyen,Quel est le principal benefice de cette demarche : resumer un long document en quelques points ?,Augmenter le panier moyen,Rassurer le client et augmenter les reservations,Gagner du temps de lecture,Reduire les rendez-vous manques,C,200,25,Le gain principal : gagner du temps de lecture.,"innovation,usages"
inn-0611,Innovation & IA,innovation-ia,facile,Quel terme correspond a cette definition : Le fait de confier a une machine une tache repetitive realisee auparavant a la main ?,une newsletter,l'automatisation,la geolocalisation,un test utilisateur,B,100,20,Il s'agit de l'automatisation.,"innovation,glossaire"
inn-0612,Innovation & IA,innovation-ia,moyen,"Quel terme correspond a cette definition : Un service utilisable directement depuis un navigateur, sans installation ?",l'automatisation des taches administratives,une application web,un hackathon,la biometrie,B,200,25,Il s'agit d'une application web.,"innovation,glossaire"
inn-0613,Innovation & IA,innovation-ia,facile,A quel besoin repond principalement cette solution : Le paiement par mobile money ?,Garder une trace ecrite de tous les echanges avec un client,Repondre automatiquement aux questions frequentes des clients,Encaisser un client qui n'a pas d'argent liquide,Proteger les acces des employes aux outils de l'entreprise,C,100,20,Le paiement par mobile money sert notamment a encaisser un client qui n'a pas d'argent liquide.,"innovation,usages"
inn-0614,Innovation & IA,innovation-ia,moyen,Quel terme correspond a cette definition : L'usage de l'intelligence artificielle dans le respect des personnes et de la loi ?,un biais algorithmique,les donnees personnelles,l'IA responsable,une tablette,C,200,25,Il s'agit de l'IA responsable.,"innovation,glossaire"
inn-0615,Innovation & IA,innovation-ia,facile,"Dans le monde numerique, que designe un service apres-vente en ligne ?",La personne qui veille au respect des regles dans un espace en ligne,"L'assistance au client apres l'achat, par des canaux numeriques",Une interface qui permet a deux logiciels de communiquer entre eux,Un ecran qui reagit directement au contact du doigt,B,100,20,"Un service apres-vente en ligne : l'assistance au client apres l'achat, par des canaux numeriques.","innovation,glossaire"
inn-0616,Innovation & IA,innovation-ia,facile,"Dans le monde numerique, que designe la reconnaissance vocale ?",Un ordinateur qui fournit des services ou des donnees a d'autres appareils,L'ensemble des personnes touchees par un contenu numerique,Un programme installe sur un telephone pour rendre un service,La transformation automatique de la parole en texte,D,100,20,La reconnaissance vocale : la transformation automatique de la parole en texte.,"innovation,glossaire"
inn-0617,Innovation & IA,innovation-ia,challenge,Quel service correspond a cette activite : La formation et le placement de developpeurs ?,Healthlane,Jumia,Andela,Gifted Mom,C,300,30,Andela correspond a cette activite.,"innovation,afrique"
inn-0618,Innovation & IA,innovation-ia,facile,Quel est le principal benefice de cette demarche : verifier la disponibilite d'un produit avant de se deplacer ?,Relancer les clients endormis au bon moment,Suivre le stock en temps reel,Eviter des deplacements inutiles au client,Eviter les versions multiples et les pertes,C,100,20,Le gain principal : eviter des deplacements inutiles au client.,"innovation,usages"
inn-0619,Innovation & IA,innovation-ia,facile,Que faut-il faire dans cette situation : votre logiciel affiche depuis des mois un message de mise a jour ?,Installer les mises a jour de securite sans tarder,Mettre en place une sauvegarde reguliere et automatique,Chiffrer les mots de passe et securiser la base de donnees,Refuser l'autorisation inutile,A,100,20,Bonne pratique : installer les mises a jour de securite sans tarder.,"innovation,cybersecurite"
inn-0620,Innovation & IA,innovation-ia,facile,Un service client recoit toujours les memes questions. Que faire en priorite ?,Supprimer le service client,Publier une foire aux questions et automatiser les reponses courantes,Ignorer les clients,Repondre plus lentement,B,100,20,La FAQ libere du temps pour les demandes complexes.,"innovation,mise-en-situation"
inn-0621,Innovation & IA,innovation-ia,moyen,Quelle situation justifie cette bonne pratique : Eviter les operations sensibles sur un reseau public non securise ?,Vous recevez un SMS annoncant que vous avez gagne un prix et demandant votre code secret,Un e-mail imite votre banque et demande de confirmer votre mot de passe,Vous notez vos mots de passe sur un papier colle a l'ecran,Vous vous connectez au wifi public d'un hotel pour consulter vos comptes,D,200,25,Cette pratique repond au cas suivant : vous vous connectez au wifi public d'un hotel pour consulter vos comptes.,"innovation,cybersecurite"
inn-0622,Innovation & IA,innovation-ia,facile,Quel outil numerique permet de : Editer et suivre les factures clients ?,un logiciel de facturation,un logiciel de comptabilite,une plateforme de formation en ligne,un traitement de texte,A,100,20,Il s'agit d'un logiciel de facturation.,"innovation,outils"
inn-0623,Innovation & IA,innovation-ia,challenge,Quel professionnel du numerique a pour mission de : Definir les priorites d'un produit numerique au nom des utilisateurs ?,un developpeur mobile,un product owner,un designer d'interface,un expert en cybersecurite,B,300,30,Il s'agit d'un product owner.,"innovation,metiers"
inn-0624,Innovation & IA,innovation-ia,challenge,Une petite entreprise veut prevoir les ventes de la saison prochaine. Quelle solution numerique est la plus adaptee ?,La signature electronique,L'analyse des donnees historiques de vente,Un outil de creation graphique en ligne,Un envoi automatique de SMS ou de notifications,B,300,30,"Pour prevoir les ventes de la saison prochaine, l'analyse des donnees historiques de vente est la reponse la plus directe.","innovation,usages"
inn-0625,Innovation & IA,innovation-ia,moyen,Quel terme correspond a cette definition : Le guide expliquant comment utiliser un outil ?,un robot,un support technique,l'economie collaborative,une documentation utilisateur,D,200,25,Il s'agit d'une documentation utilisateur.,"innovation,glossaire"
inn-0626,Innovation & IA,innovation-ia,facile,Quel terme correspond a cette definition : Un element cliquable qui renvoie vers une autre page ou ressource ?,un biais algorithmique,une imprimante 3D,la e-reputation,un lien hypertexte,D,100,20,Il s'agit d'un lien hypertexte.,"innovation,glossaire"
inn-0627,Innovation & IA,innovation-ia,challenge,Quel est le principal benefice de cette demarche : comprendre pourquoi les visiteurs quittent un site sans acheter ?,Elargir la zone de chalandise sans nouveau local,Fiabiliser les chiffres transmis aux clients,Corriger les points de blocage du tunnel de vente,Gagner du temps et limiter les erreurs,C,300,30,Le gain principal : corriger les points de blocage du tunnel de vente.,"innovation,usages"
inn-0628,Innovation & IA,innovation-ia,challenge,Quel terme correspond a cette definition : Le traitement des donnees au plus pres de l'endroit ou elles sont produites ?,l'informatique en periphérie,l'innovation,un code QR,un faux profil,A,300,30,Il s'agit de l'informatique en periphérie.,"innovation,glossaire"
inn-0629,Innovation & IA,innovation-ia,challenge,A quel besoin repond principalement cette solution : La reconnaissance d'images ?,Former ses employes sans les deplacer,Transcrire automatiquement une reunion en compte rendu,Rediger une premiere version d'annonce publicitaire,Classer automatiquement des milliers de photos de produits,D,300,30,La reconnaissance d'images sert notamment a classer automatiquement des milliers de photos de produits.,"innovation,usages"
inn-0630,Innovation & IA,innovation-ia,facile,Quel terme correspond a cette definition : Le fait de controler l'origine d'une information avant de la croire ?,un mode hors ligne,l'usurpation d'identite,la verification des sources,un utilisateur,C,100,20,Il s'agit de la verification des sources.,"innovation,glossaire"
inn-0631,Innovation & IA,innovation-ia,facile,"Dans le monde numerique, que designe un point d'acces mobile ?",Une technologie qui plonge l'utilisateur dans un environnement entierement simule,Le partage de la connexion internet d'un telephone avec d'autres appareils,Un outil qui enregistre les ventes et edite les tickets,Une publication payante diffusee a un public cible,B,100,20,Un point d'acces mobile : le partage de la connexion internet d'un telephone avec d'autres appareils.,"innovation,glossaire"
inn-0632,Innovation & IA,innovation-ia,moyen,Une equipe refuse d'utiliser un nouvel outil impose. Quelle est la cause la plus probable ?,"Un manque d'explication, de formation ou d'utilite percue",Une formation trop complete,Un outil trop bien documente,Une trop grande facilite d'usage,A,200,25,L'adoption depend du sens et de l'accompagnement.,"innovation,mise-en-situation"
inn-0633,Innovation & IA,innovation-ia,moyen,"Dans le monde numerique, que designe une version beta ?",Une version d'essai diffusee avant la sortie officielle,Une information enregistree qui peut etre traitee par un ordinateur,Un ordinateur qui fournit des services ou des donnees a d'autres appareils,Un element cliquable qui renvoie vers une autre page ou ressource,A,200,25,Une version beta : une version d'essai diffusee avant la sortie officielle.,"innovation,glossaire"
inn-0634,Innovation & IA,innovation-ia,moyen,Quel terme correspond a cette definition : La personne qui veille au respect des regles dans un espace en ligne ?,un faux profil,un point d'acces mobile,un moderateur,un logiciel de gestion,C,200,25,Il s'agit d'un moderateur.,"innovation,glossaire"
inn-0635,Innovation & IA,innovation-ia,moyen,Qui est a l'origine de cette avancee : l'algorithme de classement a l'origine de Google ?,Larry Page,Martin Cooper,Guglielmo Marconi,Louis Pasteur,A,200,25,Il s'agit de Larry Page.,"innovation,histoire"
inn-0636,Innovation & IA,innovation-ia,moyen,Quel est le principal benefice de cette demarche : suivre la position d'une livraison en cours ?,Servir la diaspora et les clients internationaux,Securiser l'acces tout en simplifiant l'identification,Etre visible en ligne rapidement,Rassurer le client et optimiser les tournees,D,200,25,Le gain principal : rassurer le client et optimiser les tournees.,"innovation,usages"
inn-0637,Innovation & IA,innovation-ia,moyen,"Dans le monde numerique, que designe un centre de donnees ?",Le controle par une personne des decisions proposees par une machine,Un batiment qui heberge des serveurs informatiques,Un robot qui repond aux questions frequentes des clients,Un message envoye par une application sur l'ecran du telephone,B,200,25,Un centre de donnees : un batiment qui heberge des serveurs informatiques.,"innovation,glossaire"
inn-0638,Innovation & IA,innovation-ia,moyen,Quel terme correspond a cette definition : Un site imitant un service legitime pour tromper les visiteurs ?,une newsletter,une arnaque en ligne,un algorithme,un site frauduleux,D,200,25,Il s'agit d'un site frauduleux.,"innovation,glossaire"
inn-0639,Innovation & IA,innovation-ia,facile,Quel est le principal benefice de cette demarche : verifier qu'une information vue en ligne est vraie ?,Produire a l'unite sans outillage industriel,Eviter de relayer une fausse information,Donner acces a l'information sans vendeur disponible,Gagner du temps de lecture,B,100,20,Le gain principal : eviter de relayer une fausse information.,"innovation,usages"
inn-0640,Innovation & IA,innovation-ia,facile,Quel terme correspond a cette definition : Une reunion a distance avec image et son ?,une sauvegarde,un utilisateur,une visioconference,le spam,C,100,20,Il s'agit d'une visioconference.,"innovation,glossaire"
inn-0641,Innovation & IA,innovation-ia,moyen,Une petite entreprise veut consulter un medecin depuis un village eloigne. Quelle solution numerique est la plus adaptee ?,La telemedecine,Un outil d'automatisation des taches,Un logiciel de gestion de la relation client,Des compteurs connectes et un suivi des consommations,A,200,25,"Pour consulter un medecin depuis un village eloigne, la telemedecine est la reponse la plus directe.","innovation,usages"
inn-0642,Innovation & IA,innovation-ia,facile,De quel pays MTN MoMo est-il ou est-elle originaire ?,la Tunisie,le Senegal,le Cameroun,l'Afrique du Sud,C,100,20,MTN MoMo vient de ce pays : le Cameroun.,"innovation,afrique"
inn-0643,Innovation & IA,innovation-ia,moyen,Une petite entreprise veut eviter de perdre du temps a compter le stock a la main. Quelle solution numerique est la plus adaptee ?,Un drone,Un logiciel de gestion de stock avec code-barres,Un systeme de recommandation,Un code QR imprime sur l'etiquette,B,200,25,"Pour eviter de perdre du temps a compter le stock a la main, un logiciel de gestion de stock avec code-barres est la reponse la plus directe.","innovation,usages"
inn-0644,Innovation & IA,innovation-ia,facile,"Dans le monde numerique, que designe un essai gratuit ?",La memoire de travail temporaire d'un appareil,Le logiciel qui permet de consulter des sites internet,"Une periode ou le service est accessible sans payer, pour le tester",La preuve de paiement transmise sous forme numerique,C,100,20,"Un essai gratuit : une periode ou le service est accessible sans payer, pour le tester.","innovation,glossaire"
inn-0645,Innovation & IA,innovation-ia,moyen,"Dans le monde numerique, que designe un identifiant unique ?",Un code qui distingue un element de tous les autres dans un systeme,La reorganisation d'une activite autour des outils numeriques,Un dispositif qui filtre les connexions pour proteger un reseau,Un compte cree sous une fausse identite,A,200,25,Un identifiant unique : un code qui distingue un element de tous les autres dans un systeme.,"innovation,glossaire"
inn-0646,Innovation & IA,innovation-ia,moyen,De quel pays M-Pesa est-il ou est-elle originaire ?,la Tunisie,le Nigeria,le Kenya,l'Algerie,C,200,25,M-Pesa vient de ce pays : le Kenya.,"innovation,afrique"
inn-0647,Innovation & IA,innovation-ia,facile,Quel terme correspond a cette definition : Un dispositif qui ecarte automatiquement les messages indesirables ?,la e-reputation,la personnalisation,un filtre anti-spam,la compression de fichier,C,100,20,Il s'agit d'un filtre anti-spam.,"innovation,glossaire"
inn-0648,Innovation & IA,innovation-ia,facile,Quel service numerique facilite l'acces aux soins dans les zones eloignees ?,Le streaming musical,La teleconsultation,Le cinema en ligne,Le jeu video,B,100,20,La telemedecine reduit la contrainte de distance.,"innovation,afrique"
inn-0649,Innovation & IA,innovation-ia,challenge,Quelle loi affirme que le nombre de transistors sur une puce double environ tous les deux ans ?,La loi de Murphy,La loi de Moore,La loi de Pareto,La loi de l'offre,B,300,30,Formulee par Gordon Moore.,"innovation,histoire"
inn-0650,Innovation & IA,innovation-ia,facile,A quoi sert principalement une application de messagerie instantanee ?,Suivre l'avancement du travail d'une equipe,Conserver et partager des fichiers accessibles partout,Echanger des messages en temps reel,Editer et suivre les factures clients,C,100,20,Une application de messagerie instantanee sert a : echanger des messages en temps reel.,"innovation,outils"
inn-0651,Innovation & IA,innovation-ia,moyen,"Dans le monde numerique, que designe un pare-feu ?",Un dispositif qui filtre les connexions pour proteger un reseau,Un paiement recurrent qui donne acces a un service,Un message texte court envoye par le reseau telephonique,Un ensemble de donnees enregistrees sous un nom,A,200,25,Un pare-feu : un dispositif qui filtre les connexions pour proteger un reseau.,"innovation,glossaire"
inn-0652,Innovation & IA,innovation-ia,moyen,A quoi sert principalement un gestionnaire de mots de passe ?,Coordonner les rendez-vous d'une equipe,Suivre l'avancement du travail d'une equipe,Enregistrer les ventes et editer les tickets,Stocker de facon securisee des identifiants complexes,D,200,25,Un gestionnaire de mots de passe sert a : stocker de facon securisee des identifiants complexes.,"innovation,outils"
inn-0653,Innovation & IA,innovation-ia,moyen,Quel terme correspond a cette definition : Un ensemble structure de donnees utilise pour analyser ou entrainer un modele ?,un profil en ligne,un jeu de donnees,le chiffrement,un tableur,B,200,25,Il s'agit d'un jeu de donnees.,"innovation,glossaire"
inn-0654,Innovation & IA,innovation-ia,facile,Une petite entreprise veut faire connaitre une boutique aupres des habitants du quartier. Quelle solution numerique est la plus adaptee ?,Une sauvegarde dans le cloud,Une presence sur les reseaux sociaux locaux,Une solution de paiement en ligne,La reconnaissance vocale,B,100,20,"Pour faire connaitre une boutique aupres des habitants du quartier, une presence sur les reseaux sociaux locaux est la reponse la plus directe.","innovation,usages"
inn-0655,Innovation & IA,innovation-ia,moyen,"Dans le monde numerique, que designe un cookie ?",Un petit fichier depose par un site pour retenir des informations sur la visite,Un programme installe sur un telephone pour rendre un service,La personne qui se sert d'un produit ou d'un service numerique,Un systeme qui convertit automatiquement un texte d'une langue a une autre,A,200,25,Un cookie : un petit fichier depose par un site pour retenir des informations sur la visite.,"innovation,glossaire"
inn-0656,Innovation & IA,innovation-ia,moyen,Quel avantage la ZLECAf offre-t-elle aux entreprises numeriques africaines ?,Un acces facilite a un marche continental,Une interdiction d'exporter,Une taxe supplementaire garantie,Une obligation de fermer,A,200,25,La zone de libre-echange elargit le marche adressable.,"innovation,afrique"
inn-0657,Innovation & IA,innovation-ia,facile,A quelle categorie d'outils appartient une messagerie electronique ?,La numerisation,La bureautique,La communication,La securite,C,100,20,Une messagerie electronique appartient a cette categorie : la communication.,"innovation,outils"
inn-0658,Innovation & IA,innovation-ia,facile,De quel pays Jumia est-il ou est-elle originaire ?,le Cameroun,le Senegal,le Kenya,le Nigeria,D,100,20,Jumia vient de ce pays : le Nigeria.,"innovation,afrique"
inn-0659,Innovation & IA,innovation-ia,facile,"Dans le monde numerique, que designe un panier d'achat ?","L'assistance au client apres l'achat, par des canaux numeriques",L'espace qui rassemble les produits selectionnes avant le paiement,La transformation de donnees en un format illisible sans la cle appropriee,Un evenement court ou des equipes concoivent une solution numerique,B,100,20,Un panier d'achat : l'espace qui rassemble les produits selectionnes avant le paiement.,"innovation,glossaire"
inn-0660,Innovation & IA,innovation-ia,challenge,Dans quel domaine Verone Mankou a-t-il ou a-t-elle laisse sa marque ?,L'informatique,L'electronique,La sante,L'energie,B,300,30,Verone Mankou a marque ce domaine : L'electronique.,"innovation,histoire"
inn-0661,Innovation & IA,innovation-ia,moyen,"Dans le monde numerique, que designe la synthese vocale ?",Un reglement reparti en plusieurs echeances,Un ensemble d'informations organisees pour etre retrouvees facilement,La transformation d'un texte en parole audible,Un mot-cle precede d'un diese servant a classer les publications,C,200,25,La synthese vocale : la transformation d'un texte en parole audible.,"innovation,glossaire"
inn-0662,Innovation & IA,innovation-ia,facile,Quel terme correspond a cette definition : La mise en oeuvre concrete d'une idee nouvelle qui apporte de la valeur ?,l'innovation,le no-code,un taux de disponibilite,un pare-feu,A,100,20,Il s'agit de l'innovation.,"innovation,glossaire"
inn-0663,Innovation & IA,innovation-ia,moyen,"Dans le monde numerique, que designe la telemedecine ?",La consultation medicale realisee a distance grace aux outils numeriques,"Un logiciel dont le code peut etre utilise, modifie et partage librement",Un programme installe sur un telephone pour rendre un service,Une observation de personnes reelles utilisant le produit,A,200,25,La telemedecine : la consultation medicale realisee a distance grace aux outils numeriques.,"innovation,glossaire"
inn-0664,Innovation & IA,innovation-ia,facile,A quoi sert principalement une plateforme de visioconference ?,Centraliser l'historique de la relation avec chaque client,Stocker de facon securisee des identifiants complexes,Organiser des reunions a distance,Editer et suivre les factures clients,C,100,20,Une plateforme de visioconference sert a : organiser des reunions a distance.,"innovation,outils"
inn-0665,Innovation & IA,innovation-ia,facile,"Dans le monde numerique, que designe le e-commerce ?",Un fichier consultable et modifiable a plusieurs en ligne,Un outil qui enregistre les ventes et edite les tickets,La vente de produits ou services sur internet,La prise de decisions fondee sur des chiffres mesures plutot que sur l'intuition,C,100,20,Le e-commerce : la vente de produits ou services sur internet.,"innovation,glossaire"
inn-0666,Innovation & IA,innovation-ia,moyen,A quel besoin repond principalement cette solution : Un logiciel de gestion de la relation client ?,Connaitre l'avis des clients apres un achat,Identifier les clients qui n'ont pas commande depuis trois mois,Eviter de perdre du temps a compter le stock a la main,Verifier la disponibilite d'un produit avant de se deplacer,B,200,25,Un logiciel de gestion de la relation client sert notamment a identifier les clients qui n'ont pas commande depuis trois mois.,"innovation,usages"
inn-0667,Innovation & IA,innovation-ia,facile,Dans quel domaine Louis Pasteur a-t-il ou a-t-elle laisse sa marque ?,La sante,L'energie,Les transports,Internet,A,100,20,Louis Pasteur a marque ce domaine : La sante.,"innovation,histoire"
inn-0668,Innovation & IA,innovation-ia,moyen,Quel terme correspond a cette definition : Un robot qui traite les demandes courantes des clients ?,un service de livraison connecte,le spam,un modele de langage,un chatbot de support,D,200,25,Il s'agit d'un chatbot de support.,"innovation,glossaire"
inn-0669,Innovation & IA,innovation-ia,challenge,Quel terme correspond a cette definition : Une nouvelle facon d'utiliser une technologie existante ?,un incubateur technologique,un moteur de traduction,un systeme d'exploitation,l'innovation d'usage,D,300,30,Il s'agit de l'innovation d'usage.,"innovation,glossaire"
inn-0670,Innovation & IA,innovation-ia,facile,"Dans le monde numerique, que designe un tableur ?",L'avis exprime par une personne apres avoir utilise un service,Un logiciel qui organise des donnees en lignes et colonnes et effectue des calculs,Le fait de se faire passer pour quelqu'un d'autre,Un site qui met en relation de nombreux vendeurs et acheteurs,B,100,20,Un tableur : un logiciel qui organise des donnees en lignes et colonnes et effectue des calculs.,"innovation,glossaire"
inn-0671,Innovation & IA,innovation-ia,facile,Quel outil numerique permet de : Organiser des donnees et faire des calculs ?,une messagerie electronique,un tableur,un outil de gestion de stock,un outil de traduction en ligne,B,100,20,Il s'agit d'un tableur.,"innovation,outils"
inn-0672,Innovation & IA,innovation-ia,moyen,Quel terme correspond a cette definition : Un modele ou des particuliers partagent biens et services via des plateformes ?,la e-reputation,l'economie collaborative,un modele freemium,l'anonymisation,B,200,25,Il s'agit de l'economie collaborative.,"innovation,glossaire"
inn-0673,Innovation & IA,innovation-ia,moyen,"Dans le monde numerique, que designe l'automatisation des taches administratives ?",Un ordinateur autonome et transportable,L'assistance apportee aux utilisateurs en cas de probleme,Le traitement automatique de tache repetitives comme la saisie ou les relances,L'ensemble des personnes touchees par un contenu numerique,C,200,25,L'automatisation des taches administratives : le traitement automatique de tache repetitives comme la saisie ou les relances.,"innovation,glossaire"
inn-0674,Innovation & IA,innovation-ia,moyen,Quel terme correspond a cette definition : Une amelioration progressive d'un produit ou service existant ?,une visioconference,l'innovation incrementale,un hashtag,un contrat de maintenance,B,200,25,Il s'agit de l'innovation incrementale.,"innovation,glossaire"
inn-0675,Innovation & IA,innovation-ia,challenge,"Dans le monde numerique, que designe une feuille de route produit ?",Une tentative de vol d'informations en se faisant passer pour un organisme de confiance,Un contenu diffuse sur un reseau social ou un site,Le plan des evolutions prevues pour un service numerique,La personne qui veille au respect des regles dans un espace en ligne,C,300,30,Une feuille de route produit : le plan des evolutions prevues pour un service numerique.,"innovation,glossaire"
inn-0676,Innovation & IA,innovation-ia,facile,"Dans le monde numerique, que designe un profil en ligne ?",Une proposition de prix transmise par un canal numerique,L'organisation prevue pour maintenir l'activite malgre un incident,L'appareil qui relie un local au reseau de l'operateur,La page qui presente une personne ou une entreprise sur une plateforme,D,100,20,Un profil en ligne : la page qui presente une personne ou une entreprise sur une plateforme.,"innovation,glossaire"
inn-0677,Innovation & IA,innovation-ia,facile,"Dans le monde numerique, que designe un tutoriel ?",L'usage de donnees et de capteurs pour optimiser les cultures,Un compte numerique qui stocke de l'argent pour payer en ligne ou par telephone,La partie visible d'un logiciel avec laquelle l'utilisateur interagit,Un contenu qui explique pas a pas comment realiser une tache,D,100,20,Un tutoriel : un contenu qui explique pas a pas comment realiser une tache.,"innovation,glossaire"
inn-0678,Innovation & IA,innovation-ia,moyen,Quel programme a battu un champion du monde de jeu de go en 2016 ?,Siri,Deep Blue,ELIZA,AlphaGo,D,200,25,AlphaGo a battu Lee Sedol en 2016.,"innovation,histoire"
inn-0679,Innovation & IA,innovation-ia,moyen,Pour quelle contribution Johannes Gutenberg est-il ou est-elle connu(e) ?,le circuit integre,l'usage du symbole arobase dans les adresses e-mail,les premiers travaux sur les compilateurs,l'imprimerie a caracteres mobiles en Europe,D,200,25,Johannes Gutenberg est associe(e) a l'imprimerie a caracteres mobiles en Europe.,"innovation,histoire"
inn-0680,Innovation & IA,innovation-ia,challenge,"Dans le monde numerique, que designe la sobriete numerique ?",Un dispositif qui filtre les connexions pour proteger un reseau,La reduction de l'impact environnemental des usages numeriques,La vente de produits ou services sur internet,Une publication payante diffusee a un public cible,B,300,30,La sobriete numerique : la reduction de l'impact environnemental des usages numeriques.,"innovation,glossaire"
inn-0681,Innovation & IA,innovation-ia,moyen,A quel besoin repond principalement cette solution : Une visite virtuelle ?,Sauvegarder le fichier client contre la perte d'un telephone,Faire decouvrir un hotel avant la reservation,Verifier l'identite d'un utilisateur avant un paiement,Identifier un client sans carte grace a son empreinte,B,200,25,Une visite virtuelle sert notamment a faire decouvrir un hotel avant la reservation.,"innovation,usages"
inn-0682,Innovation & IA,innovation-ia,challenge,A quel besoin repond principalement cette solution : Des compteurs connectes et un suivi des consommations ?,Travailler a plusieurs sur le meme document,Consulter un medecin depuis un village eloigne,Trier automatiquement les commandes recues par messagerie,Reduire la consommation d'electricite d'un atelier,D,300,30,Des compteurs connectes et un suivi des consommations sert notamment a reduire la consommation d'electricite d'un atelier.,"innovation,usages"
inn-0683,Innovation & IA,innovation-ia,facile,"Dans le monde numerique, que designe l'automatisation ?",Le fait de confier a une machine une tache repetitive realisee auparavant a la main,Un message envoye par une application sur l'ecran du telephone,Un logiciel qui organise des donnees en lignes et colonnes et effectue des calculs,Une suite d'instructions permettant de resoudre un probleme ou d'accomplir une tache,A,100,20,L'automatisation : le fait de confier a une machine une tache repetitive realisee auparavant a la main.,"innovation,glossaire"
inn-0684,Innovation & IA,innovation-ia,facile,A quelle categorie d'outils appartient un logiciel de caisse ?,La formation,La numerisation,La gestion,L'intelligence artificielle,C,100,20,Un logiciel de caisse appartient a cette categorie : la gestion.,"innovation,outils"
inn-0685,Innovation & IA,innovation-ia,moyen,Pour quelle contribution Les freres Wright est-il ou est-elle connu(e) ?,le premier vol motorise controle,les reseaux de neurones convolutifs pour l'image,la penicilline,"le Cardiopad, tablette d'examen cardiaque",A,200,25,Les freres Wright est associe(e) a le premier vol motorise controle.,"innovation,histoire"
inn-0686,Innovation & IA,innovation-ia,facile,"Dans le monde numerique, que designe un abonnement numerique ?",Une information enregistree qui peut etre traitee par un ordinateur,Un paiement recurrent donnant acces a un service en ligne,Un reglement reparti en plusieurs echeances,Un petit fichier depose par un site pour retenir des informations sur la visite,B,100,20,Un abonnement numerique : un paiement recurrent donnant acces a un service en ligne.,"innovation,glossaire"
inn-0687,Innovation & IA,innovation-ia,facile,Quel terme correspond a cette definition : Une norme de reseau mobile permettant un acces rapide a internet ?,un moteur de recherche,un tableau de bord numerique,la 4G,une communaute en ligne,C,100,20,Il s'agit de la 4G.,"innovation,glossaire"
inn-0688,Innovation & IA,innovation-ia,moyen,"Dans le monde numerique, que designe l'interface ?",Un evenement court ou des equipes concoivent une solution numerique,Le traitement automatique de tache repetitives comme la saisie ou les relances,La partie visible d'un logiciel avec laquelle l'utilisateur interagit,L'adaptation d'un service aux preferences de chaque utilisateur,C,200,25,L'interface : la partie visible d'un logiciel avec laquelle l'utilisateur interagit.,"innovation,glossaire"
inn-0689,Innovation & IA,innovation-ia,facile,Quel terme correspond a cette definition : L'espace personnel cree pour acceder a un service en ligne ?,un compte utilisateur,une plateforme numerique,la e-reputation,une feuille de route produit,A,100,20,Il s'agit d'un compte utilisateur.,"innovation,glossaire"
inn-0690,Innovation & IA,innovation-ia,moyen,Une intelligence artificielle comprend-elle vraiment le sens de ce qu'elle ecrit ?,"Oui, elle possede une conscience","Oui, exactement comme un humain","Non, elle produit des reponses probables a partir de donnees d'entrainement","Oui, elle a des emotions",C,200,25,"L'IA calcule des probabilites, elle ne comprend pas comme un humain.","innovation,comprehension"
inn-0691,Innovation & IA,innovation-ia,facile,"Dans le monde numerique, que designe l'intelligence artificielle ?",Une technologie qui permet a une machine d'accomplir des taches demandant habituellement de l'intelligence humaine,Les informations qui permettent d'identifier une personne,Une interface qui permet a deux logiciels de communiquer entre eux,La consultation medicale realisee a distance grace aux outils numeriques,A,100,20,L'intelligence artificielle : une technologie qui permet a une machine d'accomplir des taches demandant habituellement de l'intelligence humaine.,"innovation,glossaire"
inn-0692,Innovation & IA,innovation-ia,moyen,"Quel terme correspond a cette definition : Un logiciel dont le code peut etre utilise, modifie et partage librement ?",un logiciel libre,une facture electronique,un hashtag,le no-code,A,200,25,Il s'agit d'un logiciel libre.,"innovation,glossaire"
inn-0693,Innovation & IA,innovation-ia,moyen,Quelle situation justifie cette bonne pratique : Utiliser un gestionnaire de mots de passe securise ?,Votre logiciel affiche depuis des mois un message de mise a jour,Vous notez vos mots de passe sur un papier colle a l'ecran,Vous jetez un ancien ordinateur sans effacer son disque,Vous utilisez le meme mot de passe pour tous vos comptes,B,200,25,Cette pratique repond au cas suivant : vous notez vos mots de passe sur un papier colle a l'ecran.,"innovation,cybersecurite"
inn-0694,Innovation & IA,innovation-ia,moyen,"Dans le monde numerique, que designe un chatbot de support ?",Une tromperie visant a soutirer de l'argent ou des informations sur internet,Un robot qui traite les demandes courantes des clients,Une securite qui demande un second element de verification en plus du mot de passe,Un outil qui enregistre les ventes et edite les tickets,B,200,25,Un chatbot de support : un robot qui traite les demandes courantes des clients.,"innovation,glossaire"
inn-0695,Innovation & IA,innovation-ia,challenge,Qu'appelle-t-on le saut technologique en Afrique ?,L'obligation d'utiliser d'anciennes machines,Le refus des technologies,L'interdiction d'importer,Le fait d'adopter directement une technologie recente sans passer par les etapes intermediaires,D,300,30,Exemple : passer du cash au mobile money sans generaliser le cheque.,"innovation,comprehension"
inn-0696,Innovation & IA,innovation-ia,moyen,Quel service correspond a cette activite : Le transfert d'argent mobile a bas cout ?,Wave,Yoco,M-Pesa,Yassir,A,200,25,Wave correspond a cette activite.,"innovation,afrique"
inn-0697,Innovation & IA,innovation-ia,moyen,Une petite entreprise veut faire decouvrir un hotel avant la reservation. Quelle solution numerique est la plus adaptee ?,L'analyse des donnees historiques de vente,Un logiciel CRM,Une visite virtuelle,Un catalogue en ligne mis a jour,C,200,25,"Pour faire decouvrir un hotel avant la reservation, une visite virtuelle est la reponse la plus directe.","innovation,usages"
inn-0698,Innovation & IA,innovation-ia,facile,"Dans le monde numerique, que designe un fichier ?",Un ensemble de donnees enregistrees sous un nom,Un message d'information envoye regulierement a une liste d'abonnes,Une proposition de prix transmise par un canal numerique,Un site qui met en relation de nombreux vendeurs et acheteurs,A,100,20,Un fichier : un ensemble de donnees enregistrees sous un nom.,"innovation,glossaire"
inn-0699,Innovation & IA,innovation-ia,moyen,Dans quel domaine Larry Page a-t-il ou a-t-elle laisse sa marque ?,La programmation,Les telecommunications,L'electronique,Internet,D,200,25,Larry Page a marque ce domaine : Internet.,"innovation,histoire"
inn-0700,Innovation & IA,innovation-ia,facile,Une petite entreprise veut sauvegarder le fichier client contre la perte d'un telephone. Quelle solution numerique est la plus adaptee ?,Une imprimante 3D,Une politique de mots de passe forts,Une sauvegarde dans le cloud,L'analyse du parcours utilisateur,C,100,20,"Pour sauvegarder le fichier client contre la perte d'un telephone, une sauvegarde dans le cloud est la reponse la plus directe.","innovation,usages"
inn-0701,Innovation & IA,innovation-ia,moyen,Un entrepreneur veut proteger une invention technique. Quelle demarche ?,Publier tous les details en ligne,Vendre l'idee sans contrat,Ne rien faire,Deposer un brevet aupres de l'organisme competent,D,200,25,Le brevet protege l'invention pour une duree limitee.,"innovation,mise-en-situation"
inn-0702,Innovation & IA,innovation-ia,moyen,Pourquoi les entreprises collectent-elles des donnees sur leurs clients ?,Pour les revendre systematiquement sans regle,Sans aucune raison,Pour mieux comprendre les besoins et personnaliser leur offre,Pour les detruire,C,200,25,"La donnee sert la connaissance client, dans un cadre respectueux.","innovation,comprehension"
inn-0703,Innovation & IA,innovation-ia,facile,A quoi sert principalement un agenda partage ?,Coordonner les rendez-vous d'une equipe,Traduire rapidement un texte d'une langue a une autre,Conserver et partager des fichiers accessibles partout,Numeriser des papiers avec l'appareil photo,A,100,20,Un agenda partage sert a : coordonner les rendez-vous d'une equipe.,"innovation,outils"
inn-0704,Innovation & IA,innovation-ia,challenge,De quel pays Yassir est-il ou est-elle originaire ?,le Senegal,l'Algerie,la Tunisie,le Nigeria,B,300,30,Yassir vient de ce pays : l'Algerie.,"innovation,afrique"
inn-0705,Innovation & IA,innovation-ia,facile,"Dans le monde numerique, que designe une sauvegarde ?",La personne qui veille au respect des regles dans un espace en ligne,Une machine qui fabrique un objet en deposant de la matiere couche par couche,Une copie de securite des donnees permettant des restaurer,La transformation automatique de la parole en texte,C,100,20,Une sauvegarde : une copie de securite des donnees permettant des restaurer.,"innovation,glossaire"
inn-0706,Innovation & IA,innovation-ia,facile,A quoi sert principalement un outil de creation graphique en ligne ?,Envoyer et recevoir des courriers numeriques,Realiser des visuels sans competence de designer,Echanger des messages en temps reel,Enregistrer les operations financieres de l'entreprise,B,100,20,Un outil de creation graphique en ligne sert a : realiser des visuels sans competence de designer.,"innovation,outils"
inn-0707,Innovation & IA,innovation-ia,moyen,Quel terme correspond a cette definition : Une entreprise externe chargee de realiser ou maintenir un service numerique ?,l'economie collaborative,un prestataire informatique,un hackathon,un scanner,B,200,25,Il s'agit d'un prestataire informatique.,"innovation,glossaire"
inn-0708,Innovation & IA,innovation-ia,facile,Quel outil numerique permet de : Numeriser des papiers avec l'appareil photo ?,un gestionnaire de mots de passe,un scanner de documents sur telephone,un outil de creation graphique en ligne,un outil no-code,B,100,20,Il s'agit d'un scanner de documents sur telephone.,"innovation,outils"
inn-0709,Innovation & IA,innovation-ia,moyen,A quoi sert principalement un outil d'analyse d'audience ?,Envoyer et recevoir des courriers numeriques,Detecter et neutraliser les logiciels malveillants,Mesurer la frequentation d'un site web,Editer et suivre les factures clients,C,200,25,Un outil d'analyse d'audience sert a : mesurer la frequentation d'un site web.,"innovation,outils"
inn-0710,Innovation & IA,innovation-ia,moyen,"Dans le monde numerique, que designe un identifiant de transaction ?",Un site imitant un service legitime pour tromper les visiteurs,Un service permettant d'envoyer et de recevoir de l'argent depuis un telephone,La phase pendant laquelle un systeme d'IA apprend a partir de donnees,Le code qui permet de retrouver une operation de paiement,D,200,25,Un identifiant de transaction : le code qui permet de retrouver une operation de paiement.,"innovation,glossaire"
inn-0711,Innovation & IA,innovation-ia,moyen,"Dans le monde numerique, que designe un profil utilisateur ?",L'ensemble des informations et preferences associees a une personne,"Une facture emise, transmise et conservee sous format numerique","Un outil qui aide a suivre les stocks, les ventes ou la comptabilite",Un compte cree sous une fausse identite,A,200,25,Un profil utilisateur : l'ensemble des informations et preferences associees a une personne.,"innovation,glossaire"
inn-0712,Innovation & IA,innovation-ia,challenge,"Qui est a l'origine de cette avancee : ELIZA, l'un des premiers agents conversationnels ?",Joseph Weizenbaum,Jack Kilby,Martin Cooper,Louis Pasteur,A,300,30,Il s'agit de Joseph Weizenbaum.,"innovation,histoire"
inn-0713,Innovation & IA,innovation-ia,moyen,Quel terme correspond a cette definition : Un petit fichier depose par un site pour retenir des informations sur la visite ?,un cookie,la synthese vocale,le pilotage par la donnee,un paiement fractionne,A,200,25,Il s'agit d'un cookie.,"innovation,glossaire"
inn-0714,Innovation & IA,innovation-ia,facile,Quelle situation justifie cette bonne pratique : Ne pas cliquer et contacter la banque par un canal officiel ?,Un e-mail imite votre banque et demande de confirmer votre mot de passe,Vous recevez un SMS annoncant que vous avez gagne un prix et demandant votre code secret,Vous partagez publiquement une photo de votre carte bancaire,Un collaborateur telecharge des logiciels piratés sur l'ordinateur de l'entreprise,A,100,20,Cette pratique repond au cas suivant : un e-mail imite votre banque et demande de confirmer votre mot de passe.,"innovation,cybersecurite"
inn-0715,Innovation & IA,innovation-ia,facile,Quel professionnel du numerique a pour mission de : Reparer et entretenir les equipements informatiques ?,un redacteur web,un technicien de maintenance informatique,un formateur numerique,un pilote de drone professionnel,B,100,20,Il s'agit d'un technicien de maintenance informatique.,"innovation,metiers"
inn-0716,Innovation & IA,innovation-ia,facile,A quel besoin repond principalement cette solution : Une politique de mots de passe forts ?,Envoyer un rappel de rendez-vous aux clients,Reduire les erreurs de calcul dans les devis,Surveiller l'humidite d'un champ pour declencher l'irrigation,Proteger les acces des employes aux outils de l'entreprise,D,100,20,Une politique de mots de passe forts sert notamment a proteger les acces des employes aux outils de l'entreprise.,"innovation,usages"
inn-0717,Innovation & IA,innovation-ia,facile,Que faut-il faire dans cette situation : votre telephone professionnel n'a aucun code de verrouillage ?,Refuser de communiquer le code et raccrocher,Activer un code ou un verrouillage biometrique,Interdire cette pratique et n'installer que des logiciels legitimes,Ne pas payer et verifier l'identite du vendeur,B,100,20,Bonne pratique : activer un code ou un verrouillage biometrique.,"innovation,cybersecurite"
inn-0718,Innovation & IA,innovation-ia,moyen,Une cooperative agricole veut mieux prevoir ses recoltes. Quel usage numerique est pertinent ?,Acheter un drone de loisir sans usage defini,Ignorer completement les donnees,Publier des photos sur les reseaux uniquement,Suivre les donnees meteo et les rendements passes pour planifier,D,200,25,Le pilotage par la donnee ameliore la planification.,"innovation,mise-en-situation"
inn-0719,Innovation & IA,innovation-ia,facile,Quel terme correspond a cette definition : Le nom d'utilisateur qui permet de se connecter a un service ?,un identifiant,un test de charge,un service apres-vente en ligne,une plateforme numerique,A,100,20,Il s'agit d'un identifiant.,"innovation,glossaire"
inn-0720,Innovation & IA,innovation-ia,facile,A quelle categorie d'outils appartient un scanner de documents sur telephone ?,La numerisation,La gestion,La communication,La formation,A,100,20,Un scanner de documents sur telephone appartient a cette categorie : la numerisation.,"innovation,outils"
inn-0721,Innovation & IA,innovation-ia,challenge,A quel besoin repond principalement cette solution : L'analyse du parcours utilisateur ?,Proteger les acces des employes aux outils de l'entreprise,Comprendre pourquoi les visiteurs quittent un site sans acheter,Eviter de ressaisir les factures a la main,Encaisser un client qui n'a pas d'argent liquide,B,300,30,L'analyse du parcours utilisateur sert notamment a comprendre pourquoi les visiteurs quittent un site sans acheter.,"innovation,usages"
inn-0722,Innovation & IA,innovation-ia,moyen,Une petite entreprise veut reduire le temps d'attente au guichet. Quelle solution numerique est la plus adaptee ?,Un systeme de prise de rendez-vous en ligne,Un outil de creation graphique en ligne,Un envoi automatique de SMS ou de notifications,Un document partage en ligne,A,200,25,"Pour reduire le temps d'attente au guichet, un systeme de prise de rendez-vous en ligne est la reponse la plus directe.","innovation,usages"
inn-0723,Innovation & IA,innovation-ia,moyen,"Dans le monde numerique, que designe un systeme de recommandation ?",Un dispositif qui suggere des contenus ou produits selon les gouts de l'utilisateur,La divulgation non autorisee d'informations detenues par une organisation,Un fichier consultable et modifiable a plusieurs en ligne,"L'assistance au client apres l'achat, par des canaux numeriques",A,200,25,Un systeme de recommandation : un dispositif qui suggere des contenus ou produits selon les gouts de l'utilisateur.,"innovation,glossaire"
inn-0724,Innovation & IA,innovation-ia,challenge,"Dans le monde numerique, que designe l'innovation frugale ?",Une faiblesse d'un systeme qui peut etre exploitee par un attaquant,Un dispositif qui ecarte automatiquement les messages indesirables,La demande enregistree d'un utilisateur aupres du support,Une innovation qui obtient un resultat utile avec des moyens tres limites,D,300,30,L'innovation frugale : une innovation qui obtient un resultat utile avec des moyens tres limites.,"innovation,glossaire"
inn-0725,Innovation & IA,innovation-ia,moyen,Une entreprise veut savoir si un investissement numerique a ete rentable. Que compare-t-elle ?,L'avis du fournisseur uniquement,Le nombre de logiciels achetes,Le cout total de la solution et les gains mesures qu'elle a apportes,Le nombre d'ecrans installes,C,200,25,Le retour sur investissement se mesure en gains reels.,"innovation,mise-en-situation"
inn-0726,Innovation & IA,innovation-ia,moyen,"Dans le monde numerique, que designe l'economie collaborative ?",Un message texte court envoye par le reseau telephonique,Une nouvelle facon d'utiliser une technologie existante,"Un outil qui aide a suivre les stocks, les ventes ou la comptabilite",Un modele ou des particuliers partagent biens et services via des plateformes,D,200,25,L'economie collaborative : un modele ou des particuliers partagent biens et services via des plateformes.,"innovation,glossaire"
inn-0727,Innovation & IA,innovation-ia,moyen,A quelle categorie d'outils appartient un outil de gestion de stock ?,La creation,La gestion,Le stockage,L'intelligence artificielle,B,200,25,Un outil de gestion de stock appartient a cette categorie : la gestion.,"innovation,outils"
inn-0728,Innovation & IA,innovation-ia,facile,Quel terme correspond a cette definition : Un ensemble de pages accessibles en ligne a une meme adresse ?,l'anonymisation,un incubateur technologique,l'innovation de rupture,un site web,D,100,20,Il s'agit d'un site web.,"innovation,glossaire"
inn-0729,Innovation & IA,innovation-ia,moyen,Quel est le principal benefice de cette demarche : transcrire automatiquement une reunion en compte rendu ?,Communiquer a grande echelle a faible cout,Eviter de relayer une fausse information,Ameliorer l'offre grace aux retours,Gagner du temps de redaction,D,200,25,Le gain principal : gagner du temps de redaction.,"innovation,usages"
inn-0730,Innovation & IA,innovation-ia,moyen,"Dans le monde numerique, que designe la fracture numerique ?",L'ecart entre ceux qui ont acces au numerique et ceux qui en sont prives,La determination de la position geographique d'un appareil,La puce qui identifie un abonne sur un reseau mobile,Un evenement court ou des equipes concoivent une solution numerique,A,200,25,La fracture numerique : l'ecart entre ceux qui ont acces au numerique et ceux qui en sont prives.,"innovation,glossaire"
inn-0731,Innovation & IA,innovation-ia,facile,Quel terme correspond a cette definition : Un outil qui detecte et corrige les fautes dans un texte ?,un mode hors ligne,un correcteur automatique,une version beta,un logiciel libre,B,100,20,Il s'agit d'un correcteur automatique.,"innovation,glossaire"
inn-0732,Innovation & IA,innovation-ia,moyen,Une petite entreprise veut identifier les clients qui n'ont pas commande depuis trois mois. Quelle solution numerique est la plus adaptee ?,Un questionnaire de satisfaction en ligne,Une IA generative de texte,Un logiciel de gestion de la relation client,Une solution de paiement en ligne,C,200,25,"Pour identifier les clients qui n'ont pas commande depuis trois mois, un logiciel de gestion de la relation client est la reponse la plus directe.","innovation,usages"
inn-0733,Innovation & IA,innovation-ia,facile,"Dans le monde numerique, que designe un ordinateur portable ?",Un ordinateur autonome et transportable,L'ensemble des techniques qui ameliorent la visibilite d'un site dans les recherches,Une publication ephemere qui disparait apres un temps limite,Un ensemble de donnees enregistrees sous un nom,A,100,20,Un ordinateur portable : un ordinateur autonome et transportable.,"innovation,glossaire"
inn-0734,Innovation & IA,innovation-ia,moyen,"Dans le monde numerique, que designe un moderateur ?",La personne qui veille au respect des regles dans un espace en ligne,Un compte numerique qui stocke de l'argent pour payer en ligne ou par telephone,Le logiciel qui permet de consulter des sites internet,L'ensemble des techniques qui ameliorent la visibilite d'un site dans les recherches,A,200,25,Un moderateur : la personne qui veille au respect des regles dans un espace en ligne.,"innovation,glossaire"
inn-0735,Innovation & IA,innovation-ia,moyen,Une petite entreprise veut faire signer un contrat a distance. Quelle solution numerique est la plus adaptee ?,Un logiciel de gestion de stock avec code-barres,La signature electronique,Un chatbot ou agent conversationnel,La geolocalisation via une application,B,200,25,"Pour faire signer un contrat a distance, la signature electronique est la reponse la plus directe.","innovation,usages"
inn-0736,Innovation & IA,innovation-ia,moyen,"Dans le monde numerique, que designe une plateforme numerique ?",Une copie de securite des donnees permettant des restaurer,Un programme installe sur un telephone pour rendre un service,L'assistance apportee aux utilisateurs en cas de probleme,Un service en ligne qui met en relation plusieurs types d'utilisateurs,D,200,25,Une plateforme numerique : un service en ligne qui met en relation plusieurs types d'utilisateurs.,"innovation,glossaire"
inn-0737,Innovation & IA,innovation-ia,challenge,Quelle est l'activite principale de Gifted Mom ?,Le transport a la demande et la livraison,La recherche d'emploi en ligne,Le suivi de la sante maternelle par mobile,La teleconsultation medicale,C,300,30,Gifted Mom : le suivi de la sante maternelle par mobile (le Cameroun).,"innovation,afrique"
inn-0738,Innovation & IA,innovation-ia,facile,A quoi sert principalement un outil de traduction en ligne ?,Traduire rapidement un texte d'une langue a une autre,Echanger des messages en temps reel,Stocker de facon securisee des identifiants complexes,Realiser des visuels sans competence de designer,A,100,20,Un outil de traduction en ligne sert a : traduire rapidement un texte d'une langue a une autre.,"innovation,outils"
inn-0739,Innovation & IA,innovation-ia,moyen,Quel terme correspond a cette definition : La divulgation non autorisee d'informations detenues par une organisation ?,une fuite de donnees,un SMS,un panier d'achat,l'experience utilisateur,A,200,25,Il s'agit d'une fuite de donnees.,"innovation,glossaire"
inn-0740,Innovation & IA,innovation-ia,moyen,Quel terme correspond a cette definition : Une securite qui demande un second element de verification en plus du mot de passe ?,la realite virtuelle,l'authentification a deux facteurs,le deepfake,un tableur,B,200,25,Il s'agit de l'authentification a deux facteurs.,"innovation,glossaire"
inn-0741,Innovation & IA,innovation-ia,challenge,Quel terme correspond a cette definition : La phase pendant laquelle un systeme d'IA apprend a partir de donnees ?,un moteur de traduction,un service de livraison connecte,la redondance,l'entrainement d'un modele,D,300,30,Il s'agit de l'entrainement d'un modele.,"innovation,glossaire"
inn-0742,Innovation & IA,innovation-ia,moyen,"Dans le monde numerique, que designe l'authentification a deux facteurs ?",La rediffusion d'un contenu vers son propre reseau,La possibilite d'utiliser un service sans connexion internet,L'assistance apportee aux utilisateurs en cas de probleme,Une securite qui demande un second element de verification en plus du mot de passe,D,200,25,L'authentification a deux facteurs : une securite qui demande un second element de verification en plus du mot de passe.,"innovation,glossaire"
inn-0743,Innovation & IA,innovation-ia,moyen,A quel besoin repond principalement cette solution : La reconnaissance automatique de documents ?,Identifier un client sans carte grace a son empreinte,Suivre la position d'une livraison en cours,Envoyer un rappel de rendez-vous aux clients,Eviter de ressaisir les factures a la main,D,200,25,La reconnaissance automatique de documents sert notamment a eviter de ressaisir les factures a la main.,"innovation,usages"
inn-0744,Innovation & IA,innovation-ia,facile,"Dans le monde numerique, que designe un bug ?",Un defaut de fonctionnement dans un programme,L'interruption temporaire d'un service numerique,Un dispositif qui suggere des contenus ou produits selon les gouts de l'utilisateur,Un ensemble de pages accessibles en ligne a une meme adresse,A,100,20,Un bug : un defaut de fonctionnement dans un programme.,"innovation,glossaire"
inn-0745,Innovation & IA,innovation-ia,challenge,Quelle situation justifie cette bonne pratique : Effacer securise le disque avant de vous en separer ?,Un collaborateur telecharge des logiciels piratés sur l'ordinateur de l'entreprise,Un e-mail imite votre banque et demande de confirmer votre mot de passe,Votre boutique en ligne stocke les mots de passe clients en clair,Vous jetez un ancien ordinateur sans effacer son disque,D,300,30,Cette pratique repond au cas suivant : vous jetez un ancien ordinateur sans effacer son disque.,"innovation,cybersecurite"
inn-0746,Innovation & IA,innovation-ia,moyen,Quel usage de l'IA est particulierement utile pour l'agriculture africaine ?,Le pilotage de trains a grande vitesse,La production de neige,La fabrication de satellites,L'analyse d'images pour detecter les maladies des cultures,D,200,25,La detection precoce des maladies protege les rendements.,"innovation,afrique"
inn-0747,Innovation & IA,innovation-ia,challenge,"Dans le monde numerique, que designe un modele freemium ?",Une entreprise externe chargee de realiser ou maintenir un service numerique,Une verification du comportement d'un service face a un grand nombre d'utilisateurs,Une offre de base gratuite completee par des options payantes,La protection des informations personnelles dans les usages en ligne,C,300,30,Un modele freemium : une offre de base gratuite completee par des options payantes.,"innovation,glossaire"
inn-0748,Innovation & IA,innovation-ia,moyen,"Dans le monde numerique, que designe la compression de fichier ?",La page qui presente une personne ou une entreprise sur une plateforme,Un paiement recurrent qui donne acces a un service,La reduction de la taille d'un fichier pour l'envoyer plus facilement,Le traitement de volumes de donnees trop importants pour les outils classiques,C,200,25,La compression de fichier : la reduction de la taille d'un fichier pour l'envoyer plus facilement.,"innovation,glossaire"
inn-0749,Innovation & IA,innovation-ia,facile,Pourquoi le telephone mobile est-il un levier d'innovation majeur en Afrique ?,Parce qu'il est tres repandu et permet d'acceder aux services sans infrastructure lourde,Parce qu'il est interdit ailleurs,Parce qu'il est rare,Parce qu'il remplace l'electricite,A,100,20,Le mobile sert de porte d'entree aux services numeriques.,"innovation,comprehension"
inn-0750,Innovation & IA,innovation-ia,challenge,"Dans le monde numerique, que designe un plan de continuite ?",L'organisation prevue pour maintenir l'activite malgre un incident,Une plateforme permettant de publier et d'echanger avec une communaute,Le document expliquant comment un service traite les donnees personnelles,La vente de produits ou services sur internet,A,300,30,Un plan de continuite : l'organisation prevue pour maintenir l'activite malgre un incident.,"innovation,glossaire"
inn-0751,Innovation & IA,innovation-ia,moyen,Pour quelle contribution Ada Lovelace est-il ou est-elle connu(e) ?,les avancees majeures de l'apprentissage profond,le premier algorithme destine a une machine,le premier vol motorise controle,les premiers travaux sur les compilateurs,B,200,25,Ada Lovelace est associe(e) a le premier algorithme destine a une machine.,"innovation,histoire"
inn-0752,Innovation & IA,innovation-ia,challenge,Quel professionnel du numerique a pour mission de : Concevoir et entrainer des modeles d'IA ?,un data scientist,un designer d'interface,un ingenieur en intelligence artificielle,un chef de projet numerique,C,300,30,Il s'agit d'un ingenieur en intelligence artificielle.,"innovation,metiers"
inn-0753,Innovation & IA,innovation-ia,facile,Pourquoi faut-il rediger une consigne claire quand on utilise une IA generative ?,Parce que l'IA refuse les phrases courtes,Parce que la loi impose un format,Parce que la qualite de la reponse depend directement de la precision de la demande,Parce que l'IA ne lit que les majuscules,C,100,20,Un prompt precis donne un resultat exploitable.,"innovation,comprehension"
inn-0754,Innovation & IA,innovation-ia,facile,Quelle precaution prendre avec une reponse fournie par une IA ?,Les considerer comme des faits certains,Les publier telles quelles,Verifier les informations importantes avant des utiliser,Les transmettre sans lecture,C,100,20,La verification humaine reste indispensable.,"innovation,comprehension"
inn-0755,Innovation & IA,innovation-ia,challenge,Quel terme correspond a cette definition : Un systeme entraine sur de grands volumes de textes pour comprendre et produire du langage ?,un chatbot,un modele de langage,la transformation digitale,l'intelligence artificielle,B,300,30,Il s'agit d'un modele de langage.,"innovation,glossaire"
inn-0756,Innovation & IA,innovation-ia,facile,Quel outil numerique permet de : Realiser des visuels sans competence de designer ?,un outil de creation graphique en ligne,une messagerie electronique,un tableur,une application de messagerie instantanee,A,100,20,Il s'agit d'un outil de creation graphique en ligne.,"innovation,outils"
inn-0757,Innovation & IA,innovation-ia,moyen,"Dans le monde numerique, que designe la biometrie ?",Le logiciel de base qui fait fonctionner un ordinateur ou un telephone,L'identification d'une personne par une caracteristique physique unique,Le composant specialise dans le traitement des images,Un ensemble de pages accessibles en ligne a une meme adresse,B,200,25,La biometrie : l'identification d'une personne par une caracteristique physique unique.,"innovation,glossaire"
inn-0758,Innovation & IA,innovation-ia,challenge,Quel terme correspond a cette definition : La part de l'audience qui reagit a un contenu ?,la maintenance,le taux d'engagement,le cyberharcelement,un tunnel de conversion,B,300,30,Il s'agit du taux d'engagement.,"innovation,glossaire"
inn-0759,Innovation & IA,innovation-ia,moyen,Une entreprise utilise une IA pour rediger ses contrats. Quelle precaution est indispensable ?,Signer immediatement sans relecture,Publier le contrat sans le lire,Faire relire le contrat par une personne competente avant signature,Supprimer toute relecture pour gagner du temps,C,200,25,La supervision humaine reste obligatoire sur les documents engageants.,"innovation,mise-en-situation"
inn-0760,Innovation & IA,innovation-ia,facile,"Dans le monde numerique, que designe un SMS ?",Une norme de reseau mobile permettant un acces rapide a internet,Un message texte court envoye par le reseau telephonique,L'assistance apportee aux utilisateurs en cas de probleme,La personne qui se sert d'un produit ou d'un service numerique,B,100,20,Un SMS : un message texte court envoye par le reseau telephonique.,"innovation,glossaire"
inn-0761,Innovation & IA,innovation-ia,challenge,Quel service correspond a cette activite : Les paiements en ligne pour commercants ?,InstaDeep,Paystack,Healthlane,MTN MoMo,B,300,30,Paystack correspond a cette activite.,"innovation,afrique"
inn-0762,Innovation & IA,innovation-ia,facile,Quel terme correspond a cette definition : Une technologie qui permet a une machine d'accomplir des taches demandant habituellement de l'intelligence humaine ?,un nom de domaine,un test de charge,un assistant vocal,l'intelligence artificielle,D,100,20,Il s'agit de l'intelligence artificielle.,"innovation,glossaire"
inn-0763,Innovation & IA,innovation-ia,moyen,"Dans le monde numerique, que designe une campagne sponsorisee ?",Le nom d'utilisateur qui permet de se connecter a un service,Une amelioration progressive d'un produit ou service existant,"Un service utilisable directement depuis un navigateur, sans installation",Une publication payante diffusee a un public cible,D,200,25,Une campagne sponsorisee : une publication payante diffusee a un public cible.,"innovation,glossaire"
inn-0764,Innovation & IA,innovation-ia,facile,Quel terme correspond a cette definition : La transformation automatique de la parole en texte ?,une signature electronique,un contrat de maintenance,la reconnaissance vocale,un ordinateur portable,C,100,20,Il s'agit de la reconnaissance vocale.,"innovation,glossaire"
inn-0765,Innovation & IA,innovation-ia,facile,Quel terme correspond a cette definition : Un appareil tactile intermediaire entre le telephone et l'ordinateur ?,les donnees personnelles,un panier d'achat,une tablette,la e-reputation,C,100,20,Il s'agit d'une tablette.,"innovation,glossaire"
inn-0766,Innovation & IA,innovation-ia,challenge,Qui est a l'origine de cette avancee : le circuit integre ?,Jack Kilby,Alan Turing,Joseph Weizenbaum,Yann LeCun,A,300,30,Il s'agit de Jack Kilby.,"innovation,histoire"
inn-0767,Innovation & IA,innovation-ia,facile,A quel besoin repond principalement cette solution : Un questionnaire de satisfaction en ligne ?,Transcrire automatiquement une reunion en compte rendu,Connaitre l'avis des clients apres un achat,Traduire une fiche produit en anglais pour la vendre au Nigeria,Proteger les acces des employes aux outils de l'entreprise,B,100,20,Un questionnaire de satisfaction en ligne sert notamment a connaitre l'avis des clients apres un achat.,"innovation,usages"
inn-0768,Innovation & IA,innovation-ia,facile,A quel besoin repond principalement cette solution : Un code QR imprime sur l'etiquette ?,Creer un site vitrine sans savoir programmer,Permettre a un client de retrouver une fiche produit en magasin,Suivre la position d'une livraison en cours,Transcrire automatiquement une reunion en compte rendu,B,100,20,Un code QR imprime sur l'etiquette sert notamment a permettre a un client de retrouver une fiche produit en magasin.,"innovation,usages"
inn-0769,Innovation & IA,innovation-ia,moyen,"Quel terme correspond a cette definition : Une facture emise, transmise et conservee sous format numerique ?",le wifi,un dossier,une facture electronique,un hackathon,C,200,25,Il s'agit d'une facture electronique.,"innovation,glossaire"
inn-0770,Innovation & IA,innovation-ia,moyen,Une entreprise hesite a adopter un nouvel outil numerique. Quel test raisonnable ?,Ne jamais rien changer,L'imposer immediatement a tout le monde,L'acheter sans essai,Le tester sur une equipe pilote avant du generaliser,D,200,25,Le pilote limite le risque de rejet et de perte financiere.,"innovation,mise-en-situation"
inn-0771,Innovation & IA,innovation-ia,facile,Une petite entreprise veut connaitre l'avis des clients apres un achat. Quelle solution numerique est la plus adaptee ?,L'authentification a deux facteurs,Le paiement par mobile money,Un questionnaire de satisfaction en ligne,Une solution de paiement en ligne,C,100,20,"Pour connaitre l'avis des clients apres un achat, un questionnaire de satisfaction en ligne est la reponse la plus directe.","innovation,usages"
inn-0772,Innovation & IA,innovation-ia,moyen,A quel besoin repond principalement cette solution : La biometrie ?,Travailler a plusieurs sur le meme document,Identifier un client sans carte grace a son empreinte,Gerer les plannings d'une equipe dispersee,Surveiller l'humidite d'un champ pour declencher l'irrigation,B,200,25,La biometrie sert notamment a identifier un client sans carte grace a son empreinte.,"innovation,usages"
inn-0773,Innovation & IA,innovation-ia,facile,"Dans le monde numerique, que designe les donnees personnelles ?",La page qui presente une personne ou une entreprise sur une plateforme,L'ensemble des acteurs qui font vivre l'innovation d'un territoire,Un systeme satellitaire qui indique une position et guide un deplacement,Les informations qui permettent d'identifier une personne,D,100,20,Les donnees personnelles : les informations qui permettent d'identifier une personne.,"innovation,glossaire"
inn-0774,Innovation & IA,innovation-ia,facile,Quel terme correspond a cette definition : Une representation geographique consultable en ligne ?,la double authentification,une campagne sponsorisee,une carte numerique,une publication,C,100,20,Il s'agit d'une carte numerique.,"innovation,glossaire"
inn-0775,Innovation & IA,innovation-ia,moyen,Une petite entreprise veut eviter de ressaisir les factures a la main. Quelle solution numerique est la plus adaptee ?,Une imprimante 3D,Un systeme de detection automatique de fraude,La reconnaissance automatique de documents,Une politique de mots de passe forts,C,200,25,"Pour eviter de ressaisir les factures a la main, la reconnaissance automatique de documents est la reponse la plus directe.","innovation,usages"
inn-0776,Innovation & IA,innovation-ia,facile,Quel service correspond a cette activite : La vente en ligne de produits varies ?,M-Pesa,Will and Brothers,Jumia,Flutterwave,C,100,20,Jumia correspond a cette activite.,"innovation,afrique"
inn-0777,Innovation & IA,innovation-ia,facile,Une petite entreprise veut repondre a un client anglophone quand on ne parle pas anglais. Quelle solution numerique est la plus adaptee ?,Un tableau de bord de suivi des ventes,La geolocalisation via une application,Un outil de traduction automatique,Une boutique en ligne,C,100,20,"Pour repondre a un client anglophone quand on ne parle pas anglais, un outil de traduction automatique est la reponse la plus directe.","innovation,usages"
inn-0778,Innovation & IA,innovation-ia,facile,Quel frein energetique limite l'activite numerique dans plusieurs zones camerounaises ?,L'exces d'energie solaire,Le manque de cables sous-marins uniquement,L'interdiction des ordinateurs,Les coupures d'electricite,D,100,20,La stabilite electrique conditionne les usages numeriques.,"innovation,afrique"
inn-0779,Innovation & IA,innovation-ia,moyen,Quel professionnel du numerique a pour mission de : Ameliorer la visibilite d'un site dans les moteurs de recherche ?,un redacteur web,un administrateur systeme,un specialiste du referencement,un pilote de drone professionnel,C,200,25,Il s'agit d'un specialiste du referencement.,"innovation,metiers"
inn-0780,Innovation & IA,innovation-ia,facile,"Dans le monde numerique, que designe un forfait de donnees ?",Le volume d'internet mobile inclus dans un abonnement,L'ensemble des techniques qui ameliorent la visibilite d'un site dans les recherches,La production par une machine d'une version courte d'un texte long,La proportion de temps pendant laquelle un service fonctionne,A,100,20,Un forfait de donnees : le volume d'internet mobile inclus dans un abonnement.,"innovation,glossaire"
inn-0781,Innovation & IA,innovation-ia,moyen,Qui est a l'origine de cette avancee : les premiers ordinateurs Apple ?,Steve Wozniak,Les freres Wright,Thomas Edison,Yann LeCun,A,200,25,Il s'agit de Steve Wozniak.,"innovation,histoire"
inn-0782,Innovation & IA,innovation-ia,facile,Une petite entreprise veut rediger une premiere version d'annonce publicitaire. Quelle solution numerique est la plus adaptee ?,Une IA generative de texte,Une visite virtuelle,Un agenda partage en ligne,Un code QR imprime sur l'etiquette,A,100,20,"Pour rediger une premiere version d'annonce publicitaire, une ia generative de texte est la reponse la plus directe.","innovation,usages"
inn-0783,Innovation & IA,innovation-ia,moyen,Quel terme correspond a cette definition : L'ensemble des traces laissees par une personne en ligne ?,une application web,l'empreinte numerique,une visioconference,la prediction,B,200,25,Il s'agit de l'empreinte numerique.,"innovation,glossaire"
inn-0784,Innovation & IA,innovation-ia,facile,Quel terme correspond a cette definition : Une nouvelle version qui corrige ou ameliore un logiciel ?,le traitement du langage naturel,une mise a jour,une version beta,une arnaque en ligne,B,100,20,Il s'agit d'une mise a jour.,"innovation,glossaire"
inn-0785,Innovation & IA,innovation-ia,facile,A quelle categorie d'outils appartient un espace de stockage en ligne ?,La mesure,La formation,La numerisation,Le stockage,D,100,20,Un espace de stockage en ligne appartient a cette categorie : le stockage.,"innovation,outils"
inn-0786,Innovation & IA,innovation-ia,moyen,"Dans le monde numerique, que designe le referencement ?",Une suite de barres lisible par un scanner pour identifier un produit,Le stockage et le traitement de donnees sur des serveurs accessibles par internet,L'ensemble des techniques qui ameliorent la visibilite d'un site dans les recherches,Une tromperie visant a soutirer de l'argent ou des informations sur internet,C,200,25,Le referencement : l'ensemble des techniques qui ameliorent la visibilite d'un site dans les recherches.,"innovation,glossaire"
inn-0787,Innovation & IA,innovation-ia,facile,"Dans le monde numerique, que designe un devis en ligne ?",La qualite du ressenti d'une personne lorsqu'elle utilise un service,Un systeme qui convertit automatiquement un texte d'une langue a une autre,Le traitement automatique de tache repetitives comme la saisie ou les relances,Une proposition de prix transmise par un canal numerique,D,100,20,Un devis en ligne : une proposition de prix transmise par un canal numerique.,"innovation,glossaire"
inn-0788,Innovation & IA,innovation-ia,challenge,Quel terme correspond a cette definition : La quantite de donnees pouvant transiter par une connexion en un temps donne ?,un panier d'achat,la bande passante,la e-reputation,une communaute en ligne,B,300,30,Il s'agit de la bande passante.,"innovation,glossaire"
inn-0789,Innovation & IA,innovation-ia,moyen,"Dans le monde numerique, que designe un jeu de donnees ?",Une interface qui permet a deux logiciels de communiquer entre eux,Un ensemble structure de donnees utilise pour analyser ou entrainer un modele,Le nom d'utilisateur qui permet de se connecter a un service,L'ensemble des personnes touchees par un contenu numerique,B,200,25,Un jeu de donnees : un ensemble structure de donnees utilise pour analyser ou entrainer un modele.,"innovation,glossaire"
inn-0790,Innovation & IA,innovation-ia,challenge,"Quel professionnel du numerique a pour mission de : Organiser, securiser et optimiser le stockage des donnees ?",un specialiste du support client en ligne,un gestionnaire de bases de donnees,un developpeur web,un expert en cybersecurite,B,300,30,Il s'agit d'un gestionnaire de bases de donnees.,"innovation,metiers"
inn-0791,Innovation & IA,innovation-ia,facile,A quelle categorie d'outils appartient un logiciel de facturation ?,La bureautique,L'organisation,Le stockage,La gestion,D,100,20,Un logiciel de facturation appartient a cette categorie : la gestion.,"innovation,outils"
inn-0792,Innovation & IA,innovation-ia,challenge,Quel terme correspond a cette definition : Le plan des evolutions prevues pour un service numerique ?,un systeme de recommandation,un abandon de panier,une feuille de route produit,le spam,C,300,30,Il s'agit d'une feuille de route produit.,"innovation,glossaire"
inn-0793,Innovation & IA,innovation-ia,challenge,Qu'est-ce qui distingue une invention d'une innovation ?,L'innovation precede toujours l'invention,Il n'y a aucune difference,"L'invention est une idee ou un dispositif nouveau, l'innovation est son adoption reelle sur un marche","L'invention exige un client, pas l'innovation",C,300,30,L'innovation suppose une adoption effective.,"innovation,comprehension"
inn-0794,Innovation & IA,innovation-ia,facile,Quel terme correspond a cette definition : L'ensemble des moyens qui protegent les systemes et les donnees contre les attaques ?,la redondance,la double authentification,la cybersecurite,les donnees personnelles,C,100,20,Il s'agit de la cybersecurite.,"innovation,glossaire"
inn-0795,Innovation & IA,innovation-ia,challenge,Quelle est la mission principale d'un gestionnaire de bases de donnees ?,Concevoir et entrainer des modeles d'IA,"Organiser, securiser et optimiser le stockage des donnees","Coordonner les equipes, les delais et le budget d'un projet",Verifier le bon fonctionnement d'un programme avant sa mise en service,B,300,30,"Un gestionnaire de bases de donnees : organiser, securiser et optimiser le stockage des donnees.","innovation,metiers"
inn-0796,Innovation & IA,innovation-ia,facile,"Dans le monde numerique, que designe une donnee ?",Une information enregistree qui peut etre traitee par un ordinateur,La demande enregistree d'un utilisateur aupres du support,"Une intelligence artificielle capable de produire du texte, des images ou du son",Un message non sollicite envoye en masse,A,100,20,Une donnee : une information enregistree qui peut etre traitee par un ordinateur.,"innovation,glossaire"
inn-0797,Innovation & IA,innovation-ia,moyen,Quel terme correspond a cette definition : Un robot qui repond aux questions frequentes des clients ?,un identifiant de transaction,un agent conversationnel de service client,l'authentification a deux facteurs,la fracture numerique,B,200,25,Il s'agit d'un agent conversationnel de service client.,"innovation,glossaire"
inn-0798,Innovation & IA,innovation-ia,moyen,"Dans le monde numerique, que designe un peripherique ?",Un appareil externe relie a un ordinateur,Une suite de caracteres donnant droit a une reduction en ligne,L'usage de donnees et de capteurs pour optimiser les cultures,Un commentaire public laisse par un acheteur sur un produit ou un service,A,200,25,Un peripherique : un appareil externe relie a un ordinateur.,"innovation,glossaire"
inn-0799,Innovation & IA,innovation-ia,facile,"Dans le monde numerique, que designe un dossier ?",Un service permettant d'envoyer et de recevoir de l'argent depuis un telephone,Une machine qui fabrique un objet en deposant de la matiere couche par couche,Un fichier envoye avec un message electronique,Un espace de rangement qui regroupe des fichiers,D,100,20,Un dossier : un espace de rangement qui regroupe des fichiers.,"innovation,glossaire"
inn-0800,Innovation & IA,innovation-ia,moyen,"Dans le monde numerique, que designe un incubateur technologique ?",Une structure qui heberge et accompagne de jeunes entreprises innovantes,La transformation d'un texte en parole audible,Une interface qui permet a deux logiciels de communiquer entre eux,"Un outil qui aide a suivre les stocks, les ventes ou la comptabilite",A,200,25,Un incubateur technologique : une structure qui heberge et accompagne de jeunes entreprises innovantes.,"innovation,glossaire"
inn-0801,Innovation & IA,innovation-ia,moyen,"Dans le monde numerique, que designe la publicite ciblee ?",Une information enregistree qui peut etre traitee par un ordinateur,Une publicite adressee a un public selectionne selon ses caracteristiques,L'accord libre et informe donne avant l'utilisation de ses donnees,Une mesure chiffree du fonctionnement d'un service en ligne,B,200,25,La publicite ciblee : une publicite adressee a un public selectionne selon ses caracteristiques.,"innovation,glossaire"
inn-0802,Innovation & IA,innovation-ia,moyen,De quel pays Zipline est-il ou est-elle originaire ?,l'Afrique du Sud,le Rwanda,l'Algerie,le Nigeria,B,200,25,Zipline vient de ce pays : le Rwanda.,"innovation,afrique"
inn-0803,Innovation & IA,innovation-ia,challenge,Pour quelle contribution Ray Tomlinson est-il ou est-elle connu(e) ?,les premiers travaux sur les compilateurs,l'usage du symbole arobase dans les adresses e-mail,le telephone,le premier vol motorise controle,B,300,30,Ray Tomlinson est associe(e) a l'usage du symbole arobase dans les adresses e-mail.,"innovation,histoire"
inn-0804,Innovation & IA,innovation-ia,moyen,"Dans le monde numerique, que designe un ecosysteme numerique ?",La memoire de travail temporaire d'un appareil,L'ensemble des acteurs qui font vivre l'innovation d'un territoire,Une norme de reseau mobile permettant un acces rapide a internet,Un programme qui dialogue automatiquement avec les utilisateurs,B,200,25,Un ecosysteme numerique : l'ensemble des acteurs qui font vivre l'innovation d'un territoire.,"innovation,glossaire"
inn-0805,Innovation & IA,innovation-ia,moyen,Quel est le principal benefice de cette demarche : recommander des produits complementaires a un acheteur en ligne ?,Augmenter le panier moyen,Reduire les erreurs et le temps de saisie,Elargir la zone de chalandise sans nouveau local,Coordonner sans reunions inutiles,A,200,25,Le gain principal : augmenter le panier moyen.,"innovation,usages"
inn-0806,Innovation & IA,innovation-ia,challenge,"Dans le monde numerique, que designe un audit numerique ?",L'examen des outils et pratiques numeriques d'une organisation,La possibilite d'utiliser un service sans connexion internet,Le fait de dupliquer un equipement ou une donnee pour eviter une interruption,L'entretien regulier d'un systeme pour qu'il reste operationnel,A,300,30,Un audit numerique : l'examen des outils et pratiques numeriques d'une organisation.,"innovation,glossaire"
inn-0807,Innovation & IA,innovation-ia,moyen,Quel service correspond a cette activite : Les paiements en ligne pour entreprises ?,Will and Brothers,Diool,Kiro'o Games,Flutterwave,D,200,25,Flutterwave correspond a cette activite.,"innovation,afrique"
inn-0808,Innovation & IA,innovation-ia,facile,Quel terme correspond a cette definition : Un outil qui enregistre les ventes et edite les tickets ?,un profil en ligne,la personnalisation,un logiciel de caisse,un abonne,C,100,20,Il s'agit d'un logiciel de caisse.,"innovation,glossaire"
inn-0809,Innovation & IA,innovation-ia,challenge,Pour quelle contribution John McCarthy est-il ou est-elle connu(e) ?,les protocoles de communication d'internet,les avancees majeures de l'apprentissage profond,l'expression intelligence artificielle,la telegraphie sans fil,C,300,30,John McCarthy est associe(e) a l'expression intelligence artificielle.,"innovation,histoire"
inn-0810,Innovation & IA,innovation-ia,facile,"Dans le monde numerique, que designe une publication ?",La possibilite d'utiliser un service sans connexion internet,La proportion de temps pendant laquelle un service fonctionne,L'estimation d'une valeur future a partir de donnees passees,Un contenu diffuse sur un reseau social ou un site,D,100,20,Une publication : un contenu diffuse sur un reseau social ou un site.,"innovation,glossaire"
inn-0811,Innovation & IA,innovation-ia,moyen,A quelle categorie d'outils appartient un logiciel de comptabilite ?,L'organisation,La gestion,L'intelligence artificielle,La numerisation,B,200,25,Un logiciel de comptabilite appartient a cette categorie : la gestion.,"innovation,outils"
inn-0812,Innovation & IA,innovation-ia,moyen,"Dans le monde numerique, que designe un nom de domaine ?",Un systeme qui convertit automatiquement un texte d'une langue a une autre,L'adresse unique qui identifie un site sur internet,Un batiment qui heberge des serveurs informatiques,Le tri automatique d'elements dans des categories predefinies,B,200,25,Un nom de domaine : l'adresse unique qui identifie un site sur internet.,"innovation,glossaire"
inn-0813,Innovation & IA,innovation-ia,facile,Quel usage de l'IA est le plus realiste pour une petite entreprise camerounaise aujourd'hui ?,Se passer totalement de comptabilite,"Gagner du temps sur la redaction, la traduction et le service client",Construire un satellite,Remplacer tout le personnel,B,100,20,L'IA est d'abord un gain de productivite sur des taches simples.,"innovation,comprehension"
inn-0814,Innovation & IA,innovation-ia,moyen,Quelle est l'activite principale de Kiro'o Games ?,La recherche d'emploi en ligne,Les terminaux de paiement pour petits commerces,Le developpement de jeux video,La vente en ligne de produits varies,C,200,25,Kiro'o Games : le developpement de jeux video (le Cameroun).,"innovation,afrique"
inn-0815,Innovation & IA,innovation-ia,moyen,A quoi sert principalement un CRM ?,Organiser des donnees et faire des calculs,Centraliser l'historique de la relation avec chaque client,Stocker de facon securisee des identifiants complexes,Organiser des reunions a distance,B,200,25,Un CRM sert a : centraliser l'historique de la relation avec chaque client.,"innovation,outils"
inn-0816,Innovation & IA,innovation-ia,facile,"Dans le monde numerique, que designe un compte utilisateur ?",Le document decrivant precisement les fonctions attendues d'un outil,Un programme qui dialogue automatiquement avec les utilisateurs,Une securite qui demande un second element de verification en plus du mot de passe,L'espace personnel cree pour acceder a un service en ligne,D,100,20,Un compte utilisateur : l'espace personnel cree pour acceder a un service en ligne.,"innovation,glossaire"
inn-0817,Innovation & IA,innovation-ia,moyen,Quel mode de paiement rassure encore beaucoup d'acheteurs en ligne en Afrique ?,Le virement international uniquement,Le paiement par cheque uniquement,Le paiement en lingots d'or,Le paiement a la livraison,D,200,25,Le paiement a reception limite le risque percu.,"innovation,afrique"
inn-0818,Innovation & IA,innovation-ia,challenge,Quel est le principal benefice de cette demarche : classer automatiquement des milliers de photos de produits ?,Traiter un grand volume sans travail manuel,Aider le client a se projeter et reduire les retours,Eviter les versions multiples et les pertes,Securiser l'acces tout en simplifiant l'identification,A,300,30,Le gain principal : traiter un grand volume sans travail manuel.,"innovation,usages"
inn-0819,Innovation & IA,innovation-ia,facile,A quelle categorie d'outils appartient un assistant IA conversationnel ?,La gestion,L'intelligence artificielle,La formation,La numerisation,B,100,20,Un assistant IA conversationnel appartient a cette categorie : l'intelligence artificielle.,"innovation,outils"
inn-0820,Innovation & IA,innovation-ia,facile,Une petite entreprise veut verifier qu'une information vue en ligne est vraie. Quelle solution numerique est la plus adaptee ?,La telemedecine,La verification des sources,La biometrie,Un outil de traduction automatique,B,100,20,"Pour verifier qu'une information vue en ligne est vraie, la verification des sources est la reponse la plus directe.","innovation,usages"
inn-0821,Innovation & IA,innovation-ia,moyen,Quel terme correspond a cette definition : Un service en ligne qui met en relation plusieurs types d'utilisateurs ?,la personnalisation,un identifiant,une plateforme numerique,un videoprojecteur,C,200,25,Il s'agit d'une plateforme numerique.,"innovation,glossaire"
inn-0822,Innovation & IA,innovation-ia,moyen,Que faut-il faire dans cette situation : un collaborateur telecharge des logiciels piratés sur l'ordinateur de l'entreprise ?,Ne pas payer et verifier l'identite du vendeur,Eviter les operations sensibles sur un reseau public non securise,Interdire cette pratique et n'installer que des logiciels legitimes,Ne jamais publier ses coordonnees bancaires en ligne,C,200,25,Bonne pratique : interdire cette pratique et n'installer que des logiciels legitimes.,"innovation,cybersecurite"
inn-0823,Innovation & IA,innovation-ia,moyen,"Dans le monde numerique, que designe l'empreinte numerique ?",L'assistance apportee aux utilisateurs en cas de probleme,Le composant specialise dans le traitement des images,Un message d'information envoye regulierement a une liste d'abonnes,L'ensemble des traces laissees par une personne en ligne,D,200,25,L'empreinte numerique : l'ensemble des traces laissees par une personne en ligne.,"innovation,glossaire"
inn-0824,Innovation & IA,innovation-ia,facile,Quel terme correspond a cette definition : L'interruption temporaire d'un service numerique ?,un moderateur,un code QR,l'usurpation d'identite,une panne de service,D,100,20,Il s'agit d'une panne de service.,"innovation,glossaire"
inn-0825,Innovation & IA,innovation-ia,moyen,Quelle technologie a rendu les assistants conversationnels grand public tres populaires a partir de 2022 ?,La disquette,Les grands modeles de langage,Le minitel,Le fax,B,200,25,Les modeles de langage generatifs ont democratise l'IA conversationnelle.,"innovation,histoire"
inn-0826,Innovation & IA,innovation-ia,challenge,Quelle est la mission principale d'un data scientist ?,Ameliorer la visibilite d'un site dans les moteurs de recherche,Assembler et retoucher des sequences video,Maintenir les serveurs et les infrastructures informatiques,Construire des modeles predictifs a partir de donnees,D,300,30,Un data scientist : construire des modeles predictifs a partir de donnees.,"innovation,metiers"
inn-0827,Innovation & IA,innovation-ia,facile,Quel terme correspond a cette definition : L'entretien regulier d'un systeme pour qu'il reste operationnel ?,la maintenance,un nom de domaine,un faux profil,un objet connecte,A,100,20,Il s'agit de la maintenance.,"innovation,glossaire"
inn-0828,Innovation & IA,innovation-ia,facile,Quel terme correspond a cette definition : Une machine programmable capable d'executer des taches physiques ?,un lecteur de code-barres,un temps de reponse,un robot,un virus informatique,C,100,20,Il s'agit d'un robot.,"innovation,glossaire"
inn-0829,Innovation & IA,innovation-ia,moyen,"Dans le monde numerique, que designe le big data ?",La demande enregistree d'un utilisateur aupres du support,Une structure qui heberge et accompagne de jeunes entreprises innovantes,Le traitement de volumes de donnees trop importants pour les outils classiques,La transformation de donnees en un format illisible sans la cle appropriee,C,200,25,Le big data : le traitement de volumes de donnees trop importants pour les outils classiques.,"innovation,glossaire"
inn-0830,Innovation & IA,innovation-ia,moyen,Quel terme correspond a cette definition : Une publicite adressee a un public selectionne selon ses caracteristiques ?,la publicite ciblee,un tableur,un rancongiciel,une panne de service,A,200,25,Il s'agit de la publicite ciblee.,"innovation,glossaire"
inn-0831,Innovation & IA,innovation-ia,facile,Une petite entreprise veut verifier la disponibilite d'un produit avant de se deplacer. Quelle solution numerique est la plus adaptee ?,Un catalogue en ligne mis a jour,Un code QR imprime sur l'etiquette,La verification des sources,Un systeme de recommandation,A,100,20,"Pour verifier la disponibilite d'un produit avant de se deplacer, un catalogue en ligne mis a jour est la reponse la plus directe.","innovation,usages"
inn-0832,Innovation & IA,innovation-ia,facile,Quel terme correspond a cette definition : Un service qui repond a des commandes prononcees a voix haute ?,un abonne,une tablette,un identifiant,un assistant vocal,D,100,20,Il s'agit d'un assistant vocal.,"innovation,glossaire"
inn-0833,Innovation & IA,innovation-ia,facile,Quel terme correspond a cette definition : Une information enregistree qui peut etre traitee par un ordinateur ?,une donnee,l'accessibilite numerique,l'innovation incrementale,un faux profil,A,100,20,Il s'agit d'une donnee.,"innovation,glossaire"
inn-0834,Innovation & IA,innovation-ia,moyen,Quel service correspond a cette activite : La livraison medicale par drone ?,Kiro'o Games,Glotelho,Waspito,Zipline,D,200,25,Zipline correspond a cette activite.,"innovation,afrique"
inn-0835,Innovation & IA,innovation-ia,facile,Quel terme correspond a cette definition : Un ecran qui reagit directement au contact du doigt ?,l'empreinte numerique,un modele freemium,un ecran tactile,l'entrainement d'un modele,C,100,20,Il s'agit d'un ecran tactile.,"innovation,glossaire"
inn-0836,Innovation & IA,innovation-ia,challenge,Quelle est l'activite principale de Njorku ?,Les terminaux de paiement pour petits commerces,Le transfert d'argent par telephone,La recherche d'emploi en ligne,La livraison medicale par drone,C,300,30,Njorku : la recherche d'emploi en ligne (le Cameroun).,"innovation,afrique"
inn-0837,Innovation & IA,innovation-ia,moyen,Quelle est la mission principale d'un analyste de donnees ?,Creer des applications destinees aux telephones,Exploiter les donnees pour aider a decider,Definir les priorites d'un produit numerique au nom des utilisateurs,Verifier le bon fonctionnement d'un programme avant sa mise en service,B,200,25,Un analyste de donnees : exploiter les donnees pour aider a decider.,"innovation,metiers"
inn-0838,Innovation & IA,innovation-ia,challenge,Quel terme correspond a cette definition : La capacite d'un systeme a interpreter des images ?,la memoire vive,la vision par ordinateur,un code QR,un peripherique,B,300,30,Il s'agit de la vision par ordinateur.,"innovation,glossaire"
inn-0839,Innovation & IA,innovation-ia,moyen,Un restaurant recoit beaucoup d'avis negatifs en ligne. Quelle demarche adopter ?,Supprimer son compte,Acheter de faux avis positifs,Insulter les clients mecontents,"Repondre publiquement, corriger les problemes reels et suivre l'evolution",D,200,25,La e-reputation se travaille par des actions reelles.,"innovation,mise-en-situation"
inn-0840,Innovation & IA,innovation-ia,facile,Quel terme correspond a cette definition : L'avis exprime par une personne apres avoir utilise un service ?,l'intelligence artificielle,un processeur,la prediction,un retour utilisateur,D,100,20,Il s'agit d'un retour utilisateur.,"innovation,glossaire"
inn-0841,Innovation & IA,innovation-ia,challenge,Dans quel domaine Joseph Weizenbaum a-t-il ou a-t-elle laisse sa marque ?,L'imprimerie,L'electronique,L'intelligence artificielle,Les transports,C,300,30,Joseph Weizenbaum a marque ce domaine : L'intelligence artificielle.,"innovation,histoire"
inn-0842,Innovation & IA,innovation-ia,moyen,"Dans le monde numerique, que designe un service a la demande ?",Le document expliquant comment un service traite les donnees personnelles,Une suite secrete de caracteres qui protege l'acces a un compte,Un service commande et obtenu immediatement via une application,Un message texte court envoye par le reseau telephonique,C,200,25,Un service a la demande : un service commande et obtenu immediatement via une application.,"innovation,glossaire"
inn-0843,Innovation & IA,innovation-ia,challenge,Quel terme correspond a cette definition : Une interface qui permet a deux logiciels de communiquer entre eux ?,un programme de fidelite numerique,la sobriete numerique,une API,un portefeuille electronique,C,300,30,Il s'agit d'une API.,"innovation,glossaire"
inn-0844,Innovation & IA,innovation-ia,facile,Quel terme correspond a cette definition : Un systeme qui convertit automatiquement un texte d'une langue a une autre ?,un moteur de traduction,un virus informatique,un biais algorithmique,l'usurpation d'identite,A,100,20,Il s'agit d'un moteur de traduction.,"innovation,glossaire"
inn-0845,Innovation & IA,innovation-ia,facile,Quel terme correspond a cette definition : Un espace en ligne d'echange de questions et de reponses ?,un indicateur numerique,un brevet d'invention,une visioconference,un forum,D,100,20,Il s'agit d'un forum.,"innovation,glossaire"
inn-0846,Innovation & IA,innovation-ia,moyen,Quel terme correspond a cette definition : Un appareil qui lit automatiquement l'identifiant d'un produit ?,un lecteur de code-barres,la veille technologique,un compte utilisateur,un audit numerique,A,200,25,Il s'agit d'un lecteur de code-barres.,"innovation,glossaire"
inn-0847,Innovation & IA,innovation-ia,facile,"Dans le monde numerique, que designe le mobile money ?",Une verification du comportement d'un service face a un grand nombre d'utilisateurs,Un appareil du quotidien relie a internet pour transmettre des informations,Un service permettant d'envoyer et de recevoir de l'argent depuis un telephone,La proportion de temps pendant laquelle un service fonctionne,C,100,20,Le mobile money : un service permettant d'envoyer et de recevoir de l'argent depuis un telephone.,"innovation,glossaire"
inn-0848,Innovation & IA,innovation-ia,facile,Quel terme correspond a cette definition : Un commentaire public laisse par un acheteur sur un produit ou un service ?,un test de charge,une communaute en ligne,un avis client en ligne,un identifiant,C,100,20,Il s'agit d'un avis client en ligne.,"innovation,glossaire"
inn-0849,Innovation & IA,innovation-ia,moyen,Quel est le principal benefice de cette demarche : faire signer un contrat a distance ?,Assurer la continuite du suivi commercial,Produire des visuels corrects a faible cout,Conclure plus vite sans deplacement,Augmenter le panier moyen,C,200,25,Le gain principal : conclure plus vite sans deplacement.,"innovation,usages"
inn-0850,Innovation & IA,innovation-ia,moyen,"Dans le monde numerique, que designe un indicateur numerique ?",Un programme installe sur un telephone pour rendre un service,Une mesure chiffree du fonctionnement d'un service en ligne,Un service qui repond a des commandes prononcees a voix haute,La protection des informations personnelles dans les usages en ligne,B,200,25,Un indicateur numerique : une mesure chiffree du fonctionnement d'un service en ligne.,"innovation,glossaire"
inn-0851,Innovation & IA,innovation-ia,moyen,Quel terme correspond a cette definition : L'identification d'une personne a partir de l'image de son visage ?,la reconnaissance faciale,une application mobile,la memoire vive,la reconnaissance vocale,A,200,25,Il s'agit de la reconnaissance faciale.,"innovation,glossaire"
inn-0852,Innovation & IA,innovation-ia,facile,Quel terme correspond a cette definition : Une tromperie visant a soutirer de l'argent ou des informations sur internet ?,un audit numerique,une arnaque en ligne,un capteur,la veille technologique,B,100,20,Il s'agit d'une arnaque en ligne.,"innovation,glossaire"
inn-0853,Innovation & IA,innovation-ia,moyen,A quel besoin repond principalement cette solution : Une imprimante 3D ?,Fabriquer une piece de rechange unique rapidement,Verifier l'identite d'un utilisateur avant un paiement,Resumer un long document en quelques points,Organiser une reunion avec un partenaire base a l'etranger,A,200,25,Une imprimante 3D sert notamment a fabriquer une piece de rechange unique rapidement.,"innovation,usages"
inn-0854,Innovation & IA,innovation-ia,challenge,Quelle est l'activite principale de Paystack ?,Les paiements en ligne pour commercants,La teleconsultation medicale,Les services de sante numeriques,La livraison medicale par drone,A,300,30,Paystack : les paiements en ligne pour commercants (le Nigeria).,"innovation,afrique"
inn-0855,Innovation & IA,innovation-ia,facile,Une petite entreprise veut eviter que la caisse ne soit fausse en fin de journee. Quelle solution numerique est la plus adaptee ?,Un outil no-code,Un logiciel de caisse,Un envoi automatique de SMS ou de notifications,L'analyse du parcours utilisateur,B,100,20,"Pour eviter que la caisse ne soit fausse en fin de journee, un logiciel de caisse est la reponse la plus directe.","innovation,usages"
inn-0856,Innovation & IA,innovation-ia,facile,Quel terme correspond a cette definition : L'assistance apportee aux utilisateurs en cas de probleme ?,un test utilisateur,un support technique,la reconnaissance faciale,la personnalisation,B,100,20,Il s'agit d'un support technique.,"innovation,glossaire"
inn-0857,Innovation & IA,innovation-ia,facile,"Dans le monde numerique, que designe un espace disque ?",La capacite de stockage disponible sur un appareil,La demande enregistree d'un utilisateur aupres du support,L'image d'une personne ou d'une entreprise telle qu'elle apparait sur internet,Le guide expliquant comment utiliser un outil,A,100,20,Un espace disque : la capacite de stockage disponible sur un appareil.,"innovation,glossaire"
inn-0858,Innovation & IA,innovation-ia,facile,Quelle situation justifie cette bonne pratique : Mettre en place une sauvegarde reguliere et automatique ?,Vous notez vos mots de passe sur un papier colle a l'ecran,Vous n'avez aucune copie de votre fichier client,Une application demande l'acces a tous vos contacts sans raison,Votre telephone professionnel n'a aucun code de verrouillage,B,100,20,Cette pratique repond au cas suivant : vous n'avez aucune copie de votre fichier client.,"innovation,cybersecurite"
inn-0859,Innovation & IA,innovation-ia,moyen,Une petite entreprise veut verifier l'identite d'un utilisateur avant un paiement. Quelle solution numerique est la plus adaptee ?,L'authentification a deux facteurs,Un logiciel de gestion de stock avec code-barres,L'analyse du parcours utilisateur,Un systeme de detection automatique de fraude,A,200,25,"Pour verifier l'identite d'un utilisateur avant un paiement, l'authentification a deux facteurs est la reponse la plus directe.","innovation,usages"
inn-0860,Innovation & IA,innovation-ia,moyen,Quel terme correspond a cette definition : Une securite exigeant deux preuves d'identite differentes ?,un paiement fractionne,un service a la demande,la double authentification,un taux de disponibilite,C,200,25,Il s'agit de la double authentification.,"innovation,glossaire"
inn-0861,Innovation & IA,innovation-ia,moyen,"Dans le monde numerique, que designe un ticket d'assistance ?",Une version d'essai diffusee avant la sortie officielle,La demande enregistree d'un utilisateur aupres du support,La preuve de paiement transmise sous forme numerique,L'organisation prevue pour maintenir l'activite malgre un incident,B,200,25,Un ticket d'assistance : la demande enregistree d'un utilisateur aupres du support.,"innovation,glossaire"
inn-0862,Innovation & IA,innovation-ia,moyen,A quel besoin repond principalement cette solution : La signature electronique ?,Suivre la position d'une livraison en cours,Creer un visuel de communication sans graphiste,Faire signer un contrat a distance,Surveiller l'humidite d'un champ pour declencher l'irrigation,C,200,25,La signature electronique sert notamment a faire signer un contrat a distance.,"innovation,usages"
inn-0863,Innovation & IA,innovation-ia,facile,"Quel outil numerique permet de : Obtenir de l'aide pour rediger, resumer ou expliquer ?",un outil de creation graphique en ligne,un assistant IA conversationnel,un outil de traduction en ligne,un tableur,B,100,20,Il s'agit d'un assistant IA conversationnel.,"innovation,outils"
inn-0864,Innovation & IA,innovation-ia,moyen,"Dans le monde numerique, que designe un agent conversationnel de service client ?",Un robot qui repond aux questions frequentes des clients,Un appareil qui affiche une image sur un grand ecran ou un mur,Un ensemble d'informations organisees pour etre retrouvees facilement,"L'assistance au client apres l'achat, par des canaux numeriques",A,200,25,Un agent conversationnel de service client : un robot qui repond aux questions frequentes des clients.,"innovation,glossaire"
inn-0865,Innovation & IA,innovation-ia,facile,"Dans le monde numerique, que designe une mise a jour ?",Une publicite adressee a un public selectionne selon ses caracteristiques,"Un logiciel dont le code peut etre utilise, modifie et partage librement",Une nouvelle version qui corrige ou ameliore un logiciel,Un fichier consultable et modifiable a plusieurs en ligne,C,100,20,Une mise a jour : une nouvelle version qui corrige ou ameliore un logiciel.,"innovation,glossaire"
inn-0866,Innovation & IA,innovation-ia,moyen,Une petite entreprise veut identifier un client sans carte grace a son empreinte. Quelle solution numerique est la plus adaptee ?,La biometrie,Un document partage en ligne,Un questionnaire de satisfaction en ligne,Un tableau de bord de suivi des ventes,A,200,25,"Pour identifier un client sans carte grace a son empreinte, la biometrie est la reponse la plus directe.","innovation,usages"
inn-0867,Innovation & IA,innovation-ia,facile,"Dans le monde numerique, que designe un correcteur automatique ?",Un dispositif qui suggere des contenus ou produits selon les gouts de l'utilisateur,Une plateforme permettant de publier et d'echanger avec une communaute,Un site qui met en relation de nombreux vendeurs et acheteurs,Un outil qui detecte et corrige les fautes dans un texte,D,100,20,Un correcteur automatique : un outil qui detecte et corrige les fautes dans un texte.,"innovation,glossaire"
inn-0868,Innovation & IA,innovation-ia,challenge,Quelle est la mission principale d'un ingenieur en intelligence artificielle ?,"Organiser, securiser et optimiser le stockage des donnees",Concevoir et entrainer des modeles d'IA,Accompagner une organisation dans son passage au numerique,Proteger les systemes et les donnees contre les attaques,B,300,30,Un ingenieur en intelligence artificielle : concevoir et entrainer des modeles d'ia.,"innovation,metiers"
inn-0869,Innovation & IA,innovation-ia,moyen,"Dans le monde numerique, que designe l'innovation de rupture ?",Une innovation qui bouleverse un marche et remplace les solutions existantes,Un programme qui dialogue automatiquement avec les utilisateurs,Le composant specialise dans le traitement des images,Le partage de la connexion internet d'un telephone avec d'autres appareils,A,200,25,L'innovation de rupture : une innovation qui bouleverse un marche et remplace les solutions existantes.,"innovation,glossaire"
inn-0870,Innovation & IA,innovation-ia,moyen,"Dans le monde numerique, que designe un abandon de panier ?",La determination de la position geographique d'un appareil,Le plan des evolutions prevues pour un service numerique,Une technologie qui plonge l'utilisateur dans un environnement entierement simule,Le fait de quitter un site sans finaliser sa commande,D,200,25,Un abandon de panier : le fait de quitter un site sans finaliser sa commande.,"innovation,glossaire"
inn-0871,Innovation & IA,innovation-ia,challenge,De quel pays SafeMotos est-il ou est-elle originaire ?,le Senegal,la Tunisie,le Cameroun,le Rwanda,D,300,30,SafeMotos vient de ce pays : le Rwanda.,"innovation,afrique"
inn-0872,Innovation & IA,innovation-ia,moyen,"Dans le monde numerique, que designe un programme de fidelite numerique ?",Un dispositif qui recompense les achats repetes via une application,Le nom d'utilisateur qui permet de se connecter a un service,Un service permettant d'envoyer et de recevoir de l'argent depuis un telephone,Un espace de rangement qui regroupe des fichiers,A,200,25,Un programme de fidelite numerique : un dispositif qui recompense les achats repetes via une application.,"innovation,glossaire"
inn-0873,Innovation & IA,innovation-ia,facile,"Quel terme correspond a cette definition : Un outil qui aide a suivre les stocks, les ventes ou la comptabilite ?",un logiciel de gestion,une publication,un lecteur de code-barres,un filtre anti-spam,A,100,20,Il s'agit d'un logiciel de gestion.,"innovation,glossaire"
inn-0874,Innovation & IA,innovation-ia,challenge,Quel outil numerique permet de : Chiffrer la connexion pour proteger les echanges en ligne ?,un antivirus,un scanner de documents sur telephone,une application de messagerie instantanee,un VPN,D,300,30,Il s'agit d'un VPN.,"innovation,outils"
inn-0875,Innovation & IA,innovation-ia,facile,Quel terme correspond a cette definition : Un logiciel qui organise des donnees en lignes et colonnes et effectue des calculs ?,un mot de passe,un modele de langage,un MOOC,un tableur,D,100,20,Il s'agit d'un tableur.,"innovation,glossaire"
inn-0876,Innovation & IA,innovation-ia,facile,Quel terme correspond a cette definition : Une publication ephemere qui disparait apres un temps limite ?,un incubateur technologique,un videoprojecteur,un rancongiciel,une story,D,100,20,Il s'agit d'une story.,"innovation,glossaire"
inn-0877,Innovation & IA,innovation-ia,facile,Quel terme correspond a cette definition : Un programme qui dialogue automatiquement avec les utilisateurs ?,l'automatisation des taches administratives,une piece jointe,la fracture numerique,un chatbot,D,100,20,Il s'agit d'un chatbot.,"innovation,glossaire"
inn-0878,Innovation & IA,innovation-ia,moyen,Pourquoi le mobile money s'est-il developpe si vite en Afrique ?,Parce que les telephones etaient gratuits,Parce que les banques etaient interdites,Parce que l'argent liquide n'existait pas,Parce qu'une grande partie de la population n'avait pas de compte bancaire mais possedait un telephone,D,200,25,Le mobile a comble le manque d'acces bancaire.,"innovation,afrique"
inn-0879,Innovation & IA,innovation-ia,moyen,Que faut-il faire dans cette situation : un employe part de l'entreprise en gardant ses acces informatiques ?,Desactiver immediatement ses comptes et acces,Utiliser un gestionnaire de mots de passe securise,Ne pas payer et verifier l'identite du vendeur,Installer les mises a jour de securite sans tarder,A,200,25,Bonne pratique : desactiver immediatement ses comptes et acces.,"innovation,cybersecurite"
inn-0880,Innovation & IA,innovation-ia,challenge,A quelle categorie d'outils appartient un VPN ?,L'intelligence artificielle,Le stockage,La bureautique,La securite,D,300,30,Un VPN appartient a cette categorie : la securite.,"innovation,outils"
inn-0881,Innovation & IA,innovation-ia,moyen,Une petite entreprise veut garder une trace ecrite de tous les echanges avec un client. Quelle solution numerique est la plus adaptee ?,La signature electronique,Une presence sur les reseaux sociaux locaux,Un logiciel CRM,La geolocalisation via une application,C,200,25,"Pour garder une trace ecrite de tous les echanges avec un client, un logiciel crm est la reponse la plus directe.","innovation,usages"
inn-0882,Innovation & IA,innovation-ia,moyen,Que designe une fintech ?,Une exploitation agricole,Une compagnie aerienne,Une entreprise qui utilise la technologie pour proposer des services financiers,Une usine de textile,C,200,25,Financial technology.,"innovation,afrique"
inn-0883,Innovation & IA,innovation-ia,moyen,Quelle est la mission principale d'un designer d'interface ?,Concevoir l'apparence et l'ergonomie des ecrans,Ameliorer la visibilite d'un site dans les moteurs de recherche,"Organiser, securiser et optimiser le stockage des donnees",Proteger les systemes et les donnees contre les attaques,A,200,25,Un designer d'interface : concevoir l'apparence et l'ergonomie des ecrans.,"innovation,metiers"
inn-0884,Innovation & IA,innovation-ia,moyen,"Dans le monde numerique, que designe un test utilisateur ?",Une observation de personnes reelles utilisant le produit,L'ecart entre ceux qui ont acces au numerique et ceux qui en sont prives,Une suite de caracteres donnant droit a une reduction en ligne,La capacite de stockage disponible sur un appareil,A,200,25,Un test utilisateur : une observation de personnes reelles utilisant le produit.,"innovation,glossaire"
inn-0885,Innovation & IA,innovation-ia,challenge,Quelle est l'activite principale de Yassir ?,Les paiements en ligne pour commercants,La distribution de produits agricoles,Le transport a la demande et la livraison,La conception de drones civils,C,300,30,Yassir : le transport a la demande et la livraison (l'Algerie).,"innovation,afrique"
inn-0886,Innovation & IA,innovation-ia,moyen,Quel terme correspond a cette definition : La possibilite d'utiliser un service sans connexion internet ?,une signature electronique,le taux d'engagement,un mode hors ligne,un forum,C,200,25,Il s'agit d'un mode hors ligne.,"innovation,glossaire"
inn-0887,Innovation & IA,innovation-ia,moyen,Quelle erreur frequente commettent les entreprises qui se digitalisent ?,Documenter trop leurs procedures,Ecouter trop leurs clients,Acheter des outils sans revoir leurs processus ni former les equipes,Former trop leurs equipes,C,200,25,La technologie seule ne transforme rien.,"innovation,comprehension"
inn-0888,Innovation & IA,innovation-ia,moyen,Quel outil numerique permet de : Stocker de facon securisee des identifiants complexes ?,un outil de gestion de stock,un agenda partage,un gestionnaire de mots de passe,une messagerie electronique,C,200,25,Il s'agit d'un gestionnaire de mots de passe.,"innovation,outils"
inn-0889,Innovation & IA,innovation-ia,facile,"Dans le monde numerique, que designe un code promotionnel ?",L'appareil qui distribue la connexion internet dans un local,Une tromperie visant a soutirer de l'argent ou des informations sur internet,Une suite de barres lisible par un scanner pour identifier un produit,Une suite de caracteres donnant droit a une reduction en ligne,D,100,20,Un code promotionnel : une suite de caracteres donnant droit a une reduction en ligne.,"innovation,glossaire"
inn-0890,Innovation & IA,innovation-ia,moyen,Quel projet camerounais vise a etendre la fibre optique dans le pays ?,La ligne ferroviaire de Ngaoundere,La construction d'un aeroport,Le barrage de Lagdo,Le deploiement de la dorsale nationale a fibre optique,D,200,25,La fibre nationale ameliore le debit et la couverture.,"innovation,afrique"
inn-0891,Innovation & IA,innovation-ia,moyen,Quel terme correspond a cette definition : Un ordinateur qui fournit des services ou des donnees a d'autres appareils ?,une carte SIM,un serveur,un panier d'achat,une imprimante 3D,B,200,25,Il s'agit d'un serveur.,"innovation,glossaire"
inn-0892,Innovation & IA,innovation-ia,challenge,De quel pays Gifted Mom est-il ou est-elle originaire ?,le Senegal,le Rwanda,le Nigeria,le Cameroun,D,300,30,Gifted Mom vient de ce pays : le Cameroun.,"innovation,afrique"
inn-0893,Innovation & IA,innovation-ia,moyen,"Dans le monde numerique, que designe l'IA generative ?","Un service utilisable directement depuis un navigateur, sans installation","Un logiciel dont le code peut etre utilise, modifie et partage librement",Le partage de la connexion internet d'un telephone avec d'autres appareils,"Une intelligence artificielle capable de produire du texte, des images ou du son",D,200,25,"L'IA generative : une intelligence artificielle capable de produire du texte, des images ou du son.","innovation,glossaire"
inn-0894,Innovation & IA,innovation-ia,facile,Quel professionnel du numerique a pour mission de : Former les equipes a l'usage des outils digitaux ?,un monteur video,un consultant en transformation digitale,un formateur numerique,un specialiste du referencement,C,100,20,Il s'agit d'un formateur numerique.,"innovation,metiers"
inn-0895,Innovation & IA,innovation-ia,moyen,"Dans le monde numerique, que designe la veille technologique ?",Un code valable une seule fois pour valider une operation,Un titre qui protege une invention technique pendant une duree limitee,L'adaptation d'un service aux preferences de chaque utilisateur,La surveillance organisee des evolutions techniques d'un secteur,D,200,25,La veille technologique : la surveillance organisee des evolutions techniques d'un secteur.,"innovation,glossaire"
inn-0896,Innovation & IA,innovation-ia,moyen,Quel terme correspond a cette definition : Le numero qui identifie un appareil connecte a un reseau ?,le referencement,une adresse IP,un bug,un test de charge,B,200,25,Il s'agit d'une adresse IP.,"innovation,glossaire"
inn-0897,Innovation & IA,innovation-ia,challenge,Quel terme correspond a cette definition : Un registre numerique partage qui enregistre les transactions de facon infalsifiable ?,un nom de domaine,la blockchain,une application mobile,le taux d'engagement,B,300,30,Il s'agit de la blockchain.,"innovation,glossaire"
inn-0898,Innovation & IA,innovation-ia,moyen,"Dans le monde numerique, que designe la realite augmentee ?",Un service permettant d'envoyer et de recevoir de l'argent depuis un telephone,Une mesure chiffree du fonctionnement d'un service en ligne,Une technologie qui superpose des informations numeriques au monde reel,Une plateforme ou de nombreux vendeurs proposent leurs produits,C,200,25,La realite augmentee : une technologie qui superpose des informations numeriques au monde reel.,"innovation,glossaire"
inn-0899,Innovation & IA,innovation-ia,challenge,Quel professionnel du numerique a pour mission de : Construire des modeles predictifs a partir de donnees ?,un specialiste du support client en ligne,un data scientist,un product owner,un expert en cybersecurite,B,300,30,Il s'agit d'un data scientist.,"innovation,metiers"
inn-0900,Innovation & IA,innovation-ia,facile,A quoi sert principalement une messagerie electronique ?,"Obtenir de l'aide pour rediger, resumer ou expliquer",Envoyer et recevoir des courriers numeriques,Traduire rapidement un texte d'une langue a une autre,Suivre l'avancement du travail d'une equipe,B,100,20,Une messagerie electronique sert a : envoyer et recevoir des courriers numeriques.,"innovation,outils"
inn-0901,Innovation & IA,innovation-ia,facile,Quelle situation justifie cette bonne pratique : Activer un code ou un verrouillage biometrique ?,Votre telephone professionnel n'a aucun code de verrouillage,Vous notez vos mots de passe sur un papier colle a l'ecran,Vous recevez un SMS annoncant que vous avez gagne un prix et demandant votre code secret,Un fichier joint inattendu arrive d'un expediteur inconnu,A,100,20,Cette pratique repond au cas suivant : votre telephone professionnel n'a aucun code de verrouillage.,"innovation,cybersecurite"
inn-0902,Innovation & IA,innovation-ia,facile,Quel est le principal benefice de cette demarche : faire connaitre une boutique aupres des habitants du quartier ?,Relancer les clients endormis au bon moment,Toucher des clients proches a faible cout,Observer l'etat des cultures sans se deplacer partout,Eviter les versions multiples et les pertes,B,100,20,Le gain principal : toucher des clients proches a faible cout.,"innovation,usages"
inn-0903,Innovation & IA,innovation-ia,challenge,"Dans le monde numerique, que designe l'innovation d'usage ?",Une nouvelle facon d'utiliser une technologie existante,Un appareil tactile intermediaire entre le telephone et l'ordinateur,Une entreprise externe chargee de realiser ou maintenir un service numerique,La phase pendant laquelle un systeme d'IA apprend a partir de donnees,A,300,30,L'innovation d'usage : une nouvelle facon d'utiliser une technologie existante.,"innovation,glossaire"
inn-0904,Innovation & IA,innovation-ia,moyen,Quel support a precede la cle USB pour transporter des fichiers ?,La carte SIM,Le disque dur externe SSD,La disquette,Le code QR,C,200,25,La disquette a domine jusqu'aux annees 1990.,"innovation,histoire"
inn-0905,Innovation & IA,innovation-ia,challenge,Une petite entreprise veut detecter une transaction bancaire anormale. Quelle solution numerique est la plus adaptee ?,Un outil d'automatisation des taches,Un logiciel de gestion de la relation client,Un systeme de detection automatique de fraude,Un code QR imprime sur l'etiquette,C,300,30,"Pour detecter une transaction bancaire anormale, un systeme de detection automatique de fraude est la reponse la plus directe.","innovation,usages"
inn-0906,Innovation & IA,innovation-ia,moyen,Quelle est la mission principale d'un designer d'experience utilisateur ?,Ameliorer le parcours et le ressenti des utilisateurs,Former les equipes a l'usage des outils digitaux,Produire des contenus ecrits pour internet,Maintenir les serveurs et les infrastructures informatiques,A,200,25,Un designer d'experience utilisateur : ameliorer le parcours et le ressenti des utilisateurs.,"innovation,metiers"
inn-0907,Innovation & IA,innovation-ia,moyen,"Quel est le point commun entre un chatbot, un traducteur automatique et un correcteur de texte ?",Ils fonctionnent tous sans electricite,Ils sont tous interdits en entreprise,Ils reposent tous sur le traitement automatique du langage,Ils necessitent tous une imprimante,C,200,25,Ces trois usages relevent du traitement du langage naturel.,"innovation,comprehension"
inn-0908,Innovation & IA,innovation-ia,facile,"Dans le monde numerique, que designe la numerisation ?",Une entreprise externe chargee de realiser ou maintenir un service numerique,La quantite de donnees pouvant transiter par une connexion en un temps donne,Le passage d'un support papier ou manuel a un format numerique,La capacite d'un programme a s'ameliorer a partir d'exemples,C,100,20,La numerisation : le passage d'un support papier ou manuel a un format numerique.,"innovation,glossaire"
inn-0909,Innovation & IA,innovation-ia,moyen,L'intelligence artificielle va-t-elle supprimer tous les emplois ?,"Oui, tous les emplois vont disparaitre","Non, elle transforme les metiers : certaines taches disparaissent, d'autres apparaissent","Non, elle n'aura aucun effet sur le travail","Oui, sauf les emplois agricoles",B,200,25,L'IA modifie la repartition des taches plus qu'elle ne supprime tout.,"innovation,comprehension"
inn-0910,Innovation & IA,innovation-ia,facile,A quelle categorie d'outils appartient un traitement de texte ?,La bureautique,La gestion,La mesure,La numerisation,A,100,20,Un traitement de texte appartient a cette categorie : la bureautique.,"innovation,outils"
inn-0911,Innovation & IA,innovation-ia,facile,Quelle solution permet de travailler malgre les coupures de courant ?,Un ecran plus grand,Un modem eteint,Un onduleur ou une batterie de secours,Un ordinateur sans alimentation,C,100,20,L'alimentation de secours assure la continuite.,"innovation,afrique"
inn-0912,Innovation & IA,innovation-ia,challenge,Quel terme correspond a cette definition : Le fait d'etiqueter des donnees pour apprendre a une IA a les reconnaitre ?,l'hebergement web,un biais algorithmique,l'historique de navigation,l'annotation de donnees,D,300,30,Il s'agit de l'annotation de donnees.,"innovation,glossaire"
inn-0913,Innovation & IA,innovation-ia,moyen,Quel est le principal benefice de cette demarche : faire decouvrir un hotel avant la reservation ?,Coordonner sans reunions inutiles,Rassurer le client et augmenter les reservations,Servir une clientele plus large,Produire des visuels corrects a faible cout,B,200,25,Le gain principal : rassurer le client et augmenter les reservations.,"innovation,usages"
inn-0914,Innovation & IA,innovation-ia,challenge,Quel terme correspond a cette definition : Une offre de base gratuite completee par des options payantes ?,un modele freemium,l'experience utilisateur,un site frauduleux,l'interface,A,300,30,Il s'agit d'un modele freemium.,"innovation,glossaire"
inn-0915,Innovation & IA,innovation-ia,moyen,Quel outil numerique permet de : Suivre les entrees et sorties de marchandises ?,un logiciel de presentation,un outil de gestion de stock,un espace de stockage en ligne,une plateforme de formation en ligne,B,200,25,Il s'agit d'un outil de gestion de stock.,"innovation,outils"
inn-0916,Innovation & IA,innovation-ia,facile,"Dans le monde numerique, que designe un temps de reponse ?",Le delai entre la demande d'un utilisateur et la reponse recue,Le logiciel qui permet de consulter des sites internet,Le fait de controler l'origine d'une information avant de la croire,L'accord qui organise l'entretien et le depannage d'un systeme,A,100,20,Un temps de reponse : le delai entre la demande d'un utilisateur et la reponse recue.,"innovation,glossaire"
inn-0917,Innovation & IA,innovation-ia,facile,"Dans le monde numerique, que designe un assistant vocal ?",Un service qui repond a des commandes prononcees a voix haute,Un paiement recurrent donnant acces a un service en ligne,Le document expliquant comment un service traite les donnees personnelles,Un evenement court ou des equipes concoivent une solution numerique,A,100,20,Un assistant vocal : un service qui repond a des commandes prononcees a voix haute.,"innovation,glossaire"
inn-0918,Innovation & IA,innovation-ia,challenge,Pour quelle contribution Joseph Weizenbaum est-il ou est-elle connu(e) ?,les protocoles de communication d'internet,"ELIZA, l'un des premiers agents conversationnels",l'ampoule electrique commercialisable,le telephone,B,300,30,"Joseph Weizenbaum est associe(e) a ELIZA, l'un des premiers agents conversationnels.","innovation,histoire"
inn-0919,Innovation & IA,innovation-ia,challenge,Qui est a l'origine de cette avancee : l'usage du symbole arobase dans les adresses e-mail ?,Louis Pasteur,Steve Wozniak,Ada Lovelace,Ray Tomlinson,D,300,30,Il s'agit de Ray Tomlinson.,"innovation,histoire"
inn-0920,Innovation & IA,innovation-ia,facile,Quel est le principal benefice de cette demarche : repondre automatiquement aux questions frequentes des clients ?,Produire des visuels corrects a faible cout,Reduire les couts et le temps de formation,Repondre plus vite et a toute heure,Reduire fortement le risque de fraude,C,100,20,Le gain principal : repondre plus vite et a toute heure.,"innovation,usages"
inn-0921,Innovation & IA,innovation-ia,moyen,Quel terme correspond a cette definition : Une distorsion des resultats reproduisant des prejuges presents dans les donnees ?,un biais algorithmique,un tunnel de conversion,l'intelligence artificielle,un ticket d'assistance,A,200,25,Il s'agit d'un biais algorithmique.,"innovation,glossaire"
inn-0922,Innovation & IA,innovation-ia,facile,"Dans le monde numerique, que designe un lien hypertexte ?",Le code qui permet de retrouver une operation de paiement,Un registre numerique partage qui enregistre les transactions de facon infalsifiable,Un element cliquable qui renvoie vers une autre page ou ressource,Le service qui stocke un site et le rend accessible en ligne,C,100,20,Un lien hypertexte : un element cliquable qui renvoie vers une autre page ou ressource.,"innovation,glossaire"
inn-0923,Innovation & IA,innovation-ia,facile,Quel terme correspond a cette definition : Le logiciel qui permet de consulter des sites internet ?,un navigateur,un temps de reponse,un recu electronique,un service de livraison connecte,A,100,20,Il s'agit d'un navigateur.,"innovation,glossaire"
inn-0924,Innovation & IA,innovation-ia,challenge,Quelle situation justifie cette bonne pratique : Chiffrer les mots de passe et securiser la base de donnees ?,Un message urgent du dirigeant demande un virement immediat sans verification,Un e-mail imite votre banque et demande de confirmer votre mot de passe,Un collaborateur telecharge des logiciels piratés sur l'ordinateur de l'entreprise,Votre boutique en ligne stocke les mots de passe clients en clair,D,300,30,Cette pratique repond au cas suivant : votre boutique en ligne stocke les mots de passe clients en clair.,"innovation,cybersecurite"
inn-0925,Innovation & IA,innovation-ia,facile,A quel besoin repond principalement cette solution : Une visioconference ?,Resumer un long document en quelques points,Reduire les erreurs de calcul dans les devis,Traduire une fiche produit en anglais pour la vendre au Nigeria,Organiser une reunion avec un partenaire base a l'etranger,D,100,20,Une visioconference sert notamment a organiser une reunion avec un partenaire base a l'etranger.,"innovation,usages"
inn-0926,Innovation & IA,innovation-ia,moyen,A quelle categorie d'outils appartient un outil de gestion de taches ?,La gestion,La creation,L'organisation,L'intelligence artificielle,C,200,25,Un outil de gestion de taches appartient a cette categorie : l'organisation.,"innovation,outils"
inn-0927,Innovation & IA,innovation-ia,moyen,Quel principe doit guider la collecte de donnees personnelles ?,Collecter le maximum possible,Ne collecter que ce qui est necessaire et informer les personnes,Collecter en secret,Revendre sans consentement,B,200,25,Minimisation et transparence sont des principes de base.,"innovation,comprehension"
inn-0928,Innovation & IA,innovation-ia,moyen,En quelle annee le World Wide Web a-t-il ete invente ?,2005,1999,1989,1969,C,200,25,Tim Berners-Lee formule sa proposition en 1989 au CERN.,"innovation,histoire"
inn-0929,Innovation & IA,innovation-ia,facile,Que faut-il faire dans cette situation : un inconnu vous appelle en se disant technicien et demande un code recu par SMS ?,Refuser de communiquer le code et raccrocher,Activer un code ou un verrouillage biometrique,Ne pas cliquer et contacter la banque par un canal officiel,Desactiver immediatement ses comptes et acces,A,100,20,Bonne pratique : refuser de communiquer le code et raccrocher.,"innovation,cybersecurite"
inn-0930,Innovation & IA,innovation-ia,moyen,Quel est le principal benefice de cette demarche : identifier les clients qui n'ont pas commande depuis trois mois ?,Suivre le stock en temps reel,Fiabiliser les chiffres transmis aux clients,Relancer les clients endormis au bon moment,Suivre chaque vente et fiabiliser les comptes,C,200,25,Le gain principal : relancer les clients endormis au bon moment.,"innovation,usages"
inn-0931,Innovation & IA,innovation-ia,facile,Quel terme correspond a cette definition : Une plateforme permettant de publier et d'echanger avec une communaute ?,un modem,un reseau social,un document partage,un scanner,B,100,20,Il s'agit d'un reseau social.,"innovation,glossaire"
inn-0932,Innovation & IA,innovation-ia,challenge,Quel service correspond a cette activite : La conception de drones civils ?,Orange Money,Waspito,Will and Brothers,MTN MoMo,C,300,30,Will and Brothers correspond a cette activite.,"innovation,afrique"
inn-0933,Innovation & IA,innovation-ia,challenge,Dans quel domaine Jack Kilby a-t-il ou a-t-elle laisse sa marque ?,L'imprimerie,L'electronique,Les transports,La programmation,B,300,30,Jack Kilby a marque ce domaine : L'electronique.,"innovation,histoire"
inn-0934,Innovation & IA,innovation-ia,moyen,"Dans le monde numerique, que designe la e-reputation ?",La puce qui identifie un abonne sur un reseau mobile,La consultation medicale realisee a distance grace aux outils numeriques,L'image d'une personne ou d'une entreprise telle qu'elle apparait sur internet,La phase pendant laquelle un systeme d'IA apprend a partir de donnees,C,200,25,La e-reputation : l'image d'une personne ou d'une entreprise telle qu'elle apparait sur internet.,"innovation,glossaire"
inn-0935,Innovation & IA,innovation-ia,facile,"Dans le monde numerique, que designe une carte numerique ?",Un programme installe sur un telephone pour rendre un service,Une representation geographique consultable en ligne,Un element cliquable qui renvoie vers une autre page ou ressource,Une publicite adressee a un public selectionne selon ses caracteristiques,B,100,20,Une carte numerique : une representation geographique consultable en ligne.,"innovation,glossaire"
inn-0936,Innovation & IA,innovation-ia,facile,"Dans le monde numerique, que designe un reseau social ?","Un service utilisable directement depuis un navigateur, sans installation",Une plateforme permettant de publier et d'echanger avec une communaute,Le document decrivant precisement les fonctions attendues d'un outil,Un code valable une seule fois pour valider une operation,B,100,20,Un reseau social : une plateforme permettant de publier et d'echanger avec une communaute.,"innovation,glossaire"
inn-0937,Innovation & IA,innovation-ia,challenge,Quel service correspond a cette activite : La distribution de produits agricoles ?,Zipline,Yassir,Flutterwave,Twiga Foods,D,300,30,Twiga Foods correspond a cette activite.,"innovation,afrique"
inn-0938,Innovation & IA,innovation-ia,moyen,"Dans le monde numerique, que designe un service de livraison connecte ?",Un reglement reparti en plusieurs echeances,"Une intelligence artificielle capable de produire du texte, des images ou du son",Une application qui organise et suit les livraisons en temps reel,Le traitement des donnees au plus pres de l'endroit ou elles sont produites,C,200,25,Un service de livraison connecte : une application qui organise et suit les livraisons en temps reel.,"innovation,glossaire"
inn-0939,Innovation & IA,innovation-ia,moyen,A quoi sert principalement un outil no-code ?,Diffuser des cours accessibles a distance,Enregistrer les ventes et editer les tickets,Construire un site ou une application sans programmer,Conserver et partager des fichiers accessibles partout,C,200,25,Un outil no-code sert a : construire un site ou une application sans programmer.,"innovation,outils"
inn-0940,Innovation & IA,innovation-ia,moyen,"Dans le monde numerique, que designe la personnalisation ?",Un petit fichier depose par un site pour retenir des informations sur la visite,La qualite du ressenti d'une personne lorsqu'elle utilise un service,Un message envoye par une application sur l'ecran du telephone,L'adaptation d'un service aux preferences de chaque utilisateur,D,200,25,La personnalisation : l'adaptation d'un service aux preferences de chaque utilisateur.,"innovation,glossaire"
inn-0941,Innovation & IA,innovation-ia,moyen,Quelle est la mission principale d'un chef de projet numerique ?,Assister les utilisateurs a distance,Reparer et entretenir les equipements informatiques,Exploiter les donnees pour aider a decider,"Coordonner les equipes, les delais et le budget d'un projet",D,200,25,"Un chef de projet numerique : coordonner les equipes, les delais et le budget d'un projet.","innovation,metiers"
inn-0942,Innovation & IA,innovation-ia,moyen,L'innovation exige-t-elle toujours une technologie de pointe ?,"Non, une nouvelle organisation ou un nouvel usage peut suffire","Oui, il faut obligatoirement un laboratoire","Oui, sans technologie il n'y a pas d'innovation","Oui, il faut toujours un brevet",A,200,25,L'innovation d'usage ou d'organisation compte autant.,"innovation,comprehension"
inn-0943,Innovation & IA,innovation-ia,facile,"Dans le monde numerique, que designe la traduction automatique ?",La capacite de stockage disponible sur un appareil,La conversion d'un texte d'une langue a une autre par un logiciel,Un fichier envoye avec un message electronique,L'avis exprime par une personne apres avoir utilise un service,B,100,20,La traduction automatique : la conversion d'un texte d'une langue a une autre par un logiciel.,"innovation,glossaire"
inn-0944,Innovation & IA,innovation-ia,facile,"Dans le monde numerique, que designe une piece jointe ?",Un paiement recurrent donnant acces a un service en ligne,Un fichier envoye avec un message electronique,Le traitement des donnees au plus pres de l'endroit ou elles sont produites,L'accord libre et informe donne avant l'utilisation de ses donnees,B,100,20,Une piece jointe : un fichier envoye avec un message electronique.,"innovation,glossaire"
inn-0945,Innovation & IA,innovation-ia,moyen,Dans quel domaine Karl Benz a-t-il ou a-t-elle laisse sa marque ?,L'electronique,Les telecommunications,L'energie,Les transports,D,200,25,Karl Benz a marque ce domaine : Les transports.,"innovation,histoire"
inn-0946,Innovation & IA,innovation-ia,moyen,"Dans le monde numerique, que designe un format de fichier ?",La production par une machine d'une version courte d'un texte long,La maniere dont les donnees d'un fichier sont structurees,L'usage de l'intelligence artificielle dans le respect des personnes et de la loi,Une approche qui limite les effets negatifs sociaux et ecologiques du numerique,B,200,25,Un format de fichier : la maniere dont les donnees d'un fichier sont structurees.,"innovation,glossaire"
inn-0947,Innovation & IA,innovation-ia,facile,Une PME veut proteger ses donnees contre la perte. Quelle mesure de base ?,"Sauvegarder regulierement, avec au moins une copie hors du local",Garder une seule copie sur un ordinateur,Imprimer toutes les donnees,Ne rien sauvegarder,A,100,20,"La regle de base : plusieurs copies, dont une externalisee.","innovation,mise-en-situation"
inn-0948,Innovation & IA,innovation-ia,facile,Pour quelle contribution Louis Pasteur est-il ou est-elle connu(e) ?,les premiers travaux sur les compilateurs,la vaccination moderne et la pasteurisation,le premier algorithme destine a une machine,le premier appel depuis un telephone mobile,B,100,20,Louis Pasteur est associe(e) a la vaccination moderne et la pasteurisation.,"innovation,histoire"
inn-0949,Innovation & IA,innovation-ia,challenge,Quel terme correspond a cette definition : La capacite d'un systeme a analyser et produire du langage humain ?,l'experience utilisateur,le traitement du langage naturel,un forfait de donnees,une hallucination d'IA,B,300,30,Il s'agit du traitement du langage naturel.,"innovation,glossaire"
inn-0950,Innovation & IA,innovation-ia,moyen,D'ou vient la connaissance d'une intelligence artificielle generative ?,Des tres grandes quantites de donnees sur lesquelles elle a ete entrainee,De sa propre experience de la vie,De ses conversations avec ses amis,De ses reves,A,200,25,"L'IA apprend a partir de donnees, pas d'experience vecue.","innovation,comprehension"
inn-0951,Innovation & IA,innovation-ia,moyen,Quel terme correspond a cette definition : L'ensemble des informations et preferences associees a une personne ?,un correcteur automatique,un profil utilisateur,une audience en ligne,l'agriculture de precision,B,200,25,Il s'agit d'un profil utilisateur.,"innovation,glossaire"
inn-0952,Innovation & IA,innovation-ia,moyen,Quel terme correspond a cette definition : Une mesure chiffree du fonctionnement d'un service en ligne ?,un hashtag,un jumeau numerique,l'agriculture de precision,un indicateur numerique,D,200,25,Il s'agit d'un indicateur numerique.,"innovation,glossaire"
inn-0953,Innovation & IA,innovation-ia,moyen,A quelle categorie d'outils appartient un outil d'analyse d'audience ?,La mesure,La creation,La communication,La gestion,A,200,25,Un outil d'analyse d'audience appartient a cette categorie : la mesure.,"innovation,outils"
inn-0954,Innovation & IA,innovation-ia,facile,A quoi sert principalement un espace de stockage en ligne ?,Organiser des reunions a distance,Conserver et partager des fichiers accessibles partout,Centraliser l'historique de la relation avec chaque client,Stocker de facon securisee des identifiants complexes,B,100,20,Un espace de stockage en ligne sert a : conserver et partager des fichiers accessibles partout.,"innovation,outils"
inn-0955,Innovation & IA,innovation-ia,challenge,Quel service correspond a cette activite : Les services de sante numeriques ?,Twiga Foods,Yassir,Zipline,Healthlane,D,300,30,Healthlane correspond a cette activite.,"innovation,afrique"
inn-0956,Innovation & IA,innovation-ia,challenge,Que faut-il faire dans cette situation : votre boutique en ligne stocke les mots de passe clients en clair ?,Verifier la demande par un autre canal avant tout paiement,Refuser l'autorisation inutile,Eviter les operations sensibles sur un reseau public non securise,Chiffrer les mots de passe et securiser la base de donnees,D,300,30,Bonne pratique : chiffrer les mots de passe et securiser la base de donnees.,"innovation,cybersecurite"
inn-0957,Innovation & IA,innovation-ia,moyen,A quel besoin repond principalement cette solution : Un tableau de bord de suivi des ventes ?,Verifier l'identite d'un utilisateur avant un paiement,Savoir quels produits se vendent le mieux chaque semaine,Faire decouvrir un hotel avant la reservation,Envoyer une information a tous ses clients d'un coup,B,200,25,Un tableau de bord de suivi des ventes sert notamment a savoir quels produits se vendent le mieux chaque semaine.,"innovation,usages"
inn-0958,Innovation & IA,innovation-ia,moyen,"Dans le monde numerique, que designe un serveur ?",Un ordinateur qui fournit des services ou des donnees a d'autres appareils,Un modele ou des particuliers partagent biens et services via des plateformes,Un espace de rangement qui regroupe des fichiers,Un site qui met en relation de nombreux vendeurs et acheteurs,A,200,25,Un serveur : un ordinateur qui fournit des services ou des donnees a d'autres appareils.,"innovation,glossaire"
inn-0959,Innovation & IA,innovation-ia,challenge,Qui est a l'origine de cette avancee : les protocoles de communication d'internet ?,Martin Cooper,Alexander Fleming,Vint Cerf,Ray Tomlinson,C,300,30,Il s'agit de Vint Cerf.,"innovation,histoire"
inn-0960,Innovation & IA,innovation-ia,moyen,Quel est le principal benefice de cette demarche : eviter de perdre du temps a compter le stock a la main ?,Suivre le stock en temps reel,Economiser l'eau et ameliorer les rendements,Eviter de relayer une fausse information,Conclure plus vite sans deplacement,A,200,25,Le gain principal : suivre le stock en temps reel.,"innovation,usages"
inn-0961,Innovation & IA,innovation-ia,challenge,Pour quelle contribution Martin Cooper est-il ou est-elle connu(e) ?,le premier appel depuis un telephone mobile,la premiere tablette concue en Afrique centrale,l'imprimerie a caracteres mobiles en Europe,le World Wide Web,A,300,30,Martin Cooper est associe(e) a le premier appel depuis un telephone mobile.,"innovation,histoire"
inn-0962,Innovation & IA,innovation-ia,moyen,Quelle est la mission principale d'un testeur logiciel ?,Verifier le bon fonctionnement d'un programme avant sa mise en service,"Organiser, securiser et optimiser le stockage des donnees",Definir les priorites d'un produit numerique au nom des utilisateurs,Realiser des prises de vue ou des mesures aeriennes,A,200,25,Un testeur logiciel : verifier le bon fonctionnement d'un programme avant sa mise en service.,"innovation,metiers"
inn-0963,Innovation & IA,innovation-ia,facile,A quelle categorie d'outils appartient un antivirus ?,La securite,L'organisation,Le stockage,La creation,A,100,20,Un antivirus appartient a cette categorie : la securite.,"innovation,outils"
inn-0964,Innovation & IA,innovation-ia,moyen,"Dans le monde numerique, que designe une audience en ligne ?",La consigne que l'on donne a une intelligence artificielle pour obtenir une reponse,Un groupe de personnes reunies autour d'un interet commun sur internet,L'ensemble des personnes touchees par un contenu numerique,La maniere dont les donnees d'un fichier sont structurees,C,200,25,Une audience en ligne : l'ensemble des personnes touchees par un contenu numerique.,"innovation,glossaire"
inn-0965,Innovation & IA,innovation-ia,moyen,Quel terme correspond a cette definition : Un appareil du quotidien relie a internet pour transmettre des informations ?,un lecteur de code-barres,un objet connecte,la traduction automatique,une facture electronique,B,200,25,Il s'agit d'un objet connecte.,"innovation,glossaire"
inn-0966,Innovation & IA,innovation-ia,facile,Quel terme correspond a cette definition : Une suite secrete de caracteres qui protege l'acces a un compte ?,un mot de passe,un tableur,un capteur,un chatbot de support,A,100,20,Il s'agit d'un mot de passe.,"innovation,glossaire"
inn-0967,Innovation & IA,innovation-ia,challenge,Dans quel domaine Geoffrey Hinton a-t-il ou a-t-elle laisse sa marque ?,Internet,Les telecommunications,L'intelligence artificielle,L'imprimerie,C,300,30,Geoffrey Hinton a marque ce domaine : L'intelligence artificielle.,"innovation,histoire"
inn-0968,Innovation & IA,innovation-ia,moyen,Que propose un incubateur a une startup camerounaise ?,Une exoneration totale d'impots,Un chiffre d'affaires garanti,"Un accompagnement, un espace de travail et l'acces a un reseau",Des clients obligatoires,C,200,25,L'incubateur structure le projet et ouvre des portes.,"innovation,afrique"
inn-0969,Innovation & IA,innovation-ia,moyen,"Dans le monde numerique, que designe le no-code ?",Une innovation qui obtient un resultat utile avec des moyens tres limites,Une application qui organise et suit les livraisons en temps reel,La creation d'applications sans ecrire de code informatique,L'interruption temporaire d'un service numerique,C,200,25,Le no-code : la creation d'applications sans ecrire de code informatique.,"innovation,glossaire"
inn-0970,Innovation & IA,innovation-ia,moyen,Quel terme correspond a cette definition : Une innovation qui bouleverse un marche et remplace les solutions existantes ?,une visioconference,la verification des sources,l'innovation de rupture,un programme de fidelite numerique,C,200,25,Il s'agit de l'innovation de rupture.,"innovation,glossaire"
inn-0971,Innovation & IA,innovation-ia,moyen,"Dans le monde numerique, que designe le cloud ?",L'accord qui organise l'entretien et le depannage d'un systeme,L'avis exprime par une personne apres avoir utilise un service,Le stockage et le traitement de donnees sur des serveurs accessibles par internet,Un registre numerique partage qui enregistre les transactions de facon infalsifiable,C,200,25,Le cloud : le stockage et le traitement de donnees sur des serveurs accessibles par internet.,"innovation,glossaire"
inn-0972,Innovation & IA,innovation-ia,challenge,"Dans le monde numerique, que designe l'annotation de donnees ?",Une innovation qui bouleverse un marche et remplace les solutions existantes,Un programme installe sur un telephone pour rendre un service,Une technologie de connexion a internet sans fil sur une courte distance,Le fait d'etiqueter des donnees pour apprendre a une IA a les reconnaitre,D,300,30,L'annotation de donnees : le fait d'etiqueter des donnees pour apprendre a une ia a les reconnaitre.,"innovation,glossaire"
inn-0973,Innovation & IA,innovation-ia,moyen,Quel terme correspond a cette definition : Une technologie qui superpose des informations numeriques au monde reel ?,la realite augmentee,un robot,le no-code,la maintenance,A,200,25,Il s'agit de la realite augmentee.,"innovation,glossaire"
inn-0974,Innovation & IA,innovation-ia,challenge,De quel pays Yoco est-il ou est-elle originaire ?,l'Afrique du Sud,la Tunisie,le Nigeria,l'Algerie,A,300,30,Yoco vient de ce pays : l'Afrique du Sud.,"innovation,afrique"
inn-0975,Innovation & IA,innovation-ia,challenge,Quel terme correspond a cette definition : La copie virtuelle d'un objet ou d'un processus reel ?,un ordinateur portable,une API,la geolocalisation,un jumeau numerique,D,300,30,Il s'agit d'un jumeau numerique.,"innovation,glossaire"
inn-0976,Innovation & IA,innovation-ia,challenge,Quel est le principal benefice de cette demarche : reduire la consommation d'electricite d'un atelier ?,Eviter des deplacements inutiles au client,Identifier les gaspillages et economiser,Securiser l'acces tout en simplifiant l'identification,Donner acces a l'information sans vendeur disponible,B,300,30,Le gain principal : identifier les gaspillages et economiser.,"innovation,usages"
inn-0977,Innovation & IA,innovation-ia,moyen,Quelle est l'activite principale de M-Pesa ?,Le developpement de jeux video,Les terminaux de paiement pour petits commerces,Les paiements en ligne pour commercants,Le transfert d'argent par telephone,D,200,25,M-Pesa : le transfert d'argent par telephone (le Kenya).,"innovation,afrique"
inn-0978,Innovation & IA,innovation-ia,moyen,Que faut-il faire dans cette situation : vous vous connectez au wifi public d'un hotel pour consulter vos comptes ?,Eviter les operations sensibles sur un reseau public non securise,Refuser de communiquer le code et raccrocher,Utiliser un gestionnaire de mots de passe securise,Ne jamais communiquer son code et supprimer le message,A,200,25,Bonne pratique : eviter les operations sensibles sur un reseau public non securise.,"innovation,cybersecurite"
inn-0979,Innovation & IA,innovation-ia,moyen,Quel est le principal avantage du cloud pour une petite structure ?,Acceder a des outils puissants sans acheter de serveurs,Eviter toute sauvegarde,Garantir des ventes,Supprimer le besoin d'internet,A,200,25,Le cloud mutualise l'infrastructure.,"innovation,comprehension"
inn-0980,Innovation & IA,innovation-ia,moyen,Quel terme correspond a cette definition : La consultation medicale realisee a distance grace aux outils numeriques ?,un robot,la telemedecine,l'innovation de rupture,un test utilisateur,B,200,25,Il s'agit de la telemedecine.,"innovation,glossaire"
inn-0981,Innovation & IA,innovation-ia,facile,"Dans le monde numerique, que designe un forum ?",Un logiciel qui organise des donnees en lignes et colonnes et effectue des calculs,Un service en ligne qui met en relation plusieurs types d'utilisateurs,Un modele ou des particuliers partagent biens et services via des plateformes,Un espace en ligne d'echange de questions et de reponses,D,100,20,Un forum : un espace en ligne d'echange de questions et de reponses.,"innovation,glossaire"
inn-0982,Innovation & IA,innovation-ia,facile,Quel terme correspond a cette definition : Un paiement recurrent qui donne acces a un service ?,l'innovation de rupture,une audience en ligne,un abonnement mensuel,un PDF,C,100,20,Il s'agit d'un abonnement mensuel.,"innovation,glossaire"
inn-0983,Innovation & IA,innovation-ia,facile,"Dans le monde numerique, que designe un mot de passe ?",Une suite secrete de caracteres qui protege l'acces a un compte,L'accord qui organise l'entretien et le depannage d'un systeme,Une innovation qui obtient un resultat utile avec des moyens tres limites,La creation d'images nouvelles par un modele d'intelligence artificielle,A,100,20,Un mot de passe : une suite secrete de caracteres qui protege l'acces a un compte.,"innovation,glossaire"
inn-0984,Innovation & IA,innovation-ia,moyen,"Dans le monde numerique, que designe la prediction ?",L'identification d'une personne par une caracteristique physique unique,L'estimation d'une valeur future a partir de donnees passees,Un fichier envoye avec un message electronique,Une proposition de prix transmise par un canal numerique,B,200,25,La prediction : l'estimation d'une valeur future a partir de donnees passees.,"innovation,glossaire"
inn-0985,Innovation & IA,innovation-ia,facile,Quel terme correspond a cette definition : Les informations qui permettent d'identifier une personne ?,une communaute en ligne,un paiement fractionne,les donnees personnelles,l'economie collaborative,C,100,20,Il s'agit des donnees personnelles.,"innovation,glossaire"
inn-0986,Innovation & IA,innovation-ia,moyen,Quel facteur limite le plus l'usage d'internet en zone rurale africaine ?,La couverture reseau et le cout des donnees,L'interdiction legale d'internet,Le manque d'ordinateurs de bureau uniquement,L'absence de langue locale,A,200,25,Couverture et cout restent les freins majeurs.,"innovation,comprehension"
inn-0987,Innovation & IA,innovation-ia,moyen,Qui est a l'origine de cette avancee : la penicilline ?,Arthur Zang,Louis Pasteur,Alexander Fleming,Les freres Wright,C,200,25,Il s'agit de Alexander Fleming.,"innovation,histoire"
inn-0988,Innovation & IA,innovation-ia,facile,A quel besoin repond principalement cette solution : Un chatbot ou agent conversationnel ?,Repondre automatiquement aux questions frequentes des clients,Verifier l'identite d'un utilisateur avant un paiement,Repondre a un client anglophone quand on ne parle pas anglais,Trier automatiquement les commandes recues par messagerie,A,100,20,Un chatbot ou agent conversationnel sert notamment a repondre automatiquement aux questions frequentes des clients.,"innovation,usages"
inn-0989,Innovation & IA,innovation-ia,facile,Quel terme correspond a cette definition : La capacite de stockage disponible sur un appareil ?,le traitement du langage naturel,un code QR,la synthese vocale,un espace disque,D,100,20,Il s'agit d'un espace disque.,"innovation,glossaire"
inn-0990,Innovation & IA,innovation-ia,facile,A quelle categorie d'outils appartient un agenda partage ?,La securite,La mesure,La creation,L'organisation,D,100,20,Un agenda partage appartient a cette categorie : l'organisation.,"innovation,outils"
inn-0991,Innovation & IA,innovation-ia,facile,Quel est le principal benefice de cette demarche : sauvegarder le fichier client contre la perte d'un telephone ?,Reduire le risque de piratage,Rassurer le client et augmenter les reservations,Retrouver ses donnees en cas d'incident,Servir une clientele plus large,C,100,20,Le gain principal : retrouver ses donnees en cas d'incident.,"innovation,usages"
inn-0992,Innovation & IA,innovation-ia,moyen,Dans quel domaine Tim Berners-Lee a-t-il ou a-t-elle laisse sa marque ?,Internet,L'electronique,Les telecommunications,L'intelligence artificielle,A,200,25,Tim Berners-Lee a marque ce domaine : Internet.,"innovation,histoire"
inn-0993,Innovation & IA,innovation-ia,facile,Quelle est la mission principale d'un specialiste du support client en ligne ?,Concevoir et reparer des circuits et appareils electroniques,Assister les utilisateurs a distance,Verifier le bon fonctionnement d'un programme avant sa mise en service,Reparer et entretenir les equipements informatiques,B,100,20,Un specialiste du support client en ligne : assister les utilisateurs a distance.,"innovation,metiers"
inn-0994,Innovation & IA,innovation-ia,moyen,Quel terme correspond a cette definition : Un code valable une seule fois pour valider une operation ?,un code a usage unique,un format de fichier,le e-commerce,une carte numerique,A,200,25,Il s'agit d'un code a usage unique.,"innovation,glossaire"
inn-0995,Innovation & IA,innovation-ia,challenge,Une petite entreprise veut comprendre pourquoi les visiteurs quittent un site sans acheter. Quelle solution numerique est la plus adaptee ?,Le paiement par mobile money,L'analyse du parcours utilisateur,Un systeme de recommandation,Un document partage en ligne,B,300,30,"Pour comprendre pourquoi les visiteurs quittent un site sans acheter, l'analyse du parcours utilisateur est la reponse la plus directe.","innovation,usages"
inn-0996,Innovation & IA,innovation-ia,facile,"Dans le monde numerique, que designe une newsletter ?",Un logiciel malveillant qui bloque les donnees et reclame une rancon,L'espace qui rassemble les produits selectionnes avant le paiement,Un petit element qui mesure le comportement des visiteurs d'un site,Un message d'information envoye regulierement a une liste d'abonnes,D,100,20,Une newsletter : un message d'information envoye regulierement a une liste d'abonnes.,"innovation,glossaire"
inn-0997,Innovation & IA,innovation-ia,challenge,Qui est a l'origine de cette avancee : l'expression intelligence artificielle ?,Yann LeCun,Vint Cerf,Steve Wozniak,John McCarthy,D,300,30,Il s'agit de John McCarthy.,"innovation,histoire"
inn-0998,Innovation & IA,innovation-ia,facile,Que faut-il faire dans cette situation : vous recevez un SMS annoncant que vous avez gagne un prix et demandant votre code secret ?,Creer un mot de passe different pour chaque service,Ne jamais communiquer son code et supprimer le message,Ne jamais publier ses coordonnees bancaires en ligne,Mettre en place une sauvegarde reguliere et automatique,B,100,20,Bonne pratique : ne jamais communiquer son code et supprimer le message.,"innovation,cybersecurite"
inn-0999,Innovation & IA,innovation-ia,challenge,Quel service correspond a cette activite : Le transport a la demande et la livraison ?,Yassir,Healthlane,Paystack,Wave,A,300,30,Yassir correspond a cette activite.,"innovation,afrique"
inn-1000,Innovation & IA,innovation-ia,moyen,Quel terme correspond a cette definition : Un procede qui authentifie un signataire sur un document numerique ?,une signature electronique,l'IA generative,la traduction automatique,le traitement du langage naturel,A,200,25,Il s'agit d'une signature electronique.,"innovation,glossaire"
